x_m,y_m,z_m,roll_deg,pitch_deg,yaw_deg,lying_worst_max_n,upright_max_n,condition
0.005478467492858172,-0.009208531449445188,-0.03672211808510443,-9.669447289429417,6.265404784005447,12.382667318331652,17.704496516301084,2.9037769706864114,7.541407701516015
0.004265431030687196,0.009179862439359938,0.00348999931723383,8.701448475755363,6.317071082430644,-14.917844994895557,21.67228270590666,3.106087097044017,8.993263747666942
0.014296171063502772,-0.018656576987781427,0.01837243571439553,-6.48688758794882,7.26357844699773,1.2438366074727512,22.161771030936773,3.39566789676391,9.458597487851259
-0.008011524378504609,-0.0030925111520936632,-0.03773442630836296,-7.514334470008722,3.412488293872606,4.415685347227502,17.584880174369218,2.2942552840531967,7.390683100943375
0.004615404459250155,-0.004652897829524662,0.03977679486313688,9.616706775524602,3.710839689613895,4.513778288034487,23.95043447668466,2.1522303864073993,10.193656803489267
0.007537869222837602,-0.004443143040835849,-0.029192279598207103,4.429766803881634,0.5070864495145173,-5.69274373323133,17.988042951759407,2.4189793183604453,7.579563376790172
-0.0005665856467284361,0.015579513373960008,0.03472348127649997,-2.8440960658185954,1.4305966145952187,-5.343918267721735,23.164747556873447,2.7462199343995897,9.851425013930475
0.0037720012079878705,-0.00648355097971467,-0.008670479957747099,7.805487040095848,-5.456848129332405,3.6956143405812725,19.967466604162762,2.27400293347605,8.442322818572148
-0.016639386256704608,0.01330576590613591,0.022967864599094674,-5.212611140140957,7.529684616214077,-13.24295895584417,22.997665897762747,3.9163711860793704,9.651344662781472
-0.006555317578173585,-0.013988821324206438,-0.00397285066805704,5.9264854057458844,-5.387155820125051,-13.439360968067712,20.430978163935343,3.3010104790206274,8.610833494304135
-0.0038179264071388705,-0.012059478219629787,-0.03273975635047025,1.6066477197370137,-4.026077343621548,5.15984633869078,17.678105234757243,2.977116537220894,7.452690580631243
-0.012019382241271468,0.017684524420259914,-0.010791186540413715,-7.8900944085954094,2.5821630307941845,12.814636592036024,19.73046721693705,4.035597590326828,8.375579188984293
-0.0023849138113686413,0.018183619747629488,-8.334904988235858e-06,-1.4954275030184903,2.4042690403075557,14.852895157059724,20.26727216772322,3.5370031930735304,8.633559706103835
0.017957746997510616,-0.0015981944276361564,0.020618307624663317,-0.051546090247621024,0.5862432039354086,8.573571021414224,22.04464032736115,3.4496579950966546,9.329091576476465
-0.003413766025773167,0.009379342871549175,0.016891430239179987,8.641193732267563,-7.701347334381897,6.870453512289281,22.635989130054295,2.6817994206527045,9.454895747696458
0.017096957144982394,0.018717047596985854,-0.03882349560277046,7.272801804911516,9.623900801326887,13.716305388328905,17.866910489351444,4.355217197700723,7.571245691616446
-0.014049439510700083,0.018905152552918202,0.031194844457641653,6.44747655086141,-0.40024152384335565,-8.028812410820885,23.25834312242456,3.7064156768571017,9.889334983700719
0.012075223148732318,0.016941206391338785,-0.018709578216616594,0.7786881524437383,-1.144943420509371,12.93051947943465,18.95486056156625,3.704031532804003,7.986082306642743
-0.018379571552462615,0.009280247826262432,0.009149859755919733,-9.432692697729578,4.384395456534806,-14.52024811429284,22.26218903588587,4.018291964239144,9.219141156146861
0.010318040094257123,0.0005103489304831219,0.0343283376637605,-8.678350065518504,6.826345592247666,-12.999299736986957,23.831875224892414,2.9524149586391486,10.05542061200843
-0.006227600847834993,-0.0027880507220866685,0.03728496646272562,1.2446368445691398,-4.822708136581355,-7.749728577169651,23.481465838256025,2.443716660199603,9.982948238832032
0.015524732826367193,-0.010965222863307025,-0.03003562353317732,-4.233384859848448,1.7224612962546555,1.6227150651980367,18.0303967273209,2.7659134687758193,7.610814575206543
0.012388431036511108,0.002419038080247432,-0.01692630284550316,-1.7420731463821468,6.3624194194182095,3.7951938725926055,19.013747366085056,2.8809680945432343,8.066740566022801
0.018363105707897686,-0.005223823556332765,0.004208920841702976,1.8784840322633656,6.9658241655012,-10.635793854404048,20.943039228094825,2.95887838280252,8.864214585956217
-0.003739586530074935,0.016398358466491878,-0.036554648914543665,6.45412560363004,-1.6923192525755066,9.894119558343082,18.016714202559612,3.281108600470283,7.471564224303458
-0.019601817567708322,-0.0053981536896691735,-0.03370959702674881,3.0522915267327697,-4.523018028008856,6.079562119793589,17.83177744951588,2.836206617672515,7.450955861821783
0.017752057077683635,-0.01492731590955009,0.029182263632061924,-8.81071696799323,-2.3845898337822113,-2.1067781646427015,23.416428457837167,3.2586546935712972,9.887427927760704
-0.00044601812666143076,0.01905849287744178,0.022055295048146267,-3.82285274561478,-4.603264289983997,10.893606125679533,22.39674202077799,3.2730859971672843,9.49583188602059
0.015252286909507595,0.00042826022174581244,-0.012456341523013982,9.898346963218355,-3.681129092645996,-9.518628632203127,19.70774906116425,3.088737877962081,8.38140353003228
0.015203924852162789,0.01249341592445016,0.013431152445708097,9.168272635559038,8.514291544288376,7.447455099052622,22.20855338496261,3.647745367406159,9.370347612308088
0.014428056381907108,-0.010114130387115701,-0.02870027544791747,3.40123698629872,4.292370733095055,-9.988412136531835,18.164297574325726,3.2090695456880645,7.636226993506262
-0.004177709075804961,0.01641023064864219,0.004912061404017835,1.566718298525453,-6.117404542184128,0.7806674585362554,20.984553836332847,2.8789818204100883,8.888685069621452
0.0009373890957967979,-0.016442574390149123,0.0385554154501365,1.427912009115488,-9.871822346713797,8.17947603676166,23.9941018011234,3.408708826181554,10.18237728536848
0.019130628553605828,0.00359480113283802,-0.0144254690973868,-6.249845685444302,3.4505326783373853,-9.14677804629585,19.237852181322722,3.5157385349432455,8.218939284728624
0.00310751570071437,0.004089567055185029,0.03699384744995048,-8.554694689402464,-0.0005435268276308136,7.322924378479449,23.742514827793553,2.316573184794723,10.065915385653364
-0.012910930381013649,-0.004477330728619231,-0.03496836012360229,4.517617275515535,-8.244642264810265,-3.1472487492609726,17.74428854117169,2.742887396318522,7.48579625561128
0.014940905244829283,-0.001107986529999539,0.033009754691270855,5.318342354777448,8.306479202235316,-11.17790972853281,23.675108002993294,2.9734836079788827,9.97344790614098
-0.01705748378677472,-0.01718694985723128,0.029508343547785552,2.6813995869488654,-0.06856612402294004,-10.093697514105592,22.705996340975194,3.242619014080134,9.70009026503944
0.006949337509090946,-0.007279304486168078,0.01687038906127559,-0.7928934226535045,0.1493972108905428,8.689971973796112,21.577697100561636,2.5498612291136107,9.178946453119774
-0.01629018097906477,0.0031503401329401014,-0.024221204216330516,6.162735036271364,-0.22307927741480071,14.660860001034589,18.896842590812742,3.530736012364838,7.873444779660014
-0.012682267012971251,0.01852076560497069,0.024073362928688717,-0.3747900684946277,6.270681283592708,3.0854671572334915,22.43513734455919,3.627224620052917,9.586971835418561
0.00620484255965521,0.016547630508295556,-0.03477836668709669,6.699764079168013,-2.363704400675224,-5.233631516978868,17.881046307051655,3.224175384523514,7.527388043812296
0.019761070848399374,0.011247620083055129,-0.0011571888976329783,-1.5474320715043746,7.550578117435922,-12.395553833553176,20.631067468003586,4.10410658279675,8.73476137441445
0.00833675027655464,0.011566184948205837,0.023935710377289178,-3.5542655052033645,5.932783654921092,-8.240146743730046,22.41581658941569,3.2118801774612087,9.561708931538622
-0.005507681980617237,-0.0033020755118248063,0.003312798690413163,-7.747726689188856,-1.8610439872138773,-14.990979296792313,20.994193277737434,2.6953856989078395,8.883889186361046
0.00977522905389596,0.014075036489370276,-0.0288854656703842,4.075715385335956,6.4220617678927745,14.454849686153814,18.16667834540864,3.5767262971427214,7.746805439149748
0.01375162249474907,-0.0030357405822394844,0.038375096680772526,9.479688097047102,0.0735395840115789,7.603396157517157,23.804774713932446,3.0532401743211492,10.1387436166873
0.016553506706926516,-0.000954117121249879,0.02910289928776679,4.031371321237456,-4.1215148805088475,8.029568099504207,22.794159408245143,3.323135295605955,9.747243471824566
0.0028273914343799646,-0.016246193862667752,-0.008689565895626868,-8.525179732043881,-0.47666073566008826,-2.143811755712285,19.922928958257305,3.1483318467055907,8.469317206326483
-0.0030505022811821055,0.003452014143631374,-0.030184747185914126,8.675378199136855,3.6810089615006607,9.71344075178315,18.14135643658968,2.5431528419835367,7.691984171686644
0.015872049290550392,0.0033328018769390386,-0.036782542327631944,4.229736482355159,1.3805170852671633,9.778716665111979,17.388852235592434,3.507707207576198,7.338019754483279
0.0012864189389737643,0.012529763814567694,0.03976082344579935,-2.988903772642237,-6.579571199586518,-3.249756016382916,23.69090393600292,2.59717032318766,10.125493312386208
0.010121999594627056,-0.00243084272566774,0.007070408754337183,-7.452830561566579,4.522470218679606,-6.597527944005016,21.229909734721513,2.4667560268284645,8.996607527601194
-0.012375297583839272,0.014517999943327784,0.005153025689647525,-0.31002115307499345,7.976475304969689,-12.419626918169921,21.08866332827735,3.5997228910226124,8.975379155247763
0.00784617801363571,-0.0068807084094159,-0.025967220001193517,3.495972999345579,-2.7435609827412772,-5.1031250251819245,18.271680266208126,2.6034717271601897,7.714087811021776
0.017747110609167515,-0.012028066372820554,0.000973892627018802,-9.519735986573014,-6.732638177260877,11.502562009006859,21.749138182076017,3.380295645193452,9.00480468113258
0.011569901930107051,0.002273419602159609,-0.022203728320691177,1.1549516524261279,-9.757069477727748,6.389808928137619,18.92062725212093,2.9463300751916828,8.007871276196955
0.008670027222549125,0.0058418009426541954,0.008907094742016099,-8.525671347509249,-5.071880618980488,2.231341442937957,21.672255265858915,2.596306567385274,9.092966189961462
-0.0042325293588440956,0.019680929143257798,0.033899628590014504,-6.95984194954926,1.7992118529906147,5.886453183103697,23.295691344671074,3.296442157819065,9.916795817362443
-0.014538263427964555,-0.007496174115953149,0.017273427754039547,8.022161868456731,-3.1651469958772953,-7.831688649261582,21.96083098644209,3.0103985249650766,9.35260697937075
0.012871680109208587,0.003399307209027133,-0.0018729262635383687,-4.876999571442154,-8.54683302703358,-14.463257373090743,20.86965552323841,3.4171961474369503,8.76398157845458
0.0031988072225637917,-0.012355589061597009,0.03804263827414563,-7.850455432277055,-0.9582242334578321,-3.1602060878712006,23.71212924168706,2.876603367469354,10.110742712554433
-0.01070754098857876,0.009950229000157403,0.01149638096642483,4.5151537010373985,-8.343828482070105,-4.417697529107848,21.691064289961353,3.015043656059579,9.189412570808962
0.0007933229733692697,-0.002931154250790359,-0.036750595050180385,-6.119450901984136,8.900492966092528,-10.122908257400454,17.94321956460766,2.508385078226998,7.486360331543801
0.014082093298511008,0.012885486362577605,-0.008696499433751365,-0.6643296031147301,6.480036152998384,5.4205897671063745,19.673703613937903,3.379888513373921,8.392618546315871
0.013477749457162836,0.01030386343328495,0.015301718355248371,8.259482120137562,6.456142661891775,-9.628119372510202,22.551038650031575,3.4690381469996048,9.390798911462447
0.009928971003249795,-0.01653274707541829,-0.005931500776478277,-2.064962256931495,-5.956638120490307,13.137153259079678,20.267451361387813,3.5566702963642816,8.560118970014901
-0.016208932865553322,-0.019804023400456977,-0.014166335706881732,9.81489436482444,-4.706097432231202,9.920827965531927,19.74252391256829,4.027577313102578,8.322425098453353
-0.013075454519181382,0.0034551341919351088,0.03667274681435136,4.330264691316142,9.610159503569726,2.236699472671191,23.96962547776279,2.822600061271513,10.14065735703773
0.019333388262136857,0.013481881268800153,0.022259858088154262,7.769797738230004,2.6298303452323335,-4.309063608702857,22.834972381426617,3.7692736910716618,9.589434455542314
0.001131297602279719,-0.010939984172705457,0.02220352991053643,-6.59842996770267,1.5439589797318138,1.0769678873734314,22.285870040484237,2.5951776002235767,9.503433940615947
0.0068761121391076215,0.010419463946610003,-0.03121376911488729,2.4988192333596704,-1.7208823506961437,3.4260430700386095,17.775621686938383,2.6775454859977867,7.510071649516383
0.0077593817258598125,0.0034191834304248755,0.018630886148697214,0.40050514409296056,-0.7426438174145655,-6.396934036543945,21.684903042961835,2.6386284958483808,9.231158236105903
-0.010833933200131738,0.007812084243672735,0.015656908224996616,-6.090349740468072,9.436748332222244,5.134523408681879,22.088484950804617,3.047375590450523,9.377042356648946
0.00124864492839305,0.0136470140617987,-0.001078365335747608,-0.48110259799346267,-4.834511998449262,-10.31593555827923,20.226230855270543,3.00001874836172,8.626110781000634
0.008464823155236698,0.013764438729561703,0.014223902247676723,-2.6235696660809964,1.5144418243810431,1.9023742102196977,21.42370482690687,2.871987529351552,9.108949622701532
0.017462643338971757,-0.004493031521772429,-0.026817387834719722,7.538657866580216,7.894569937737369,-13.552032149943141,18.997731942667986,3.029843567563211,7.871422500949005
-0.012071038766420706,0.0054513461439783945,0.02310761245078704,2.1338501348110093,-6.168216077468836,-11.470752742134028,22.332323760759554,3.319904639385266,9.53227810485461
0.00023890536260734105,0.01262041626636046,-0.022634625514229904,-8.497346102544327,1.020899915866094,-9.245485555942361,18.879877907661044,2.82318598746263,7.923741198980633
-0.017303051180629216,0.010930583921650729,0.025698128486233797,-2.0332889780352925,-4.118472796634311,-6.686373316891267,22.429931838148093,3.627226686508803,9.586327060946578
-0.005561142966865966,0.0030763057246504834,0.002225606248998188,-2.8930163765460737,2.748419584763628,5.273023258423798,20.452199387419025,2.444274339080189,8.70063614439069
0.002331157919001372,-0.004508203397925041,0.009912222555130745,1.8380556642822103,-3.193522852386672,-5.903969620072642,21.152184884718245,2.339467793620165,8.972363444237647
0.0018299551607714633,0.004493669560074031,0.008863875113744701,-2.343239822042902,1.3154781443251036,14.573089055892574,20.974393617635076,2.6040093991951845,8.92939355817523
-0.002879019238241933,0.013720588583599622,-0.03349410469544345,7.504565074039437,8.834123110597726,-7.144079524381882,18.556656718040212,2.6792947400987277,7.6888660997508245
-0.019515943373112292,-0.000679663462648028,-0.025383019387017765,9.432625085705357,7.953968702350966,13.819946577908151,19.076636024500914,3.562746337637468,8.048303223662852
0.00415478630963011,0.0006064146761056849,0.026617427950418472,3.0469793137804224,-5.028846472655097,13.028581147735864,22.68544397190924,2.640899137136314,9.648856425137204
-0.0024120220013787476,0.010942249132371962,7.503655907894341e-05,-6.3328751378974495,-4.081463059811734,2.2323230640845146,20.56280342887095,2.527715867539147,8.694842348346212
-0.01427991662942878,-0.019450485655340858,-0.0052887020520054825,5.243943437184393,2.2831454748577595,-5.275608725778719,20.054114809434214,3.278252389270915,8.531174457592515
0.00868963757181973,-0.0006194146756050671,0.03996010818056215,5.520633048895611,6.612628825435181,-7.213532815836656,24.060204541076747,2.4447224672212555,10.172344724495094
-0.013908201486047444,-0.012027843635719999,-0.005418802852298718,0.242982392418007,-6.107813045355311,8.398343129657448,19.97618916339427,3.2881168532359295,8.480337280967078
0.014737246176689183,-0.007359800569590368,0.0006451357405031985,1.8874920502551777,4.447563478622474,-10.575826366039308,20.48768068967317,3.0161017998950728,8.672515191333826
-0.008765157543873744,0.009228239834336113,0.005455385143410131,7.998915868778969,-1.0428327602251315,-2.801614648984561,21.09921553882331,2.784344248704556,8.93758110249126
-0.0077397112987719115,-0.010745097093810179,0.01206130678107186,-4.7062799635460895,7.245510412860948,-6.88054813043675,21.813231092250412,2.815247108705762,9.209774163073138
0.006934385249005911,0.0027273656760692794,0.010276703830312671,7.908335512636761,-6.600230970611745,-10.505533623736138,21.4785674319769,2.7837173051837825,9.180171684891103
-0.01512391114658775,-0.01694243916327132,0.0027384818882992545,-6.685376960954557,6.143358601869796,-14.321684083593597,21.602038027158986,3.626120543556232,9.003458384765226
-0.005015721130605692,-0.0010718411444572452,-0.022677735945854042,-2.8818756096541893,-5.544171289430957,-6.545156809958227,18.606170130251154,2.317376559779122,7.852586358402492
0.01707484242914366,-0.0033129853476069546,-0.0091308046991424,2.2234890486834846,3.282837134970112,4.808296347830542,19.558634442566305,3.168157770847279,8.288599744024426
-0.016609641311039446,0.003276103161387569,0.018873887991838048,5.9113673228689905,1.770685038787052,-11.082808252963263,22.124280411781037,3.605238570319613,9.389686379821466
-0.016650387044128842,-0.007077852275767285,0.034204704757277014,-0.5476494233303519,7.909478142952963,-1.2097514016892532,23.623985975564366,2.862174075643283,10.005286216752227
0.010204724262405082,-0.0005949129724143846,0.016696180914590707,-3.6564144666564076,7.797305272734075,-7.028757937902506,21.858726978628415,2.569992703087328,9.325644190149259
-0.019752926848628873,0.00884663144467368,0.014128357059566367,3.1380289985135423,3.7483000462665306,2.5879263305544953,21.567342153326795,3.5103050942360476,9.207197729075451
-0.015388841876859422,0.006768148895202053,-0.03947211809754362,-6.343142420905988,-1.5824318960930341,-3.6489185877403614,17.473858801495222,3.2224975201837323,7.292561450054148
-0.015241393503419296,-0.002921695838404504,0.009889379489867386,-2.4507313693513204,4.169989665734182,-8.07233713865169,21.464117574312688,3.1788511879520844,9.053933670424172
-0.014246989109163062,0.009955993779539457,0.013498250380964388,-1.4125861341047496,-7.264654303645739,4.910512179869315,21.549908221776736,3.3259326414748247,9.202002662685361
0.00999822999704857,-0.013442293871686961,0.01514413895441473,-2.8872582723642815,8.30237229779366,7.54619062825174,22.076076286351114,2.88972890424541,9.297809293860904
-0.009050753190664148,0.01752105278551216,-0.03798137951162924,-6.303519710432035,-5.1619405770573,6.962402501096527,17.497395022978523,3.5580701012194034,7.375112561827702
0.0010467212200648626,-0.0014249836842373485,-0.02219733289822532,5.129342207192224,-7.657871838968142,-7.5797633878543245,18.895304109762854,2.1310007735344687,7.963389342495232
0.012254412782999043,-0.001958101421356318,0.030145418927968716,2.033282084645121,5.790892939167641,-9.377901812126368,22.97593537491378,2.7111085868597504,9.760654534992387
-0.007351125292941329,-0.004931757927972695,-0.0004640635294372239,-0.5506595104493925,6.449323151649438,-9.804284042638722,20.44238809049964,2.599399204885193,8.692838570657138
0.014059436585186085,0.015561851765736389,-0.03395847715511219,-9.812192607576353,-4.144940543609296,-2.97765696715307,18.247150186685232,3.584878557115458,7.591645438243047
0.018817976269940282,-0.01714365611786069,0.022504421218264105,-0.4915009282454257,-7.402529504537307,-4.017590739880244,22.909249569408967,3.5927941611517196,9.634763581551868
-0.004763943716763572,-0.010257099987914168,-0.01645089939808962,-1.601623375948499,9.245227898295084,-1.2341829305525103,19.497897945607786,2.54790939198434,8.184078734848915
0.018005400484492697,-0.01877871713665778,-0.03471117931414244,-9.443681876054615,3.318892765247085,-8.393019266586144,17.92150285193356,3.877271424382927,7.639853335502526
0.00305680725172194,0.011814645424216983,-0.013454886507319703,-5.086450145818264,4.5081717428114985,-0.7230662010128892,19.358633062897166,2.5492336056460085,8.190509697134596
-0.014031594158027976,-0.016502195301212455,0.01897340009115365,7.208246697578495,7.807241565670257,0.30267022454111014,22.578688650604345,3.317097522761949,9.533558477484464
-0.013861817345414114,-0.01097370350886088,-0.0037180888783251917,7.037147472112274,3.003948376705374,-6.773791291400274,20.16455177440986,2.7955190597546165,8.601179414135006
0.010237545662287177,-0.002582392987175594,0.038621115615533226,-1.4254572503038947,6.743926978070924,-14.56375105916942,23.551087344128305,2.8127322651601574,10.098914596396385
0.008728850603726728,-0.004060862288603518,-7.925536081321988e-05,-6.023483992688423,8.590230274539778,-9.010649598564378,20.777299992218335,2.6282011684141726,8.779959933942738
0.0024634681630057373,0.0038938249430721245,0.02867547418396093,-0.6666692062878017,6.597825623218977,0.7168969268071397,22.78401258596451,1.9742501888120951,9.704455656733776
0.018253386376904757,0.008664313349290746,0.032968420878721226,8.847210646173089,6.0449231263611765,-11.328973602134798,24.06680350699169,3.7351750378834847,10.038862424602206
-0.015022856070626025,0.004649670011882049,-0.01830346537904273,-2.2969535154745513,-6.5234364675274525,7.86514989181163,18.85353692011603,3.2204129037671114,8.04299720477315
0.014179908145821884,-0.014687814917428472,0.0013467949411227753,-2.099741400048261,5.800306359615998,-1.0502309947356832,20.644274319598534,3.1668669735030073,8.731431259061457
0.009232361965926913,0.0026441550631762754,0.03825984912156382,-1.607338481041058,9.753417393201456,-2.5368425012059532,23.775550785923077,2.469579884538571,10.128011810294458
-0.012693253944367648,0.011283242417496401,-0.018262479811747296,1.315094616701117,2.9203015978265334,-9.009682255409704,18.923605126881615,3.404722621098888,8.002731631429187
-0.018623722572879017,0.019481333742398303,0.025391211446232513,-7.525894900810459,6.959388602463168,-7.256093947451731,23.282081181944314,3.9304540463365916,9.752321507341172
-0.010108610384466959,0.010904654015326497,0.020588960988569764,6.919146878640813,-7.266959842266825,7.427585256752568,22.843393424874826,3.204767620521298,9.554884021636427
-0.0012070450290717523,-0.006964663674904581,0.018744230203912596,6.902861619164028,-3.550784848736548,-10.355653300186141,21.921485140720815,2.6730381602010267,9.392729502695214
0.01966738873335552,0.016767599569515925,-0.01681270801471701,6.2882861599933015,-8.206135555672269,12.37637722360964,19.915468978344276,4.273237718959421,8.32715822989329
0.010986089410600152,-0.012125475409578939,-0.016345020240184062,1.9110970968199865,-2.8848467153721398,7.087014478423637,19.005074047451572,2.822646785316921,8.065664192423434
0.0036945147737597467,-0.011718853897280414,0.008808760790718052,-9.718818297021762,-7.765043693939115,-10.16376548680045,21.616607937352626,3.1150376468683003,9.194824738236218
-0.0058528915192234444,-0.019523610466359288,0.03439260189309427,-5.209820890554773,-4.587228991098864,-3.7307302288423756,23.37944589292709,3.299145050374887,9.96670414045395
0.017629548629137678,-0.005927226834078479,-0.005509371503632218,-4.0298545499510325,9.524900701035875,-4.05428325398249,20.16174123277294,2.699289798121612,8.576043305081155
-0.016658503160414728,0.006319295769563069,0.01732839365723811,-2.5551795160996216,-5.7722968910022505,-2.722456464492657,21.730049240382797,3.2680423228413793,9.306666335727536
-0.0024372715795054484,0.019811992135514444,0.028674826044334974,2.4181779683990268,-6.121641042634907,5.6374356416710185,23.13304446784063,3.190779573010571,9.778499010821234
0.010359960091282542,-0.01698445045222609,-0.009641078663827435,-3.4630440490838232,1.408626452229333,4.591596551048639,19.61252899109773,3.1035011433019757,8.324447550904004
-0.012744488464465548,-0.001213622555451429,0.039373430922871565,-9.682947215452518,-2.580127763419262,-4.9706260843108545,24.04158995782783,2.8517102323155887,10.208347450804203
-0.0037766791990980243,0.014767748620987262,-0.0049355969360420915,7.661560029919954,1.5107968606047724,-2.2614691519609984,20.367192422334334,2.6338700181275576,8.588089094926962
-0.009907876493690168,0.012944554212865219,0.011536041440261997,-5.755478602356813,-7.398590130898331,-11.237060140405411,21.456996850314376,3.2696490900138104,9.180768445619599
0.016362878513972206,-0.003864338496157669,0.025624623548876464,7.907241855195537,-5.473339044114316,-14.02282950556167,22.912665965542402,3.1601996144464306,9.75664739642623
-0.012786556538172688,0.010919148226444245,-0.03876694591030704,1.2826412003572045,-6.174664688239064,7.9998204714070305,17.591217822687028,3.43366284550135,7.328125853249946
-0.0008249721428218032,0.001963197563070687,-0.01652733944797732,-0.8684299260372548,-9.085747941084035,9.285589412097607,19.14548060913852,2.2183053624705025,8.158422496287354
0.01629995693504536,0.010105900788734655,-0.00035021820417188015,6.875686988880535,-9.923582484016862,4.978722209646325,21.103116495447345,3.449307314930661,8.892596987866664
0.010695436692622007,-0.006933750512309196,0.028525735275518237,-9.99619996785313,2.6424042287727474,-5.9692805705815335,23.14696270715363,2.7194826582733764,9.830668339561877
0.005145116950406096,-0.009945653617988267,-0.0232176103930441,2.523207736110699,-0.061303587676402316,-9.381579350729044,18.38752160037153,3.009620703501824,7.766920039676647
0.015446997196492045,0.015295466479494386,0.003965472402358741,4.12192055074118,-0.9722652989292779,9.043300931126037,20.874991330860734,3.7508292661890574,8.847612129341552
0.013354249851240976,0.010566387971354695,-0.020548092857483866,-9.510230796040338,3.165061565826214,-2.6622691654971575,18.96404179295402,3.239685580475382,8.040128596742695
0.01577043380455619,0.014393901101868351,0.0027001675196190456,-2.4511169868897493,4.259790818507108,6.281090865372121,20.5749061394236,3.579036950921605,8.76979285266406
0.007291315725520574,0.013696962173613426,0.006185486819586139,0.3208695968041049,0.338162672148032,11.669419740580395,20.767060791742995,3.1591351820419353,8.816209251549182
-0.005329954662894876,0.013676634392416193,0.00039116510065434484,-8.293220984613466,-1.0203602537480734,-6.264108070623809,20.690906793760888,2.6802137257956993,8.739698704151893
0.001115401786553609,0.014132394213415788,-0.025643557822363414,-0.4955075141595273,1.6500450347038225,8.094609345024573,18.0875319475033,2.775612251895762,7.669964849752818
0.017639078500054983,0.00202431524940307,0.033729441508990314,-3.26882075308919,5.2863954263532005,7.911763749532032,23.142013633057736,3.474781308156869,9.907599179636554
0.002051159230851099,-0.013048451250900359,-0.009103656347177996,-4.182997635215466,9.33757238530169,4.338673829263826,20.16166506718667,2.8533491011521446,8.462979855311183
0.016361513470479667,-0.008153609214624508,-0.0056847953131369255,1.3474465139712581,-2.9054363321938137,-1.305011185381538,19.996427628443588,2.6991126426764462,8.45742645797876
0.0039722822880452376,-0.018868561025976907,-0.012815107608226031,-9.995566005794036,-0.3492475599665408,3.2400199524132063,19.866325365362684,3.3268170806433366,8.383778907075842
-0.016280381597373297,-0.010316223914208132,0.0243193456847211,6.805631196991953,-2.245334914592707,9.426711916236805,22.663620427980206,3.219038550470186,9.592504350274911
-0.00891438987871429,0.008244328892539267,0.003636529892569157,-1.1980184219467525,3.1288455234755315,-14.598279627084302,20.837308493944743,3.277847722658331,8.786705591521345
-0.013502262291665788,-0.008247061424481741,0.014445008781567854,4.124706267227484,3.615216483720534,8.028513196912272,21.76989525604601,2.9550271804240666,9.221325102978907
-0.016817937559450616,-0.01576444366338581,0.028428092820969107,-2.863244940777312,1.3674258096701948,0.10508417200242626,22.810454592405467,3.2423483349942215,9.70959485413051
0.0050665028535049825,-0.01692213155088191,0.02158321810931315,-7.531953436736927,3.6274892366807023,-2.9357370254786765,22.481928776104652,3.2967341664338434,9.54052305955515
-0.00030953455751446535,0.006867749374429782,-0.010319779944349055,-9.079250572970556,9.28423103443211,0.6803069822374788,20.106870212113698,2.107377587041933,8.456505961861044
0.009685785642434434,0.0012517933489669016,0.025574952213597783,1.292323581754518,-7.544862432256081,4.257196939674159,22.67514947007106,2.666769485734331,9.647606706969777
-0.01309037322252063,0.012946165400665104,0.01448492803782523,8.796172762862152,2.5816157908302095,-8.24510707635687,22.191564879396932,3.4869527614522786,9.33350167164274
0.002285501833011322,0.01087089107839588,0.016951063802006103,-3.1540658799702985,3.107023012076084,13.05807183903223,21.60903168858131,2.752989898289027,9.254018065544278
0.007392401723981416,-0.005307943909901249,0.03286066643067428,6.552483854563455,7.103675205343354,-11.794758699200951,23.593827553048786,2.7544095400574937,9.955876779707635
-0.00836684665437248,0.011605112106408095,-0.018015400329225262,-8.525881288842879,3.6653202494517174,8.97809869437117,19.196962884121493,3.2800217118485007,8.112389467862107
0.005670712325614585,-0.006206266542999819,0.004781865517403894,-9.569600971050791,1.253233115061164,10.704035241452342,21.254525367797342,2.6180029254763935,8.972735451172031
-0.0168778705994172,-0.00466722413808672,-0.02681090259788107,-2.3998420673348697,-9.739846532502295,9.832887594934363,18.357126565513337,2.8799564123182684,7.813289381764368
-0.00015026758634928417,-0.00256327737750885,0.0081435772509161,7.000564085098009,-4.174785503512246,-6.974490827841615,21.13650113321684,2.167265915289958,9.011880360894875
-0.01802023169151353,-0.009344036250668366,-0.03470305214361897,-9.168830256522254,1.0546112442073419,-9.484953377893362,18.474183787384423,3.3371440002719437,7.6362166373357585
-0.017029691117383144,0.016668589656533606,-0.028101288602350137,-8.103384185520643,9.413561166544053,5.0090089170490835,18.756491004750835,3.9408992489527086,7.8751943295150975
0.009030161666793247,0.0025281598328078213,-0.03436882287038566,6.83754480825089,-1.6394199158948446,-3.225965268714786,17.716888958444173,2.5341324202395032,7.468260297088321
-0.01458763023982443,-0.015471204566748779,0.0017796746328238716,1.3748717913822528,0.37371085492158507,3.3937403386264293,20.54952018585145,3.3427749688374537,8.685915416002299
0.015105738523497603,0.00016819379778215335,-0.009668185704010516,-4.868545948391445,-3.8630671509015047,1.8242116007710258,19.936694902542964,2.9589671093126304,8.369335655445289
0.01181489364665456,-0.0023551588027184156,-0.03673901381531085,-6.236909925144596,-8.186955331500824,-4.999697579106652,17.822527625869327,2.5953893254627585,7.501476714361515
0.007375066322837704,0.0036285892761947908,0.012970207196659256,-0.9080973815908173,-7.80438926097786,-6.112321348819714,21.782317735664602,2.649970636070858,9.1947971001261
0.00043841915685800814,-0.00011340139709385688,-0.020507088969364852,6.50603116333717,-1.3337332802591995,10.363683754820407,18.93637778369288,2.2331516119334838,7.957008593260172
-0.00938029478673954,0.0176775834349252,-0.031051412287901987,5.383649810295113,-9.596270939805613,-7.910380093754669,18.40939521287911,3.3407090837022886,7.7600713380395305
0.014822132172407732,-0.005995800007548513,0.03459835944470289,8.588340012457135,6.003851537870105,-3.116836523255529,23.734759266238743,2.5611248497998815,10.017569123267624
0.014330740137439093,-0.0017158265228472275,-0.029906224393149775,7.039167378383567,6.324934088437917,-10.93303678643087,18.583416620803533,2.897742632443796,7.705756195116023
0.014661060679138315,0.0007585221241500489,0.019487260680974082,-4.636479584006812,-5.690770323567007,10.449384447230344,22.51133189777535,3.334664360850889,9.460519116158874
0.004008551922343888,-0.01409178137565394,-0.010730393099863466,7.180716364429241,-0.6343283657170691,-4.894413131628198,19.49232616759268,3.108994348288788,8.314880985847969
-0.006361845404638765,0.012985768089358706,-0.0036560777968168076,8.967070054694524,-3.755996981968533,7.694409875072559,20.85732451885155,3.123701610749531,8.690183173612416
-0.00857178029237255,0.010713552079032716,-0.03859216188181561,-7.403580368768328,-4.814861869409421,11.10275893894308,17.56815500303766,3.34443984117118,7.37163072647309
-0.007100064946136287,-0.0006589783519673556,-0.0314364383964209,1.3335657203933735,-8.080109321132332,-10.751929865306295,18.16326217525201,2.725451791264861,7.6044671245109425
0.012038895807643047,-0.010243588550295547,-0.03509970311268162,2.0364976047055343,-7.069996879586402,-13.415498287686013,18.284396247969177,3.357012427711489,7.555181193624658
0.01322209266115262,-0.004112687161833585,0.029238006085739003,4.880629361057787,-5.980719400201022,-12.455661123420214,23.22634212567077,2.887179642237455,9.823835696855951
-0.013145709903721063,-0.00021679342131293577,-0.011380148834192107,6.639640863381267,-0.615183138928483,1.6424910133146788,19.63394719056065,2.6511528888886757,8.27746873177014
-0.004501910221703929,0.010196013534599792,0.015115183302893923,3.715446681504469,5.431887768047758,-3.04181613848683,21.820037193359745,2.4510155390644575,9.249493690249333
-0.015236566350409514,0.012717337765930193,-0.012358201155114122,3.8352523211291594,9.769318187491344,6.0528520633435505,19.950346292598237,3.6325286932063166,8.418389994618963
0.016267429245250226,-0.01946580205462048,0.008297397588273608,-8.053546156236317,7.45009261648881,13.807432590938557,21.54625212839394,3.571228084194638,9.191029068741871
-0.018633856898572682,-0.014669545985243677,0.02662088281195165,3.737728539792336,9.633155531720185,7.695275845573047,23.606618696114055,3.5966848172275174,9.859142852984483
0.0037676029809826928,0.0015697301482623487,-0.03921061122339876,5.676294084325891,-2.319964271846249,-11.80040401454692,17.301729563682485,2.5750414657662164,7.290435937398372
0.0018733918845096238,-0.005201490395530004,0.00846863639619902,-9.666557465555192,-6.700477768497595,1.1949278945570612,21.72848032574683,2.2107272439858434,9.126845936068593
0.004396296648959009,-0.01671143362908699,0.010910230035595339,6.824422967342208,-4.264327481761374,0.6399233592063247,21.431451176294694,3.080819836334265,9.127381235022371
0.016244770996925912,0.00811838740983067,-0.023462213763322658,9.329853499970074,-3.158499120752394,9.726073224867882,19.121972045381597,3.6826951426349006,7.991952538108979
-0.00189930097106027,0.011590702488139783,0.03367381393045992,8.054466678232231,6.092049213085346,-5.31083007299689,23.847478755838583,2.431169399983095,10.020298516003342
0.016505186578551986,-0.013866409036316783,-0.01918440187018571,2.927064481431483,4.963622404838983,-13.489911504133755,18.958162244414964,3.723907881373485,8.007327971651602
-0.009245433119112398,-0.005238671453609057,0.027779721948873577,-9.961652849444597,7.799911602840982,-4.958083245951169,23.601095080368687,2.537197099801037,9.875744823835579
0.00466294214971371,0.017430431489133928,-0.03507211640820858,0.9050690893848135,-5.5556501590054275,6.067424580392085,17.714184750400484,2.8126145927550894,7.462457460104869
0.01271273318764991,-0.01015002224317894,0.028791565701555562,-6.451730589370972,-0.39855461674980575,-11.06152166403642,22.814146547702393,3.2319169004987045,9.767973231375763
-0.00769933171131747,-0.005034924482487005,0.015621353203247021,-3.6629976159765665,0.5931065029676468,4.539606393822574,21.543051788601456,2.4308741781426084,9.188815825431421
0.011429412892729255,-0.008258462831360282,-0.03549204487516448,-5.25895846251585,0.9189395427668696,11.330317732928297,17.7993335698897,2.897105813742377,7.446995519894912
0.0063017947566988974,0.00429115241874484,-0.03745820599452866,-0.03926361607970108,-3.3819640387296808,-4.577507200507732,17.19283355468084,2.5453720405929867,7.2706784694149125
0.018375521820072512,-0.013461303801204784,-0.032930582579319474,-3.898216786473478,2.853966845746875,-6.911742456504431,17.65580019508494,3.4054636665601388,7.523811330601189
0.008232834416798503,0.007803674782202504,-0.004944473915015617,6.693985856138969,-3.524329157611281,3.6958138071172186,20.288476694476145,2.733241998024037,8.55442565352491
0.001600918896452922,-0.01713223509315181,-0.012221938474272998,1.2627710496819855,9.521148894753047,8.509549406172823,20.17830841096011,3.3964807617512327,8.368593411271247
-0.000763720155571114,-0.012141181097202268,-0.018403002391285474,-9.151519561625411,1.6316162422296756,-2.2730931939713894,19.26242015502024,2.802566102035205,8.125864672493732
0.006341709891364799,0.0012585013246843683,-0.006657268944914058,-2.9594805008570058,-9.187555069581903,14.489012117365466,20.304174357013743,2.901757803509626,8.56768365776386
-0.016992108460545392,-0.01898135640691169,-0.022775766559515517,-7.27627506665113,5.888656742444532,-10.451110066180364,19.5674055020444,3.6085969214528544,8.120877396003078
-0.006401997321143016,-0.019470064760659444,0.034525527016510495,-3.579192108709874,6.8575682540789735,13.85804524038275,23.876134589965655,3.977693776217911,10.04628450268605
0.009098080832719235,-0.009570325829851645,-0.0006283620210753293,5.653038780309526,3.972923141018194,9.827150946924071,20.384903960128735,2.719169208591441,8.67247085977429
0.0017829697088720224,0.006300104205990146,-0.010944302075796618,-6.171874255058036,3.9448053154784013,-14.91352976838593,19.87423114326365,2.839783747625631,8.339189179544691
0.0113552376519758,-0.01971067118407722,0.009344073650529035,1.8922770132134659,-7.889751584024786,2.7660687539996864,21.710235948227364,3.3555074313465165,9.137744681319054
0.010313882530933915,0.0014396783286676033,0.013820844049259068,4.173434254110006,-5.8818023522905545,12.798495192399315,21.7554551492408,3.133207337738595,9.237168599132573
-0.0068983420383511036,0.003348078243721183,-0.03174536893481702,9.928100340782596,3.0828221708476278,-1.1464309959544767,18.214092683996693,2.4176329306485793,7.646333952455762
0.002644789851645856,-0.018912467108292978,-0.020793628314913076,9.493781131675835,-8.37936959941759,-10.748973178629184,19.54443576435089,3.7702913966311646,8.16706077640514
0.002923090446708798,0.010958885013644809,0.028229852822737718,7.224565656844366,5.204443128097466,-4.570267927598367,23.2650234355874,2.652270535585524,9.785579411895958
0.003263246156198961,0.012524924737626095,-0.02889233267884233,-8.371588536906678,-0.8282960830997013,-5.689789907143318,18.152572343109963,2.8429779851712413,7.68247979205873
-0.01985061079894471,0.000674540707569761,-0.010161777886233098,7.662690886839734,-3.3164794860218905,4.880131907443776,20.061856000682248,3.1079539880568965,8.381112336234585
0.002723135217132966,-0.008013335594473618,-0.002591035485920025,-2.6468007842901153,-5.248279000508416,-12.356323862720952,20.48825784590671,2.9381996311105736,8.61019097020832
-0.017915146967486032,-0.011091875107514594,-0.03333445719081362,-6.98737509568927,-7.501602290169904,-3.801033592956937,17.937388955617564,2.9671702403357334,7.615846157110203
-0.010473045959642912,-0.01982364534710228,-0.03736703058245309,9.80107230710215,-5.097110329097543,-13.77517195821411,17.81476541691238,3.7366383531923892,7.51012385065849
0.005040391592324528,0.0020656418956204493,-0.008891878462654716,4.666636673510659,8.739658031103893,-3.1093424281550117,20.00313467946364,2.181655594187101,8.444849542166033
-0.004986966923383957,0.0005673339156231152,-0.021241912022028773,-6.520521783190927,-2.226379677692525,5.310570822659006,18.738970721218408,2.261060726990941,7.924277304716103
-0.019409199803221994,-0.014464190092954228,0.024648649709646676,-3.3570941672046795,1.183118284517322,-13.335189435844358,22.832676109343737,3.481887875774525,9.628683371490007
0.002030940401340744,-0.018890476265645183,-0.02341932510308543,-1.0420640292210397,0.4762460300499214,-11.240748315108377,18.578806753638226,3.787597059473212,7.780025882088177
-0.0016385320842862046,0.011219340061286161,0.016462993242583754,-2.6184071161377194,-0.07710637413626209,8.970083777712922,21.577404314622143,2.8143562900674466,9.18030548668043
-0.009472957496941966,-0.014391180864637754,0.0375205777880746,7.460146968214282,7.483756949247812,-0.6848321552551013,23.93621496088674,2.99709533549149,10.165696117296177
-0.018585916472461578,0.009718540330925545,0.023212628678631046,9.302615772238994,-9.284388812756843,9.384349748910399,23.486924978668707,3.709314230678374,9.756461380588087
-0.006528075131766174,0.006663588550464745,0.03204482368449361,-4.9676379064000304,9.868564391631384,-13.864539257613792,23.62014706677772,3.0038989167505785,9.987804887881508
-0.01541137657082468,-0.0007728903552369562,0.017516065323453373,8.529878646025704,6.945428951001556,14.115400247728942,22.35437929786722,3.28896624186899,9.50575405112937
-0.0023456544230125165,-0.0037473843195057997,0.007156007383556498,3.838979540228113,8.057623103489618,2.76070277305573,21.31121558678926,2.1262249492034804,9.00172006481112
0.016238717983283423,-0.0033728653661115222,0.021708674803829243,9.961349134660228,-8.424605905436337,6.217321108314156,22.954869556606997,3.126868180818774,9.680384012204915
0.016126394355302606,0.0157796361738723,0.02982068724051295,-4.425056866367447,-1.873981903387703,0.24290088526270992,23.063986856456754,3.542777149897839,9.740602932771012
0.01878691250327842,-0.00937749717199278,0.012839688067322719,5.195582829119827,-7.0662353618086655,11.11031389563356,21.71970982252713,3.407278674443758,9.276777472889323
0.00020916091317431384,0.01825183505955069,0.031175292583711635,8.94877943729751,-6.343641098740829,10.039472009176915,24.003012729498,3.145252736555723,10.012713828562728
0.014512773924646599,0.017891132533881676,0.0119637633063076,-2.6293587435153443,1.7378417329339122,-10.263537128252779,21.411184634701424,4.056459455102262,9.080845472488708
0.01984744702319006,0.008888799573079767,-0.012835463232901096,8.377494324687351,4.247817495461115,-5.006263681202135,20.0796790034226,3.565627532811325,8.345455746887056
0.017175380218332415,-0.0070263250619717835,-0.014403118123977095,-9.405506082215766,4.018161857332604,-11.759952691494494,19.615880796219916,3.1084054594480928,8.320563007011241
-0.01805311013444962,0.00624271025129787,0.03746841655125307,-8.716474190255106,5.196935342843691,-8.140185238600743,24.340182388634027,3.6221713901394352,10.183766450127164
0.01444932195223127,-0.01951422857118295,-0.02446805991187888,9.502905420933729,1.5078094966737936,-11.048426443530436,18.755071784163466,4.04278255130532,7.939366949307125
-0.019811225713599827,-0.0036387114231026287,-0.005245884684480867,0.6560679289516358,3.6159582474002168,-10.380745854960615,20.133775981600905,3.62484406416628,8.511030274974654
-0.007265491473172979,-0.017880571139227946,0.039720309234185965,-1.5229937725987384,3.569702221081032,-6.442103578485165,23.684369136178336,3.3264884924425204,10.100660819973543
-0.014311284920397554,-0.012258617837309728,-0.03878477252751919,3.7655720226306286,9.79379083330791,-12.25197188708675,17.69346441846514,3.093417594746189,7.494233474234986
-0.013390400381032048,0.012067873035240376,0.0109111170590045,8.95599622404196,-2.7057586891169283,-2.158129118123002,21.77280789133739,3.2106077297219175,9.185370145739135
-0.008543898991239182,0.01217556772687486,-0.024998694810221454,-2.403982261129503,3.1879607492468853,12.401524142704066,18.244238931945002,3.4832635944791126,7.7531432615506795
0.012513184650090107,-0.01660149536508394,0.029126359558455585,5.826513314128565,-0.5853126505909358,1.6132977664228179,22.69049411686519,3.16657848295553,9.73309984122632
-0.002271470493493015,-0.017781506867371122,-0.014377446119217117,8.26169050363568,1.9727657612427727,-12.054543234708701,19.392254892741366,3.6470124720544743,8.246548053332164
0.0020576362495708933,0.004737245519798955,0.02489909039021191,1.6317152463797093,-5.9731240709681455,14.097853153834627,22.553460162947466,2.634155144621131,9.602536181615548
-0.00814940443120555,0.009014557331609215,0.01501803574770863,8.465534964999645,5.300536852295743,-3.368851176097527,22.197910245639115,2.741354128165491,9.340498551170898
-0.018079303063283852,0.006253512273463824,-0.0390491727976652,-8.95194177842026,-9.53677520453699,2.1939144770102885,17.598659500998785,3.2849766304747208,7.452391156661232
0.011497700458398211,-0.017189917633373332,-0.014456280699190156,-2.416409900800538,7.988627650806663,4.3900823737553445,19.654226697304622,3.0861658233911546,8.227882771191418
-0.0038099600775315205,0.016880350350289317,0.01497049664658754,3.444929377243879,4.241865539412375,1.254836633667498,21.779135035246725,2.908252612194355,9.242589805168208
-0.0013000587051614117,0.01889966493098676,0.005746161207139826,-1.876047452206361,-8.128479389345596,-9.232219595981089,21.04942233471892,3.0664909847653363,8.962137012649816
0.019331583394325256,0.01846818308309343,-0.03976190904791973,-8.444096904718315,3.5778092927015166,-8.45950151150998,17.403191883586068,4.362872505580147,7.385695219233686
0.006546120743559279,-0.01160712007776786,-0.008252587878448299,-3.482276101071742,-5.070327018249796,8.253432702554782,19.978294826356574,2.9546407151680683,8.42168743577579
-0.007847446911455305,0.016586206093021267,-0.024902335311962488,7.898722176720575,-6.930228942064909,-6.121664202723251,18.965255473028478,3.11979668460206,7.962393877426169
0.01934811766425663,-0.018107282384420297,0.02706355922047527,-6.726332103307344,0.3819149358109293,13.74599939771364,23.301088366505958,3.5135699400959197,9.80632160181758
-0.01524280417277344,-0.004923859527998946,0.0006543971503769272,3.0446502725826647,-3.2752379609402666,-7.537596975597092,20.335521748455204,3.1092990157725113,8.654172865754738
0.016312812352857153,-0.019677275683397683,0.03849785348455604,-7.013920550333714,-5.37939666331545,6.948937056139872,24.3485351808287,3.4240724483182507,10.24614228310809
0.010122447807794113,0.0005207644114697228,-0.03827620043061146,-5.546793509445744,-5.84027309237489,11.769518719185967,17.89563182811277,3.045502869887303,7.405807345430549
-0.0016466112049022368,0.010697722062837783,0.03249885022404502,-2.1369794587535935,8.477688282651922,5.4124329375733,23.322516916314658,2.6290169843623725,9.906200758074272
0.00419439739106996,-0.0019727484198544393,-0.004631080210340456,-3.52026771268219,-4.421929707709465,-0.44567067066661004,20.032897662087354,1.9410117075894613,8.49301587296399
-0.003693580290439546,-0.009507312957469836,-0.03410191521480468,9.465385801300986,1.4546291232303314,-4.92098949708093,17.81036797750089,2.5850785520535955,7.520200079488347
0.013612312584482571,-0.0005180925934930546,0.0268677348811995,-6.704667782043881,-7.088053198646371,-7.9421531489208235,22.927249973444056,2.8982449671731763,9.765842243656815
0.014409098222708607,0.010584805222920685,-0.013756732260593828,8.67070846731163,7.207084128354342,-3.357584122333469,20.116172084217677,3.251749701913218,8.354794474837856
0.003994289294988292,0.019393312161224908,0.016503906630016496,-6.045188581141243,1.9726033902947258,11.737532271368472,21.881488129364254,3.04421720039842,9.289125576218007
0.0012930939589882555,-0.0013049800836289378,0.01963151924375081,-0.9191154410160873,2.662871290684002,-14.789195593057178,21.891115656279997,2.5116510993542063,9.321976262535024
0.010512439251340037,0.018441172421667974,0.027617746375630615,6.334227792646107,-0.528246678355833,7.060785498227467,22.995225606972152,3.363015361905178,9.749736965165793
-0.0004336358621827713,-0.01545830208084185,-0.03731717688406667,-3.0360804616753523,6.732609154560194,-0.8950498421005122,17.66303557727026,3.0347416047347977,7.3939977545524105
-0.015559052574870568,-0.018657788023348665,0.002228675596565158,-5.0318170619787495,2.774364383236456,-6.12813838754659,21.043030204724946,3.2847249510353347,8.859589248690767
-0.002256249984906075,-0.014344381677328868,-0.007534276465632719,1.3725745496350967,0.6094252572324326,-11.934809219492932,19.694958785899836,3.369508492936637,8.319562858732258
0.014401621102217151,0.008555144137911551,-0.028093495240895362,-7.794946977273187,-6.5327158750384,-2.6927042112833934,18.650933966272802,3.216278752853535,7.794814171637654
-0.010206735272501209,-0.010853957269575583,0.01021185219483449,-7.611817388757133,-5.7397969106191375,12.433481907114345,21.727106574830295,3.3541486659182813,9.164493997250847
-0.015292078569330906,-0.011089064161943156,0.03267962212793294,5.621267198902991,-1.0346285788797083,14.086421066904407,23.268469800062636,3.49795135511488,9.884072137107191
-0.0069228704237456334,0.003748190258079674,-0.02373061315624721,-0.8154203422985837,-5.0939276514354965,6.622854871439099,18.320830929078607,2.6014242334951283,7.7914067482726574
-0.012631906755679271,0.015440035667560813,0.031755171359194166,5.371207922123489,7.718629557829143,-5.928488150336147,23.594803463652376,3.3580676795308793,9.965452604542975
-0.017928404618405093,0.016332567702109394,0.006149643762021914,-9.12109139419605,5.518766978672014,-5.354548536850652,21.761007519635715,3.714104621612975,9.062248623767701
0.018080295822794346,0.01938459906598609,0.008211277314775424,8.156761890138572,-2.8591368924431793,-6.7603953156150105,21.55380647020469,4.141133231677715,9.141617610683994
0.009206880934016112,0.0023541883400681266,-0.038024222650782,-3.025420372197787,-9.827275816693977,-5.728467504391631,17.837335149434036,2.72499268684995,7.439468864595906
-0.001292416891639666,-0.0055219336210161705,0.0019314755059107805,-9.410491226216752,8.978302640334036,-8.666696438385486,21.44716491384176,2.6270924959477893,8.945415025105293
-0.016635061427921358,0.004242325944417747,0.0136837659313939,-3.582434977819931,8.309109201933474,-10.36416008179647,22.055673623337142,3.563663491150003,9.30200185469046
-0.01311987187087214,0.013745357961673896,-0.004069307202173439,1.1956591861320938,5.35579060570495,-0.7344686560806988,20.056025618274518,3.2232218247918203,8.556712457432358
0.015618293561215999,-0.011043916642120198,-0.0008363863806341923,-6.601879894718612,-5.241419996821783,3.4016622726040886,20.93489600501422,2.8271412234652717,8.783370918262234
0.004079937550854788,-0.004747684469513515,-0.039267833575790646,-1.033547828399449,-4.605572525810939,14.858392607639228,17.321427200546584,2.7518702560219395,7.275751865896625
0.0031384193399110576,0.015427160490600483,0.015300185576339422,-8.17150935667678,-0.18608531345307533,13.491194470888853,22.058876066862307,2.9664760841727102,9.2994955219644
0.0012545654450167865,-0.014344582228735466,0.02099834739418876,5.560147872301632,4.6907368064885056,4.821517829276502,22.29140831081519,3.0239598385402138,9.462950711884798
0.014035483317503861,-0.002787249995188982,-0.012773836597022178,7.9122319539800685,-8.28487815087379,14.073356011861929,20.011641471076633,3.3637723894566944,8.422168264272097
-0.012863752760008134,-0.006627378040688256,0.024148837455965556,-7.50167549007815,-2.542194896619476,4.4645979539103635,22.49307922354682,2.6539703234915577,9.607421432962049
-0.006776484904085143,0.0137991478077269,-0.016447755197622288,1.7965630058829891,-2.9474838070156695,-11.710136917237367,18.930484787069425,3.1480265448534115,8.06778883016337
-0.008862897478510727,0.01264645883049503,-0.014644566526585877,-3.093840486822317,7.771284664119051,12.47267941030874,19.558357208879706,3.541899389390924,8.24072888615073
0.002961558556033906,-0.015583999296819872,-0.019263152371274305,5.8301074652431435,-2.415401399135215,12.846335277819904,18.83389365526176,3.502353430528228,8.018209661769719
-0.004832708901110054,0.019481322867965157,0.012444777335336783,-4.424903465174195,0.9438950975437521,9.010015459331537,21.33589906381355,3.4762047909371288,9.08921873851875
-0.0100724725642112,-0.008190669017514338,-0.006686789637235631,-2.7426370584176185,8.789490934629612,4.414978092805228,20.395618633639693,2.716339675667523,8.552756878180839
0.003594041515261843,0.01786977546940625,-0.007843083189713392,3.723984336605195,-6.628999044400743,10.016315977415015,20.31744195327787,2.9373271030758143,8.51437001710373
-0.006874156327516813,-0.0008757895443091031,-0.03780343334159461,-7.062469127495737,6.287370034209186,5.273383728738363,17.614098508181478,2.350796888010636,7.410815223336116
-0.019802932467643582,0.01047011616423775,0.010144942561442986,8.959729026196527,8.608915728278895,-2.346483649488073,22.075889846865046,3.6139308885916237,9.286594290576584
-0.015554374255685306,-0.003219173184268554,-0.00825465548110324,0.00044253463755516975,-5.014538248671096,-5.213065712373069,19.69720285890019,3.061262567934244,8.347455810087002
-0.017438928773250106,0.010096349145078825,-0.01765219349660069,3.616465102845707,-4.465433972011841,10.240858248632652,19.485778516817227,3.764762810011702,8.096582690291843
-0.010470167249300832,-0.015175862528565039,0.022480526511195448,-5.438194955957072,-6.508698637854192,2.1286558130265902,22.419664819181317,3.209608332491181,9.554491923867538
-0.01750131684547431,0.002340546179883784,-0.038530743157891345,-1.4321249494870454,-1.6942199461174727,-12.436790191804072,17.436617353983713,3.71070678951927,7.261884788999521
-0.016717201305935313,0.003481773790184276,-0.03967041374445537,4.63442190521895,-2.6288566769895265,-7.1152288808421815,17.26096810603689,3.45732478736056,7.247362299446207
0.018041718485103452,-0.01910514405098267,0.01015714975977499,-9.642672951847306,-2.3599481315639075,-5.6232274221073535,21.901157625445894,3.743928069692452,9.255638749945742
-0.016786320205085997,0.011327591608651839,0.005748738599785384,-8.453273081010572,9.543391261629314,-11.677761632336566,21.955282721132434,3.798088961860227,9.132274837968982
-0.00031686272067537116,-0.018779616100393564,-0.007534362383650628,-0.1684842219034639,7.126148966721125,5.326369744249789,20.300731011215422,3.4246425865888788,8.471518365727608
-0.00590889773030903,-0.012627955884461129,-0.0363824859129934,-3.429749857481477,-8.743476219062273,-9.7228265038685,18.016822131558953,3.0086576228389115,7.477654560985604
0.00602989416041063,-0.011937979253310655,-0.010086529740499,-9.85824175595161,8.25351281486665,10.225713598580718,19.996542524482926,2.968923499519534,8.520558497692775
-0.016215206370576427,0.0073827448589375705,-0.0006570655514751417,6.437837256478819,-6.425148551982421,-9.596870938312835,20.66134829671126,3.659458491298399,8.755389277114476
0.01816010831255963,-0.011669460313969543,-0.005200569705120631,-6.655506581174859,-3.500286183700072,-5.08660690023625,20.37735018802158,3.1602079033358956,8.616206842168223
0.004308259411446885,0.0011651888264166028,0.036542146170301916,6.1566265531074365,4.8689712288333205,-6.098555727795796,23.723490939822735,2.239754911097231,10.028715563192275
-0.00788508417728421,-0.001699823463382169,-0.01653070049339619,-6.284321213839316,-6.066391580106987,-3.627064554321734,19.119961782091085,2.375199476898445,8.13340097411775
-0.006551758028105592,0.017644005100207968,0.008402104702306457,7.396477629613372,-8.027622987558562,-13.826038973111624,21.54431286792291,3.40461964446984,9.184489995609708
0.013349238402563104,-0.0025069857912730815,0.0040535452290636625,-4.545699053472687,-1.3357003590366219,-11.019026039905029,20.686395421026354,2.9023874176915343,8.827609675381888
0.019665240135947826,0.0019860295632191174,-0.03209455011118631,7.031546463375349,-1.3984078176486765,4.055918536858819,17.950495829528585,3.489081100014813,7.581875455689163
-0.013709941390526125,-0.00417645911678222,-0.0001610431591459252,-0.054948068196470246,6.395121889795327,-0.12631681823402374,20.62794041673485,2.6601157205651775,8.714550501480797
-0.007900008652299123,-0.00928979499054162,-0.015383851477210442,-0.5533148648171942,-4.714104696562027,-14.07160530628217,19.384621848530585,2.9371195224419706,8.122243947831882
-0.012030554466826673,0.003126230157224505,-0.018357320728212452,-3.3634117418572913,-4.828444940871113,-12.096798281643256,18.889130787894022,3.258336529722464,8.029959132431827
-0.012784270195365429,-0.009820770948436156,0.02714799917260955,-5.575485614189,6.567956377599632,7.298988246289824,22.989798897175042,3.0170074521829235,9.766731716504795
0.01897178074472024,0.010143605769127425,-0.03079095567448338,8.800855062991339,6.841892420331199,-1.6911419499329448,18.728282550459856,3.452359700508888,7.748934405299683
-0.0026564422706660228,-0.018761828659922927,-0.02258867694399042,4.297722307713556,-7.78946401186658,14.752346788438036,18.738191522616415,3.9896485660403522,7.986582652677289
-0.019132701051043297,0.019638938429733053,-0.016303394211132798,-0.7826957193824828,0.9094290462361609,-6.313404417115073,19.310393113500822,4.000672994914889,8.05668984795364
-0.01118009718837051,-0.017977232190924425,0.02587464035451236,9.446187420885252,-7.48885048178098,10.794925156502263,23.132599972924602,3.8126499282918096,9.777198687451857
0.008821577884693482,0.010009013647065423,-0.008975563167819719,-8.848501799642818,3.808462472156597,13.863792857945548,20.02473467403208,3.220152916880874,8.469601749679644
0.006350329867577595,-0.010637907456754189,0.002938821127945357,-7.566497138979386,4.357570922991796,5.185925816664408,20.78454147114721,2.6619398376505576,8.863375044471596
-0.002128240025216121,-0.019653420251889223,-0.03517071424852218,3.6395537273840777,3.84826686655947,2.256279806460391,17.80536669227607,3.41751902896249,7.429534235133061
-0.010892351088495093,0.006525263487078523,-0.03155958387518398,2.5536114975452477,1.446358159084964,-4.335190899149456,17.681910122658262,2.9288284753648366,7.488761080887025
-0.011233358335368574,0.008983308133122477,-0.02552064359897547,-6.852906838654365,2.6552823813146063,4.8187359261135185,18.555401210707416,3.121322945373214,7.796311506203777
-0.015921236070534906,-0.009508467718575657,-0.0321123172731797,8.276629247631877,-9.83226969790573,-4.469652668392888,18.210084859960904,2.9239853853249596,7.686126959477495
-0.013727159702747143,-0.0013202049193653705,0.032546988591143904,4.147527526332265,-2.7965249077459546,-9.400389136914296,23.00096509738832,3.1740117727835986,9.820066640871625
0.008200485351192364,0.0016766349195055964,0.017623197571847736,-9.10289427834535,-6.537187516793866,-5.40380094960172,22.328910902258606,2.5435403841372977,9.441695432718785
-0.0013385321282964914,0.002777840813083885,0.004967519579628946,0.8583132385886039,1.322326821228856,-2.475731306167777,20.501118456574396,1.966698301711596,8.739841578312726
-0.008847486047958375,0.0007251816352515442,-0.030251158937975236,4.985427395379789,9.058714476420214,-13.377105376498715,18.369881913738837,3.041033956801566,7.751788793407493
0.011293085644449145,-0.011046684353281067,-0.013087091605250397,-9.329236488357031,9.38171593838258,1.8628681617784828,19.858598322982875,2.7416869835164284,8.396840567219101
-0.016736742710232917,-0.007137774617973372,0.038182485297525014,-8.799174848752536,8.358122109379316,-6.614686530008672,24.52845416117006,3.1654416035485595,10.280321252532323
-0.016884515956038668,0.004985832288599307,0.03169891762068814,-2.671685913834489,-3.0675820278903476,-7.128914328839389,22.974674316693438,3.456749375959405,9.786036424274469
-0.0075501124601129056,-0.017298730607339628,0.00042168626326304776,-3.168638386450933,-6.677154024899594,6.671106868078763,20.59575446345774,3.555223558816084,8.739990264427862
0.01572948554456492,0.012286176181227095,-0.029156276950998546,8.270801452185921,-1.823838754309449,12.437613419107095,18.635225933803294,3.912548034794171,7.783374365283777
-0.016654534555407413,0.01935159692798281,-0.03226083934525642,4.908496160166697,4.288259579010409,7.715026081249892,18.13567751097458,4.120539335492918,7.646438175757544
-0.010213437821546285,0.009917186068767406,0.001032095446076839,-9.059011176700471,-8.049418076742437,-6.592880790075132,20.78710855856837,2.9721359328456245,8.853653253742022
0.013897957867007257,-0.0029766893636699807,-0.018076487092273733,0.6980303905303398,-3.395620653981908,-5.757706362121153,18.99442436131286,2.67236638934192,8.006429546140515
-0.0120719182236726,-0.005948133222504825,-0.026744516790040782,1.4820840824562964,-2.4632343873135216,-13.817257197877414,18.170254144222834,3.1356365789675347,7.65626090541206
-0.011355180287461084,-0.0008634909225961988,-0.01775775392567665,7.646685299728706,-8.835235704250701,4.43779789470447,19.566905793412843,2.4398847845981835,8.174122461554772
0.01443941967432891,0.016832366221957603,-0.001263653270461941,-1.937931281848586,-9.286976413432777,-1.0606177226107327,20.655628321409974,3.5650418013143175,8.759244690123298
0.005996128984734471,-0.006471121540768357,-0.02706072259816647,-0.5875475878020016,-6.753627127037111,1.7380308759265795,18.38135150101244,2.2259421589099633,7.731783765147418
-0.001720157535084782,0.019792290287046845,-0.026968359806115574,2.7042515928339483,-6.011693929931276,-2.4458583571395636,18.474921476318023,2.792123737042536,7.784322619804507
0.00989751219812426,-0.00011359656312458222,-0.01114406424286786,7.7826650531321455,7.442591788783879,-3.5241285103071736,20.03368669622884,2.364519062511175,8.384748595905
-0.016213480156090043,-0.006285345062717319,-0.02507058227390172,4.8974449924597785,2.7711981882663608,0.15430219449962657,18.34524681990786,2.7873576750684483,7.793867060636077
-0.019345019871711826,0.018643690094288682,-0.03892259680588959,0.5489903819064228,-1.3671125095443557,-7.143172134673921,17.395330199455017,4.065269871115366,7.274794002078217
0.015599883660658443,-0.006277579981923713,0.005208602684506791,-7.388747978366026,-8.951220701546351,10.20676233821959,21.797639526438818,3.258346454545332,9.09535452521488
-0.014845231737959952,-0.014589858479412104,0.012547152483074371,-5.701966200145556,5.617466033929816,-12.760264080303182,22.186852727780437,3.3226595589075636,9.29240211769963
-0.018752720255046186,-0.004828825960418084,0.029356828788075655,-7.310721665851987,-9.894221138474549,-0.5374312788375306,23.14742131488732,3.019303091559025,9.887730886874854
-0.0020445281882441567,-0.0024813276016575937,-0.021611928974018948,4.205634534084272,7.033182027826101,-1.3827372483481515,18.75053639878601,1.8914603780995087,7.944420054609641
0.01703634074219017,0.00866758851627002,-0.033857354626185054,8.808752969411927,-2.142202914963276,3.847967214980738,18.040064298483568,3.4835852195503647,7.5855465737985215
-0.01298101171591811,0.0008495184854254018,-0.022361910706736918,3.096052854417078,-3.882782676215384,14.904687482524242,18.89040427855562,3.199194496248293,7.884441555837499
-0.015644295102646665,0.002560284584941005,-0.02531452380913793,-4.091164131591585,7.207224783049277,0.038277452977652615,18.696552496672727,2.9767198942425046,7.864034317097399
-0.016439533204043014,0.009144485665703521,-0.00447208820124427,-8.346286995559753,-0.3088596901894842,-1.6341636130308732,20.48070234359192,3.2613531991322,8.596299943785796
0.003351506439428574,-0.0026248843484263477,0.008072134607514513,4.076795692591659,9.789244900987043,1.7287503251803074,21.466059327879396,1.9438360720372088,9.069043923010334
-0.002375303766759873,0.00848185781591751,0.03310872133799656,-9.5398362736322,-9.278791179568891,14.319699680381309,24.041268585293356,2.968791615784444,10.080897764208657
0.001840342225846836,-0.017928933623945972,0.012829837563965836,-8.069446536946767,-7.877123949653281,-2.9180053938859896,21.985507574976467,3.2341238748080054,9.309503039221962
0.0065481022155627275,0.012804821223768196,0.028309557632674377,-2.2644167484219935,9.6036378915571,-10.816036776856478,22.857306466254162,3.2861590227451076,9.810140434778233
0.006828546212211982,-0.010734841879021847,0.01665859321187467,-0.6132004857079245,-9.394136850267763,-13.660262242385798,22.610536427848633,3.287134730956817,9.42795291415556
-0.008163890321168727,-0.016103349937966877,0.015046050811695216,-0.7849347223693002,2.880319087671417,4.998035242065484,21.786171939554556,3.346753199555452,9.194528104537138
-0.018100125752103832,-0.0034166041612904985,0.014630654103909395,8.062311676502627,8.91997374603002,-3.5187922989671456,22.14095866703806,3.1400578473895244,9.408393330335976
0.003053877317757473,0.017360754113919467,-0.03638575406525163,9.523762478411825,-0.9042143899287414,10.48044887297959,18.222374346463717,3.0081745232913426,7.568444524700264
-0.013286756579971165,0.0174337362519404,0.021956495647066185,3.058583701889365,-6.538750781195903,-1.8518291995937766,22.56549065959636,3.370196551899551,9.543046270126315
0.003427578407068723,-0.003922021775850139,0.03142961888029657,1.0157412758602646,-8.218934250996963,11.260093747903252,23.100650017062595,2.477851181017404,9.874341081878857
-0.007547702773285887,-0.013137165001209948,0.011430416282642429,6.159471660266295,-4.193909823346855,-0.37846224566963294,21.38463992685779,2.836410247098022,9.10712361844682
0.018719255910388168,-0.002321537174206849,-0.010155709485502182,1.0084375101817322,4.141607436047019,4.296917006224287,19.46013352875706,3.2991725191515227,8.264997245121663
-0.018672153752669635,0.017586576521235114,-0.003318409084550361,4.084419328065508,1.9732376485578325,-10.07312256075641,20.39045359728081,4.120554941494448,8.623528099309148
0.019789649081204643,0.011484708739520972,0.013817956817176145,-4.606078758012135,-6.170569073933425,-12.31077970396698,21.86553394401137,4.1676939015982795,9.281163234918921
0.002305477819815653,-0.011555956856388811,-0.00632689367854921,5.220968655528608,2.1313826400184492,-5.4746953179379325,19.825598318805913,2.8982062086152154,8.428054366041913
-0.016286403824664793,-0.007672946742228298,-0.024215673890415675,0.9053219855978494,-1.5519296603784465,-4.235925776413593,18.220040088448684,2.96446749670474,7.697277528691895
-0.004545202152873519,-0.003680314406563138,-0.0059028715757485015,-3.4573351561562626,5.193703440991445,0.8751621721850942,19.954039829991075,2.091189171228329,8.46557417900493
-0.019548311786423057,-0.0035737486007730544,-0.021999920529075467,1.9089116425366122,6.787587906040013,7.301006354905354,19.14912739631561,3.1105994895729236,8.003425796349811
-0.015079714160355046,2.0079555313846226e-05,-0.0027588317247272537,-1.2082617310348294,-2.6188179158576963,5.600890475371916,19.978622076558736,2.861573769129261,8.500895224835897
-0.015132478319698932,-0.018004406560574636,0.011477996577931124,-5.989284560165924,-2.827175095885841,12.66178685384665,21.478444512221145,3.9908980489384716,9.173008089597692
-0.014324083807927712,0.013991612528487806,-0.007539714467667519,-6.165133162072647,9.697683928376215,3.229917320125839,20.255617871273817,3.520691169649494,8.56824999453948
-0.011110510586827424,0.010536613091447381,-0.010357313271924459,0.6451669663214865,-2.868703397672954,-10.094612455935312,19.38096864305137,3.3113871001774013,8.252274480262454
0.013117910011190666,0.008266055217911909,-0.01915234603795854,0.5537515550265475,-9.745323033563245,10.344859603008231,19.0774510722789,3.399313133756981,8.13924030168731
-0.011106683925433188,-0.007692476482774184,0.031251659366978275,-6.069189892601501,3.527832504437363,-13.343973957695766,23.536445836054725,2.992754359466732,9.889238657648043
0.0028881644040295827,0.010805529683370937,0.005328492485443877,9.892255823909906,1.8165844086803027,-2.3870151206532864,21.34686758287508,2.558098619107157,8.989376220145475
-0.008159626054761837,0.005340470931725478,0.017619881157522166,-1.840789323301287,9.010333946697294,5.634535899509739,22.265922511431558,2.7711081323517885,9.396178746634206
0.004384943875246201,-0.008412719665875344,0.03868410857001519,-5.1494673248124245,-0.12842574448864674,-1.211869589239443,23.5253305251845,2.491043741784747,10.05116617134112
-0.0011936023632717202,-0.005570520837171933,0.017028264252729422,6.298990775899352,-7.288613036204037,-13.775839876628023,22.21774818500691,2.720518416234856,9.404397126522083
-0.0022183799576742866,0.019982289959673116,0.013357682231140984,2.193924972376566,-1.0611708306938716,8.916680389970011,21.69047128437566,3.3392753306538308,9.154280042494458
-0.017381111807865245,0.004699423859592048,0.025158851586031754,-2.7368271353250284,-0.9910003299532573,-5.919120857831041,22.538006516747984,3.433338090429874,9.535180853420838
-0.0017523286560524702,0.006319157394813625,-0.039969753209427965,-9.161461821694324,0.44206856389028104,-9.028793795766797,17.52244971155738,2.3439608305283888,7.321327752087985
-0.011080895695993359,-0.002469982990509337,0.004327659555991306,4.848466716133572,-5.998878815277453,11.02924348423474,21.116250464806786,2.673310768311077,8.879905132509107
0.013904432676259643,0.0031523289768245685,-0.029524024650522823,-1.330705855562936,-8.689108369635816,14.002862777367792,18.463547515589447,3.508134286740118,7.760921293139449
-0.013873775426275721,0.01513228230645641,0.002023866345652027,-3.6767201232199582,-8.396835457973557,1.9475507926998468,20.60251204798773,3.4778548134128324,8.836244016544832
-0.004265247403843781,-0.015259029779767893,-0.03351185816877374,-0.6041999378308134,-7.281117275535875,-6.986238675819788,18.150558978404618,3.135986614210435,7.526055469240725
0.019228623114199175,0.00827430623341208,0.017865234155559143,9.528939052977123,-6.3069736070547355,11.967706357051345,22.79864613252503,3.9851396954975122,9.540281645720817
-0.016720328715754545,0.007115386525232102,-0.017903559290509543,6.816762469884232,8.092175745027998,0.7575279631527501,19.36365658070726,3.175391310177734,8.207849023957833
-0.004362800372655878,-0.005724039561686371,0.03524591846360236,7.182851391636781,7.454527221611418,5.270101786460252,23.643846826781687,2.443207523760482,10.056636618610506
-0.019253750929796306,-0.0026188240123511987,0.03372533447611369,-8.181192738323585,-2.74116845347063,12.231420780789879,23.377845585034436,3.3141686499087686,10.001550755922478
-0.008749103412843856,0.011187800053923766,-0.016723912580957734,-1.5682690577370924,-6.4131220372113535,11.441861246616508,19.13289679376268,3.3677100002708498,8.116198959968331
0.017343285199804066,0.005670530724819621,0.03106199021986631,-2.6081880705309324,9.936783118873667,10.067939975672342,23.316059710663957,3.646136504374261,9.911621034192912
0.008996831638170683,-0.017264194096067827,0.032086327973238425,6.672593984784239,-3.1347794584057613,-0.6137238116861106,23.13463663762952,3.267178838361304,9.881866769530443
-0.016948206363797905,-0.008039393272859888,-0.008324432065057764,-2.428636052239039,5.424696357704391,11.840124173547938,20.21269280196812,3.1852177235743593,8.47361876972072
-0.0031722977731730995,-0.013468662827134392,0.032473804547522585,-7.127982169681961,2.165128635749623,0.5309934393066555,23.296467399166126,2.8361629599086613,9.900905347617792
-0.004003703524207865,-0.014190734264950579,0.008933965577887372,8.493375811387597,-5.169274533045689,13.415217938644087,21.581578960069375,3.514196831602962,9.11582360391353
0.0009276653484202244,0.008442189332970574,0.0013698404381918827,-6.721509185095062,-8.365571340971915,-13.975445055650615,20.87174676189168,2.8780398425602467,8.85283166982149
-0.018154131739848842,-0.0020649039601393325,-0.01214817348309552,4.326547084008148,-1.9643531722087495,-0.35708463569190485,19.49506573322878,3.082623257497526,8.206122440474621
-0.014595120320701566,0.008766901291001047,-0.015543776543596836,5.2720035209390375,3.6779499402580047,4.294766442341775,19.234237401139374,3.26837145959013,8.168122473387239
-0.0194420069346169,0.01265897637727523,0.009498897979592212,2.131269982432366,6.714846084094905,-8.693329237657013,21.348063522989186,3.929354890626871,9.118041826185438
0.003742152213203915,0.01895697095179105,0.02638282361636162,8.397702529464624,0.4719047894613091,-12.720345565197855,23.253241077466793,3.552701901583793,9.780104958266735
0.00650282874251356,0.01312680932674844,-0.01708071143442856,-0.7907371846280249,-4.330890028186271,-9.598776778515944,18.91241876401271,3.267147746009234,8.04462535757065
0.01411031668334695,0.007141096768356378,0.002978671156888095,6.570858119053302,-5.080650931150501,5.2247796708312535,21.01647372193597,3.23200673797533,8.87504813102206
0.01798862124026662,0.012309395151572904,0.01611345381199781,7.1560114361756,-3.258057183085845,-4.2185992061699,21.96132064673366,3.643809764257236,9.357273864820765
-0.01961316929505753,0.007760537410150176,0.028976597752937795,-1.5969800434674006,7.6833761439543125,9.744356637984072,23.281243008839105,3.8192384970576696,9.827952752076449
0.01068669273559101,-0.005459201020958395,0.023038744176994967,2.2758790488532696,9.061556476399556,-10.700489349110391,22.4768092125672,2.7968039517471226,9.585836571613694
0.011827937955946399,-0.0024413388119350066,-0.019716239740314414,-9.373917092452785,8.578304767863141,-13.738717789502418,19.542690219186266,2.929498414463186,8.171644025244884
0.014519414477989764,-0.0047395533053773906,0.03161981477021925,-3.7262754493588073,3.2937675241934663,-4.049692156194107,22.82300605366027,2.5024218744468323,9.791474745889753
-0.006597043211746048,0.005868938421472451,0.022042759293571405,-7.17466312127449,-8.31119436505623,-7.873045646881956,22.399728967057186,2.641248492329982,9.576355985259012
-0.014150334003127232,-0.01027992766242714,0.03387113970247856,8.128644125461776,2.358416696694789,12.192652549289729,23.34100889478652,3.325792288244973,9.995829772306813
-0.008293829382504208,-0.01623303149939833,-0.010741882352956908,7.5920746742873355,-9.435602980345404,11.249287303531823,20.02409915449074,3.6598896597192274,8.463134460601097
-0.0016917180114680089,0.009777835250837526,0.0021710917695558843,-8.19457697089806,4.675381574368032,-11.17214347199739,21.142425044370867,2.628486389054154,8.849987548905068
0.017801087623315674,0.0004670866125898142,0.011626196747657101,-9.709951141950004,-7.255273357296148,9.52218305502328,22.48813037333146,3.546318197026978,9.336346653544231
-0.017673896840749312,-0.018320865258934442,-0.03307172948884763,-6.513331571870005,5.0121940207939275,4.954492052326003,18.207355171912074,3.6625272716681003,7.690172792158102
0.011631119577099381,0.010472606238754022,-0.03481890598523245,-5.055336779500341,8.574135018755836,1.0634101364933706,17.63816438394012,2.940177959106286,7.507610300213449
0.008159494357498298,0.01908133838930452,0.034152323223451235,8.536769543189266,-1.7926136429539081,1.0715737370535408,23.670730710752053,3.177551213033036,10.037610408342323
-0.01731256195971031,-0.0180910449919436,0.0027604848967289347,-5.399208636865193,-2.9530871972121613,-7.51810161001101,20.88242780847338,3.2073403607974202,8.861111548225695
-0.0013256942410623668,0.017092555070382324,-0.021574815481278844,-8.36902762753449,9.065228304983389,4.113758201201314,19.073220341369197,2.8821616194336706,8.043578533956632
-0.005187853304099868,0.00011636170270798094,-0.032248660746357745,-3.778187602355139,-9.227401378136307,-10.497514562023028,18.200857303296257,2.5297138867291697,7.613859165331424
-0.001026658681064229,-0.01669988936969393,-0.01412544476657936,1.8435924558706809,7.243429308871516,-8.144027129490267,19.486346212452148,3.4354827385925897,8.23041884208436
-0.005486258416722288,-0.008909338522411785,-0.017093025525760596,9.202969916099228,-1.3383074350939665,9.282758900506959,19.323167184387497,2.901311167680199,8.138215498329693
-0.014009543410143035,-0.001544274938041091,-0.0025939439038874246,2.446580678438215,3.4547416372685333,-3.2296066322450177,20.083136692840593,2.8921488133504285,8.56215698757431
-0.012068544387009337,0.017789574315633407,-0.010365585003541105,-7.501030424947846,0.8342704048271941,-8.79307922118495,20.07009851362027,3.4535114976857337,8.369939001465823
0.012030172581892613,0.007628663400158362,0.007994526805047232,-9.6907549366905,-1.5489432114523556,1.5648736176722693,21.592765418449552,2.864603631032107,9.066283517614886
0.010553029591453416,-0.006363548072896519,0.03485037081166858,-1.0710963991156248,-8.276398309932286,-1.9200087311635698,23.686471033709285,2.4622983560477048,10.009859095240552
0.013645212696995038,-0.012476218295521835,-0.014200775934381495,9.550724069303072,-8.531322434277147,-4.833303476791244,19.980806289681666,3.1972583704407262,8.403619556960528
-0.0024247569220006565,-0.0007476203899827415,0.0038742707818141056,3.7009115547511833,-2.180397397460398,-13.9654311892024,20.588088914865867,2.522224917282283,8.787525108322004
-0.006451479902743831,-0.01914988595717226,7.159023700419737e-05,7.38268672280401,-8.315941469861453,-2.7974264624307636,20.929221705646125,3.2285498688055063,8.81737707307494
0.016522574129418748,0.013212148049545468,0.01906467161022378,4.2125072049425665,-9.845662137400737,-1.9272936295316043,22.501021943136724,3.535829619242684,9.544954827058016
0.015578993428495055,0.008888536297954639,-0.011844835110212133,1.211923402288777,2.3835725390217313,10.909455621067938,19.321342895682168,3.666993114298622,8.201719970604929
0.0019459346633341965,0.01417437894071263,0.018945910730864553,9.934267085195,-3.1758854052390006,0.47060187987371194,22.539288229041315,2.5781579907225094,9.504846786908013
0.005240683137073172,-0.01940478036803503,0.0031329080767108428,-0.5987284500692134,-4.425747596747409,3.468481097222444,20.832783658456343,3.3583051924714007,8.799030337880549
0.00885153467123723,0.006808898438060172,0.03250848791359353,-0.6994194329535457,4.241496529587801,-9.615209495283064,22.993623730094836,3.0309381089056333,9.809601620078675
0.006115273843235049,-0.014719947203476576,0.0236783547190478,6.239512681129831,-7.214569886348587,12.748349692106203,22.606206791776394,3.3675675772600675,9.65184509593132
-0.0004345127869879138,0.016529278907628193,0.029203951913179017,-2.931926980566475,4.579681448051039,11.445809385035098,22.702999002870108,3.1523444024588967,9.721735039781146
0.019957685703696926,-0.009864565744552599,0.023118780587416017,-2.2593894655865476,-8.639055714097065,-6.5761303210557625,23.02289040124985,3.148932355360679,9.679990432730033
-0.013631265245718631,0.008886412410005907,0.0036241222859578065,-6.960276302576085,2.0933994114998065,-10.175069793450001,21.256464445704683,3.4279882119207854,8.876892645966043
0.002882533456853943,-0.006243576563865214,0.020684082177448958,-0.12846681084668354,6.477967291881399,-4.4447164920762035,22.149812916480077,2.446898391604196,9.416762353725892
-0.0038017617780361154,-0.009078341629340785,0.015495466696243992,8.554910578847604,-8.588901501522411,2.5174959942178,22.164747842664593,2.547827756597604,9.375750570035677
0.0013596319074075207,0.013685776377253062,-0.0018559165323052962,2.6161232006118027,-4.038943059030482,3.5039274089079413,20.373591618594304,2.5111454028817004,8.608835343983056
0.012826835801110829,-0.015251447381316882,0.01373417466282971,-7.654342439458979,5.615889656309832,0.6547047813700821,21.791848983929953,3.1206612159585645,9.283976190454366
0.0043149345996815955,-0.004049357201736728,-0.0014784540430760537,-6.452230118233642,6.394749550232515,-7.602495293872391,20.631457186821724,2.488180075121124,8.694499147923219
0.004096108864161757,0.0074104051831584625,-0.0163369910868441,-7.588636654974589,-6.820951999636642,-10.723892164679892,19.280480112932434,2.8684071963422433,8.193335056327596
-0.0008989021576599893,-0.006256693501725023,-0.028173987097981378,7.859192978185817,-4.8628708296420475,-14.990118305180687,18.30528010239239,2.84477010619829,7.7749138706015355
-0.0073986908554938505,-0.009689159034132713,-0.008317576141523661,-5.267443787177754,-3.238606817741603,1.6894779392980084,19.693026053204356,2.6906535358321855,8.385836110751042
-0.01730472010359866,-0.017269258877292422,-0.01961068879985249,-1.18523211846858,0.5404424319717034,-5.876338017514287,18.884345343577575,3.1062166938277502,7.978640065822238
-0.018847056176174944,0.015421038765645375,-0.017190362486843434,0.01273022422754444,-8.067726168602922,-10.715339905401754,19.112644140067413,4.105775993130915,8.170224787011916
0.00696577657078596,-0.010465215286856528,0.008926083107925933,0.5027488293235027,0.6339304225535436,11.997944716694981,21.014968326238897,2.9649908218382546,8.886734107585141
-0.0010821283078498167,0.016550970185831616,0.008106963002849833,4.845743631380987,-0.5801602626332087,4.029504851892831,21.269124643779374,2.8524826003177655,8.991851470278784
0.015962206878111725,0.003598715552597661,0.015815707704279536,-6.120892507000903,-8.428098617740238,13.586369080027929,22.547868103959214,3.653732906929737,9.43332830866587
-0.012673639807292116,-0.007464103358672994,-0.007393235820621895,6.340712408451253,-4.066892374508844,-10.284547243760324,19.81789878397767,2.983169550713777,8.445155579556129
-0.0029013768491225403,0.013006978938559444,-0.03647694284885087,0.6721547841391668,4.080807569786602,-1.0046492423465239,17.343213460607938,2.548266661106493,7.339357528492017
0.01490135877251433,-0.004750401389442627,0.01655720181802619,-6.624600023621006,-7.273557598119682,4.020759844405692,22.384400545931946,2.9389918048004087,9.415257999215642
-0.0027977174373285743,0.0015977906801712474,0.00932887651199428,-4.374349820825212,-0.22589083864180282,10.230638729303205,21.087697385468914,2.412601168891388,8.972269246893648
-0.016378809393082654,0.0028490528158052267,0.026258411969034577,-9.585428011618898,4.309210525345433,-8.944845326706554,23.478873244671828,3.4505519451758326,9.79333524917992
-0.006707039136287016,-0.019849518864651815,-0.012709304909995299,6.704786960239698,-8.396325430990071,12.505578936010181,19.693623838904134,4.010571124241003,8.373965182448991
-0.0027970514306638397,-0.00022146811056905982,-0.017194235611884025,8.707363143883153,-6.040903999640246,8.37264342906657,19.600452857715037,2.16195068998068,8.175528969899773
0.0010541458041705629,-0.007390550415740002,0.014268335962457919,5.858058637797194,7.572758129188731,-13.138726595955095,21.95890216509547,2.898447228148118,9.293859366782348
-0.019261468283372236,-0.009139388871196434,-0.013678831587530863,-4.63596924746708,-6.222700392751257,-6.56775620294836,19.45808194680152,3.2605489957665768,8.260331129654931
0.00923988948840613,-0.00563425069615262,0.006950090676013633,1.026413054212048,6.319647814764707,4.993095575378991,21.10284573276408,2.4788789689417063,8.919712884106278
0.012871343553583593,0.0021120179228875068,-0.03603232891472252,-2.742967395594844,-4.485657359674926,-8.75672570304656,17.60402619180365,3.054919635488701,7.402663960281178
0.0059962910896280905,0.013136261240254136,0.02195265210110496,-3.876349863928663,-0.9211751530043664,-6.165022044928794,22.090592693872146,3.0605244931082933,9.407417239167703
-0.00533046986540057,-0.002022912502815194,0.0391374391383302,-8.385508083130624,-1.8261158210192576,12.475017007701883,23.97767337803023,2.54607466866966,10.165981602818682
0.003135849945624384,-0.005646688647345891,0.020558331532691536,9.621497960944094,5.001685668629165,12.338319052472322,22.294054344430847,2.6155089329764136,9.543292354902857
0.0025646532126301115,-0.007961512840283756,-0.029200722438340945,8.8524774188506,-6.11324110028912,8.863781459830392,18.47592902514388,2.66662727514619,7.749569543695461
0.003755424303802813,-0.003728105902804167,-0.015433669848502723,-9.674805797404973,8.11590206121684,1.8904427010766938,19.66495668449334,2.047548007759589,8.27718963053644
0.010736377004310422,0.006375214293991984,0.031364364842881555,-7.932944178843815,3.844453451600975,6.102491018859183,23.125976270516954,2.923521864249321,9.870680227698461
-0.0011651875371196628,-0.012282528466477025,-0.004788120193337131,-9.615963817564374,4.381311633569924,14.620807710166723,20.25522626324874,3.363227951996768,8.680446481245182
0.01398303438459218,-0.00019477111007399142,0.017121103594801,-3.5815366410466076,-3.1002045823377467,-3.522565505148105,21.87535172671034,2.709533667789748,9.28495863394438
0.011161224827442865,-0.0058378039499339136,0.00818668311323531,5.8790948601284665,8.60341058112924,5.964392297715779,21.39350437725021,2.6984912203818605,9.069463676611344
0.0015229691516065146,0.012625535899385244,-0.008809578901278928,-0.66592262801292,7.101442093382381,-13.26152956821909,19.834346915870388,3.0822349869997754,8.428313977475355
0.013507081431665308,0.011250826988312392,0.03768173257228195,-4.21697119194969,1.837919354553561,11.8036355468487,23.648235533376678,3.559866445803916,10.025084043761579
-0.019076494718384143,0.012928596863885342,0.025255524530422437,3.0129831894896046,1.564614836158606,13.708084468197477,22.74318699342222,4.209717996918207,9.6042497909826
-0.004187363227219128,-0.004357439943624676,-0.010910599354867382,0.0746227351067077,4.095182852836331,-1.8190631253270375,19.432521538997154,2.053988802007912,8.233800904306456
-0.002674577544060256,-0.012470142385224654,0.003962578853015215,-5.7345913703051625,2.4439882236692725,14.39529328974832,20.86171506806415,3.407518448948784,8.875926395460395
-0.0021810971733138285,-0.013910166987301548,0.0394040431258724,-2.1978315063422365,-0.003708523144496212,11.205798753501856,23.548283696094305,3.365590442081646,10.034469634556684
0.008336903704641293,-0.0013863837854299448,0.029035783636640493,-5.031569182968061,-6.366160175804751,4.55769279833763,23.11905779284292,2.513163527338181,9.77944736774934
-0.0047169962751098995,0.0013938923410839812,0.02010055963322554,-0.5584250163853977,8.795474286872313,-10.588079285160303,22.174773505560257,2.5854659427207376,9.480529285107325
0.01356037872931232,0.011558373501184684,-0.03055692872512715,1.0247681959922676,5.678982947352795,-2.555995239660305,18.119404849653737,3.2676252879582206,7.595262228437509
-0.0005918348251608974,0.009819732467962968,0.028924499512225747,-2.127919766198618,6.742330253010934,9.370016777748432,22.912928935931014,2.7017851604308687,9.741030492189548
-0.015255084246580175,0.006753515094843201,0.025902000319861666,6.7408824399589875,-1.6368954575397598,-8.534487211983421,22.658598376438682,3.48831068276373,9.64979864512559
-0.013168330305285986,0.014103292581026144,-0.013318166249717562,6.116355662130417,2.1646853512534907,-8.481439575146657,19.68552450752705,3.5338125177875654,8.278893602728598
-0.0032122271423062378,0.012270047918441721,0.029609728246334864,-2.9446859396580045,5.609456573227099,-13.28244083782613,23.051095439027115,2.8529838288825,9.775916977439923
0.0011506349859121481,-0.014463672545522818,0.036996587231987434,3.9674071397942043,-2.9100838692305526,13.841636534834642,23.373730639315077,3.4808912699884216,10.003790721284435
-0.015992277705433537,-0.0020331375636947827,-0.01531467859017039,9.848621009620182,-8.230700472737185,0.8279019659668077,19.852745142923542,2.898157400373823,8.289279598864725
-0.011086614402300486,0.007818841545652,-0.0023485521835711134,7.058736217254729,4.3223951599332935,7.838535135979413,20.355957745361984,3.1656763265125,8.681912903019917
-0.007411388528869614,-0.013747364402296864,-0.009094690991574117,-9.251141335587583,-5.130421317954323,3.4286622333896695,20.145396233237364,3.1222959181061887,8.492130500691628
-0.011927373667793817,-0.01845349071036577,0.005069950725132492,5.610166232496823,-6.217067292545937,12.694077969131516,21.058661274332202,3.98182233162323,8.945487716053941
-0.006330794588858053,0.001214513202559945,0.010638604596409265,0.9682544112828992,1.6512912685368502,-11.896231429721626,21.08226986665647,2.7677898250321236,8.977810264188802
1.1251394870522013e-05,0.009993487350573066,-0.02868236561966688,8.574541321217964,-8.731105583085375,8.399759221896826,19.00101828674219,2.5857323462542494,7.860028702623731
-0.004521760228833745,-0.00825421078167479,0.027963022702512934,6.418009314972494,2.1404914511908437,-3.563355873898047,22.71349828635283,2.401519551320407,9.686003866927933
0.011584170140828038,-0.013972565394191552,-0.008001924420045797,-1.5745434327684098,-6.819607532755074,-2.90268009739507,20.201694594148947,3.1406980468757304,8.47603603061513
-0.005294411443293208,-0.014264487431284199,-0.02813777289077078,9.310366883749541,-8.624863249780901,-11.283617311223217,18.757671605594435,3.2394608626616703,7.866344026854562
0.01867125861216015,0.018013068235021853,-0.013167242319975722,-7.944212036048817,2.173205190276322,-1.8570834737672275,19.676468421003378,3.956313256711298,8.293159572277943
0.0180822813393919,-0.014866585109665941,0.022257344689955563,-9.503310405421399,-5.846941019156979,-5.984141086915994,22.958491700944204,3.425086768695577,9.707015701054589
-0.01342290825314331,0.01179881554596052,-0.026112937592597342,-0.7850734758067439,-7.413157964844601,8.28046584739121,18.51519297371027,3.5425362577590986,7.802828212508455
0.006850850306820946,-0.01803990476677518,-0.025628097784839612,2.494761008016761,-1.5498748223810939,-5.9366496299572535,18.468288511832036,3.539615420755104,7.7274626606729795
0.005186196645631341,0.015371146109279619,-0.002434182879056654,-5.535079700925893,0.6784255259833003,2.885421992330677,20.238298562172528,2.713190132651856,8.563725808145904
-0.011616960359254578,0.009285877114104148,0.003386014636448914,3.1348447398729853,-0.9386250933727993,-1.8393825717576568,20.68791324363355,2.9341247755822546,8.749931912495848
-0.011594578644702636,0.015664833442338374,-0.024211431400356406,-5.012595377414344,-2.7290949383152725,14.191588477336701,18.47656277774683,3.9586987815298667,7.8438671576942305
0.002075279728803999,-0.014153340934035299,0.027162559939344043,-4.193182058396571,-9.581030505829773,6.968493919516661,23.02105002085728,3.1906087316331346,9.785715404284316
0.01846660206528045,0.015792730687035194,-0.03698343539240166,-0.7621729266932817,-6.182446290867016,-5.900816336674952,17.580851878341413,3.999568833553722,7.428737033410337
-0.012508354079371977,0.011361683985860339,-0.017581107032505622,9.317272316843155,0.49844544114667144,2.162125411798616,19.40649980355996,3.156974019586799,8.16802764886131
0.011513580961055762,0.0072266337211696514,0.02898221638899453,-7.4532755568459645,-0.08879707076057741,1.4243153881781367,23.0480349456878,2.805906662563515,9.754253517590127
-0.015634314896000708,0.009304804118797683,-0.003680633334855868,2.4030619743448334,7.267391042745874,6.25304178446094,20.4181746074839,3.4779050762573527,8.636010196081461
0.010845354849144336,-0.00828736492089423,-0.004218821356126307,8.464051900433677,-2.2195996310369237,-0.8642867557909977,20.133960834477637,2.566248023413275,8.586681130529081
-0.014796773265746705,0.006764367310868727,-0.021900175058112516,-6.709523170857354,7.389100437171074,-9.692867397285639,19.408774990407142,3.45300761085447,8.047846906113785
0.0035696119741865755,-0.009353182755683554,-0.0012872472982632735,8.347748471729112,5.481392121836151,8.032718965462458,20.447566897400925,2.714458726656654,8.723214872536575
-0.016297356120199852,-0.015718925970668086,0.021668138794372446,-0.4288774900048171,6.933193115823464,-3.7351340427668607,22.568956322750402,3.07165211169118,9.561574948003763
0.0051677621862612905,-0.009296750506867233,-0.007917607418193848,-0.03441358862960975,-6.5044807759084815,-3.4003769577136396,20.053674553349122,2.6677283744125124,8.418086808946414
-0.005767134194990758,-0.010372125711140217,0.020737156630567112,2.1305184918891946,-1.334189066353197,2.2256559958769806,21.838500640870045,2.711688086488596,9.324244469807478
-0.002102551028096422,-0.006715406448662909,-0.022292367400674813,3.9883962885733837,-9.733402375172455,-11.953422389744976,19.26914961647976,2.705462563352662,8.018069994541797
0.0026905160473832297,-0.008431172612459523,-0.017021621521484162,5.373901643901178,9.830909389952652,0.9601637429119236,19.48330429062161,2.3431052314529524,8.18738206115475
-0.01989665745644896,0.004056157335292049,0.020469096292832063,-6.372964117106504,-5.141625612767955,-8.747232913738864,22.30922570288356,3.740975728546917,9.500906953842243
0.0113674014763438,0.017243397641677125,0.0242024168901585,-2.323088795553982,5.622056902193171,1.3741545587133253,22.298321659735098,3.2765816153581135,9.561844808307729
-0.0036115205831181683,-0.001744439598222628,-0.029298307176803505,9.43544602011222,6.470273171544115,-8.744310576659068,18.64275756216684,2.3691020966472296,7.771496583430234
0.005796568675472423,-0.015791144678023998,-0.03238657671073775,-7.068819907887283,1.4060154911037426,-5.4298165234316595,17.87725821926645,3.330556550608248,7.588847568211869
0.013456321321275295,0.004310558344435486,0.02849157067549648,9.264178374287503,-7.737538589990844,-5.2573778210937085,23.29471815963332,3.0161876315828398,9.89096631932031
-0.003995614365842587,-0.0053659140426134365,-0.020867286143449883,4.144622010509689,-6.421065599779974,6.131580178734659,18.801500712521815,2.456245411391108,7.95276735704786
-0.004447472656087595,0.0011942701318419062,0.012514830186748857,2.966492729092776,-5.184592523982827,-1.0194515656749932,21.39295381371458,2.100988090594932,9.108333575203932
-0.006527754903446276,0.01916364242907394,0.01032767269210192,-3.3760106478636276,-5.004335992154257,-14.605318192897764,21.1554823027218,3.3492798065809986,9.080995606237899
-0.016813306075043638,0.012485085271265111,-0.02081603820891961,2.844146318379204,9.021631752240452,-11.374551886033313,19.112052565496466,3.8533243133940207,8.109947954829623
0.017367762275647184,-0.012416266665488292,0.030819600220165076,4.57283906692453,6.422122427785975,-4.322155885625641,23.10342995456705,3.1628660232828665,9.822219920476842
-0.008412039861929154,0.00366798286316106,0.009455492170506605,7.196442693984402,-7.564102731803755,-2.8527409744846146,21.604160736242836,2.60314939944606,9.121105828790116
-0.01099790134141196,-0.005718951562273769,-0.018913179755221502,-7.602367943050636,-3.8926416982067753,14.846908425145482,19.207805111698875,3.068820191974644,8.103233725139487
0.0076879278925028605,0.003605194423438856,0.024012710420479304,2.8789316739047255,-0.7186094779939722,0.49049529305566786,22.20118835588145,2.400008966386707,9.463861251748758
-0.018063060426928047,0.009745100169941984,-0.011423627723541045,6.663511335272354,-1.7457137530608478,5.4506634813365125,19.96066839376906,3.5500009560882924,8.333959129451475
-0.0025548213388675994,-0.013782490172169055,0.001536753532266344,9.296956846935391,-5.08094839552453,-9.26381590928535,20.75467296769052,3.1616614189591177,8.852737523958915
0.013726488008837596,-0.004791180448422767,0.0008622083638667524,1.2384938139028208,1.6309714811318408,9.209205914017417,20.25479337088024,3.067293123867352,8.608517647391244
-0.0036857018336222368,0.00025398360705378153,-0.033373057254078964,7.531576915616121,3.46054647225753,-4.988213320726331,17.946686833629027,2.251161669430129,7.526504279391406
-0.012902665238562962,0.0011637646703854046,-0.02601993863519047,-2.688442926943222,0.9893218486313327,-0.30543235336920205,18.284258471510853,2.739954524268295,7.685009413383923
0.002185504066596757,0.019938895685302754,-0.022770738226383005,-1.0925812750400876,-8.92586349175952,9.289391055429789,18.815148332889308,3.0908856984633326,7.993361566870966
0.003422416463455466,0.01703992348991785,0.012612277677595804,-0.477930062019702,0.5967385429532239,-1.458813490830897,21.266041698424022,2.8986435558563666,9.032134330493204
-0.006648263143724735,0.0041816993469571025,-0.006643787252573877,6.410510536555286,7.36474293774361,-4.8627903256160785,20.284257047633147,2.558529620098549,8.546504236230128
0.007668001148996045,-0.002768995856273479,-0.02052721438004788,9.788070852944493,-5.237686606231396,4.808849840180191,19.216056772749084,2.459308052197426,8.067321243642517
0.010498142054858075,0.00779616921262662,-0.03293033173418009,-4.278764206268182,3.6673049895367704,-7.344378398880144,17.645768968422612,3.110768153667316,7.481056870750664
0.018731781239207473,-0.0023159530031975524,0.004172698528496527,0.07532209752580776,-1.370491109184016,-1.0361967284390143,20.658876832546618,3.0450846588222302,8.771406630428862
0.01668774991509243,-0.019063292045975122,0.037582043206987374,-7.707847620986701,-1.3897396486411395,5.777856329936302,24.132524592648082,3.2640413300086197,10.173564366503776
0.01201076406605667,0.006319385685857881,-0.0007846373266005985,7.806911632301205,-1.3053760880570167,-7.577671868711034,20.652019037349714,3.10564722533039,8.719544956789054
0.011233852742659249,0.0025794175964886264,-0.02925821517982581,-3.4036537199517447,-8.214263398631898,1.2380645844825011,18.301088078070773,2.69590693028049,7.715256148478029
-0.014002475902276861,0.008635583675970109,0.00444059120320147,9.42156284067784,-9.76717571527821,6.483341944953047,21.84994345047901,3.2372350562419707,9.070831843179034
-0.011852800693958079,-0.01862081425985537,0.010253672537755262,0.9143071887136784,-3.952678366194422,0.21990119145992182,21.327985435202724,3.4040114414076235,9.001240820969267
-0.017796365193899866,-0.002912837629467955,0.006148634459258437,7.494206987236616,6.943610737977153,8.916465039339805,21.427449943203793,3.0786545711777884,9.068523120454044
0.016879742996386334,-0.003276661642542863,-0.004076035825706564,-9.81607482252344,-0.853253221033965,0.2728415803558164,20.68976919167303,2.9510308279615205,8.675026403848666
0.0022072644304409784,0.018148712450634107,-0.033419736939848024,-3.78809829459464,-1.4805704354190734,9.811243648305485,17.7976849891577,3.0073154853000696,7.443609813525828
0.006126526827291642,0.012187756168022989,-0.03180990481478751,-3.3778347810983718,-9.641360970707488,12.70532336522437,18.301770911989717,3.06920400912238,7.684613864027851
0.008763244857439872,-0.0055925950294875015,0.0003893607236983218,-9.805063514271612,5.670210594046168,12.543804112835286,20.703315387567308,2.752832774620637,8.85746062240345
-0.00971139611283566,0.008068811430366654,0.000994199824178539,3.3354382098849555,1.4500020772899624,0.7572091784678001,20.419914505221577,2.7577524380163165,8.66973006064117
0.0036324899458801962,-0.01572092056274396,-0.032929111760802564,-3.734775379503499,-8.222328182144473,-3.6476185823730223,18.250753969173836,3.1525721077820084,7.611298622245201
-0.016736813135454824,-0.013354496530437285,0.016438840169819897,-9.517006844587462,1.7778651351259338,-4.523218615253182,22.54185424491029,2.911466774503211,9.44782165812374
0.010070736615405144,0.012047275765957047,-0.0307359521241386,-2.0052008499655187,-2.9104745093759865,4.127223244034674,17.99092286851311,2.9748834894796503,7.528996523701154
-0.007038542156086498,0.005868367180322305,0.026602144884282607,-3.280588121362178,1.7741968972037725,9.499233359425727,22.420567503817406,2.883347456865562,9.57921663457346
0.019333981480913,0.014735575007670889,0.03795787344343888,9.763750787485645,-8.711472758008385,2.9162205924563978,24.5768285422851,3.7266280984095927,10.314393581395036
-0.01953633558666456,-0.01625017095939731,-0.028041195606127556,9.642706953944963,3.3483455708405074,4.202781102194571,18.490788417269048,3.575840217502077,7.845489737353807
-0.01800426652758637,-0.0025987707296564605,0.023733443467513514,-0.989219013040465,-9.345195619775312,-4.060288935058102,22.644346837899732,3.2059707748217687,9.604702494419467
-0.018807521588744498,-0.009343796068117128,0.02901676741478778,4.123213430904045,-4.6738392274706,1.502519452582984,22.87553314740914,2.8478558503666322,9.714456076021388
-0.003941654091728065,0.008091236612924532,-0.004487044552386139,7.454857350528997,8.544938736643417,10.697740737221817,20.389398728049677,2.9147348685498153,8.690394937058311
-0.01486299825894228,-0.00871516208645073,0.032370033792244866,8.768953783455022,9.025590696601068,-14.64543885721186,23.809941037846894,3.275609117899075,10.07501042400634
-0.006224095894389391,-0.0024628072779373025,-0.007884696392270678,-9.427462441070658,-5.100483852873177,13.350239227304932,20.403000362759443,2.6797486866614966,8.541367166183493
0.016361454223821282,-0.014799540637028041,-0.03602039005636953,4.233688991347693,-6.476029921456723,-6.069446003288961,18.144273888164115,3.479969074470617,7.5341085368142435
0.01995902685735208,0.015323628570128218,-0.027586150990857653,-2.5666671392531555,-1.8552360476277912,-13.224804370435498,18.278961107275016,4.425082200871964,7.69511628572207
-0.0004296479970607864,-0.012345655072184498,0.02536696230578605,7.745078376258164,2.410785894983876,-8.32360206749836,22.660487188345613,3.035013864493887,9.635391047797528
0.000843930073657656,-0.0031313036904086697,0.03395309433418953,8.671888034177393,0.8189667956451441,-7.200535581332553,23.44476779523463,2.232288213676073,9.950111546666857
-0.01005108031414825,-0.01219451108862877,-0.004346061923734122,4.457894449255148,-9.319553211002873,6.402585923605738,20.331762659302335,3.1284501825962003,8.619283363123065
-0.007348241133514826,-0.005543934546800546,0.03996527340843043,-6.286538045064017,5.045692517712581,-3.2663181592856443,24.053761253269432,2.2744683669177896,10.174586223820574
0.01472535220580896,0.01205920880889148,-0.024067073547436674,-9.796231526964672,9.77127580762594,14.726302671531872,18.75049893775734,3.7762662388627346,8.0479760582914
-0.010227101337219878,-0.010019720786530155,0.02169752291415742,6.087799836227742,-1.223884573859193,6.994182955693692,22.264519798216877,2.9754134652091655,9.458249313922346
0.018202273309475606,0.01217761557246914,-0.004192726302727046,7.311140821361974,-3.5419234920085625,-13.146904287900835,20.504560290381942,4.074920339302571,8.670945919308883
-0.019725742967585804,0.011803796042922119,-0.019842066784775715,-1.876797461758816,3.9468940383579216,-14.31315607847037,19.300961706299233,4.203535743354318,8.027657949672726
0.0005874130985590274,-0.015151234290403633,-0.029993349658745717,1.4095790641007007,4.612782005390663,-4.152970471516603,18.039462837410294,3.1365857926207044,7.579332209898546
-0.011426723765873153,-0.001265305027311002,-0.007224871173754754,-0.11760911013132969,8.675855467149542,4.119357431886247,20.29243881775654,2.568875100578117,8.511444464284159
-0.01617580962383733,-0.01508050354697434,-0.03749196559499314,2.112184606413141,5.4488683626365475,-0.3050759968161625,17.76646395219959,3.19512171247836,7.422640989615531
-0.0036171878317962404,0.015608947631325355,-0.037643967299591206,9.351126777832636,2.833911357773605,9.77193753209129,17.865020746146648,3.2345151955215696,7.504105089024047
0.010782270194376026,0.015398983926460181,-0.031671091071290576,-3.599146564779147,1.9581724934058347,-6.2094663885787895,17.69053989956103,3.5013067508114766,7.501878279727685
0.0036957407849279866,0.016042322209011615,0.01385562446449666,-8.766553744723565,-7.5376792212586174,14.205369780424746,22.38074236615168,3.0055294744523327,9.354977923296476
-0.017182083610821,0.013698808643507924,0.038931242575776924,-6.756254517682752,4.081223804293028,9.240744171253695,23.878733425729713,3.9553886870689787,10.153782070113724
0.018057486855171324,0.013723812695433702,0.01990079429808647,5.407190128993326,5.562272689045747,-12.266618259658333,22.82059175327406,4.086642555616361,9.522123866308926
-0.006488662379963182,0.014206417737762465,0.019032066146810217,9.031931856681908,6.825021956420915,4.561119885246114,22.58752558094777,3.085969552497629,9.541819897944002
0.0013339522892094995,-0.015686449400834412,-0.005294413452621882,9.238943820519047,-9.071615665306394,13.92888597406203,20.6167453422758,3.581141034225846,8.705319299008606
-0.01624877201318977,0.010622259145803295,-0.02962084037625263,-3.6738826471075843,-3.8744362405796533,-4.34705170376612,18.032247884245685,3.431021982604125,7.61076885426284
0.014349258878548956,-0.012764742670532172,0.02970782329895911,-2.4995826676878714,-8.569203254835847,11.344486761358613,23.28898750381588,3.087993007864568,9.897277379952072
0.010685464912068073,-0.0021141283259304942,0.012313954567287393,3.545000381606215,-2.002347818336389,1.4488952012873,21.216900881206897,2.5345266909807376,9.072008954820541
-0.0038488826784671207,-0.0008404074212389305,0.01626651176891491,-1.6989515133741264,-1.9186536408289818,8.154499000071251,21.51068675395616,2.229626571788418,9.171311986229291
-0.00830998082566404,-0.00616630622052396,-0.005785730621660455,-5.443016163884229,7.419772511671489,-2.9944516287563694,20.33668863121554,2.3435693522306544,8.567147606181853
-0.006867252099007412,-0.01751307741579451,-0.022109657868936868,2.0754985180711127,-9.035753631025951,14.139739422439959,18.8305309119405,3.9330718505339632,7.999833905814664
0.019828619378218008,-0.014351753635527046,-0.0359745398764899,-1.6041372117926294,-4.6842599565705845,-10.040893030971176,18.08600707393353,3.6626524903140827,7.521855525739256
-0.01588435525492315,-0.00048691707022878797,0.03014537616245907,9.719483371277683,-3.223874656233301,-3.096727465995052,23.25931375265875,3.092683364167117,9.856184637143466
0.006127167251958183,-0.004636202904853989,0.03243546899026022,5.863175877387514,1.8173498132674926,4.769176638040317,23.02131970367991,2.267657254174514,9.827690078060058
0.008512090761653567,0.006434145715129871,-0.011924106801668062,0.8141352061094587,-4.089274827740141,-6.488212186451225,19.358821691429423,2.880559969409924,8.217802469868282
0.00696252531813801,-0.002906034861056936,0.027260912235245953,-5.598723066281456,-4.78328126627245,10.95102848777551,23.076016667086183,2.663034922576197,9.715812684867757
-0.005677105589446856,0.018891351292289988,-0.029417588132225038,7.143004758755389,1.049374884107813,1.1003904411691359,18.347972997544506,3.1305224348752767,7.73540145961948
0.0013368253426264722,-0.012702967064801856,0.022043789063370463,-1.9284546885297722,2.525124542706834,4.250766833613518,22.187501923922902,2.8684360253157215,9.411353186798422
0.01470755847664169,0.017070013415149476,0.0029775249253637184,-5.878691777265019,0.5074315040212323,14.973112598572953,21.15208099076037,3.953063357804833,8.846066465676294
-0.008315441711470814,-0.010541490506866818,0.01922395386648175,7.810260936014661,-6.093673344819612,6.384999006600147,22.365541442649103,2.9395081241367946,9.453030720261506
0.01814054400507221,0.002539855238923052,0.030785513377853353,3.6830595015662464,3.3535926740384436,-10.943347327332292,23.23082331613832,3.4103630170857664,9.785297811803046
-0.01094694336002923,-0.010404041754037698,-0.010255645040352875,-7.445027833881137,-6.103713928540899,9.529034842396477,19.970012326329332,3.1924152912290613,8.420350147156487
-0.009486695183870247,-0.017649159925765476,-0.026416362193338275,-5.058468755507494,-6.916279448194372,-5.055855593137265,18.62466124018873,3.1444289336505102,7.821160622270846
-0.008151742620238146,0.011297646277384932,-0.007056928185507842,5.156458390263918,4.309727835887987,-4.900144623619164,20.111818726254636,2.872790049906614,8.474734498733971
-0.010022102133947497,0.018614662199597187,0.012664773629604248,-7.931871598102578,5.3607404185399865,-14.10578413693247,22.237821045419896,3.557033157457259,9.27684338366788
0.004700798939890852,0.014830214917926996,-0.035861214379521764,1.1787044849887778,-8.760845652726987,9.711705134706438,17.822198860442377,2.920417028689144,7.517549617327579
0.0109576931370136,-0.01403005567989454,-0.013755400181384953,-4.546548440416203,-0.15671898402118245,0.9448783081669259,19.353707328964198,2.9602916992581885,8.193924967376438
-0.008930649004276422,0.00841181970113087,-0.02447995973136833,-8.993028773378782,6.154231652327805,-10.18444865114073,19.24358579446672,3.0465789561480285,7.953663985549696
0.01815130579096631,0.007196809069605129,-0.011828685412788281,-4.994731329820999,-1.3745740712161378,-9.27622122091159,19.555993463769223,3.6708202364032343,8.27556646051516
-0.0073610447973049276,-0.012339107766195005,-0.03842395551825455,-0.455853412522206,4.882399221132804,9.391177637450106,17.67199937437495,3.2401447466002544,7.330477036631919
-0.008566987978015956,0.013223420476840355,0.018073642216388006,4.128244179972141,-0.6726390707636618,0.8939185790269235,21.99352221223347,2.969881705133548,9.313799337489032
-0.0148831511909761,0.014281135050085995,0.012457239219806057,-2.608750377035152,-2.050734929366314,-2.253460293848475,21.393705666956883,3.3116133470912175,9.073254265325204
-0.0032756960801508805,-0.013136277706992786,-0.02165200097905987,-6.714267298508341,4.463620198612881,-13.644152349262162,19.232590976496674,3.420252448417285,8.021143362337195
-0.0027205284912492946,-0.018272340857570714,-0.028418462281436997,-1.9275017333631688,-5.211148864042212,-9.379382820585501,18.51372706675005,3.52903584868029,7.694030798027479
-0.001827696937217467,-0.005667129686362276,-0.02442986861317041,-4.411068279314174,-7.1590012470257225,2.8982351911294337,18.56220638245999,2.361149330870294,7.844390737756289
-0.0024679973770357633,0.0014826707751854247,0.005858584190568061,7.342857363024624,-3.0453436771086633,1.781896598428638,21.12014033969691,1.9631656281928196,8.919233275472937
-0.00805757203410105,-0.008274167453009835,-0.007937141654845534,-2.947161928989523,3.7546463968623875,-2.3058627470224895,19.81105567846164,2.3805575904687153,8.382642425128603
-0.017998561367487977,-0.019990061252540863,-0.006111848228537074,-1.8027743577350996,1.9209785601937668,-4.776905499842702,20.081259199070843,3.3842677530781087,8.508907303779376
0.014829643916256009,0.004468662840908376,0.018342722633489718,-6.992056993973512,-5.227098662477825,-2.845402841061608,22.316904841949984,2.997462351902619,9.423420902171568
0.004450027546082411,-0.012898045673301732,0.02251809397719249,-3.473733562465866,5.012514997923496,4.915260286887353,22.39058075802568,2.846993762113335,9.495016801003242
-0.016413008702197515,0.006940551577978637,0.02388345377909027,9.939145976689854,-3.2199191662583315,-13.92387070891963,22.699563245619988,3.8918254818107503,9.689824609970103
-0.005660399603003503,0.0034056016226072516,0.0032698653951713855,-9.374475147034913,-9.376563998000389,-1.820284193173876,21.175564182531172,2.1961292078987262,8.950777135185225
0.015110112364629297,-0.017144290636876423,0.02636713800460557,0.7226586268190971,7.654788468233459,-4.308382916611011,22.802903591787906,3.5295615035822903,9.663562701761649
0.012640174428690292,0.0022757725286728057,-0.027479001440528457,-5.978368309705271,9.40734754181462,-5.870312850417156,18.42891669346505,2.8515488667139044,7.801548594059342
-0.018263618225877413,-0.0023574315196454865,0.006624651951552971,3.8233729725688903,-9.988263292497761,-9.319543890486525,21.367697559175753,3.516560036207378,9.039455251023437
-0.01976140732916105,-0.01164177592252107,0.011042430935046622,-3.891017112179071,-6.111362517238767,7.876335678846978,21.342922780636133,3.3280693495428246,9.124286786260436
0.00133506659835525,0.005510651269989227,0.024277936294877102,-5.247183377579985,-8.819817152145985,4.905640506275425,22.725349916938644,2.1470256597142994,9.639920499971364
0.011835959558464618,0.0007079564533237492,0.024702140962531406,-2.7737955107580525,4.303153889372222,0.8079962228665387,22.27553226263424,2.6444331577688773,9.529369533239967
-0.006902162810858958,0.006819203758775431,-0.030187527380597733,-0.06223493440883843,3.8674645040442517,6.49262495747109,17.827803998843915,2.8083575418567537,7.549737482741127
-0.015186349869004396,0.009735793816442205,-0.03130741344504698,5.948143855643881,3.2147252396274055,-7.837006245990315,18.15521221695208,3.536111133515471,7.628080980971244
0.002781858918236596,0.016788123622920977,-0.03600109671672848,4.242716870761923,3.5486964481340166,3.7302843186992867,17.671903452855332,2.6349797260871677,7.430876116209008
0.005169539227233483,-0.0073400173506565965,-0.03821151551166428,-2.2954737055597736,7.206561211545068,0.651644400642212,17.47417759269342,2.3706468796597164,7.324609786445991
-0.009076033940860363,-0.010761709878418704,0.001832279058968725,6.277994990977316,-9.148400009311533,-12.445007769645681,21.166744952754048,2.921805986418756,8.893051757149959
-0.0007585624303845413,0.010947192415334324,0.013608916096066813,2.857389326354582,5.973088750622644,-8.648828878762297,21.785578075009436,2.62036948210373,9.207237961849774
0.00206427226167185,-0.00323989082132365,0.025065644760761667,9.338443665341028,6.5244749290213235,1.9341472055043099,22.90764564741449,1.9469479408018933,9.696833068540608
0.016755327111760424,-0.015592276162022625,0.006351228900763367,7.866647490327445,2.990634147618918,2.9024708053157227,21.077206631179973,3.084675164474648,8.9623125979959
0.00030432901511051255,-0.01652342455316916,-0.02983906448088244,5.059447183327215,-5.18454346660824,8.999650830887457,18.028374209147163,3.4542736707994712,7.653629988380704
-0.01622657828023921,0.010858844850442608,-0.004524802329941756,6.077000849931402,-9.707635906027797,7.517663336828388,20.921329039720405,3.5739671349450615,8.704211294117371
-0.0035490569531014156,0.01877833087914778,-0.01987840528501402,-1.8764586577416065,3.306375858112764,6.174238379849008,18.68348008376887,3.2244018902884384,7.924252104559945
0.007514603909197497,0.013253442955144096,0.03495061245122882,4.451827661060543,0.26866268111118785,7.399246387082307,23.33243865662086,2.978428541615186,9.930910298240523
0.01925687861220293,-0.01984171010825715,0.021134043038279628,-1.3480538539388558,3.676464231973039,-8.51777048695775,22.143869149605532,4.0137930889905675,9.422541381877217
-0.010848545774416123,0.010911759702533212,0.02084505854288602,3.2790968686074233,-9.120283024069638,-1.851952822755898,22.461167894792972,2.9157792548702384,9.529381443319298
-0.009505552742245805,-0.017528851508607543,-0.023853258142158457,2.699035008575134,-3.6859124868602393,10.654681813754845,18.381614674434115,3.776112194314078,7.804141535410185
0.008541812471114105,-0.01072778078117241,0.02980528656805962,-8.82869544097698,-2.707504884740626,1.924286034525469,23.37745799724836,2.592101474955751,9.860149942181547
0.0029928016385983233,-0.016394776555773326,0.017636954829212063,8.96310600290957,4.432534182283639,2.928057455321593,22.031275837164003,3.076394562721916,9.403939268373286
-0.008864649210388294,-0.005861351558292163,-0.03764020837551404,-4.564646685288798,1.7760584485972846,0.5794331599468432,17.399137558494665,2.3499876559791035,7.317013033969182
-0.015075115549383108,-0.006189309869042927,0.004106931178131462,0.5064806510288022,-7.254291473245324,9.927213891622785,20.751170330256613,2.899140622737181,8.852171055561762
0.01428073926063662,0.014333243706759754,0.011098142120155481,5.2570994535872355,5.8030000651858575,-0.07120596241050947,21.797782090274254,3.330987765577582,9.162809204979363
-0.013397790540010087,-0.00433821175886806,0.014568906331113934,4.806795797416852,-7.7709450785011525,-11.50945963793927,21.895718814803953,3.181416703464189,9.284721352196312
-0.006582097040659858,0.01931620740166196,-0.02878640060533572,-9.125385932892458,-5.953593532133164,7.3643471144576225,18.538049160192962,3.525305975491315,7.771115424295174
0.017689638598273705,-0.018614895241848926,-0.03390429444690613,5.109998100167502,-1.3039246977127341,-10.555852545396982,18.038763285789884,4.010478601573256,7.550939186755924
0.012699886594375102,-0.015296269542601215,-0.0033528454135200725,-5.415727466279073,7.069000028077767,-1.6877743649459198,20.324855739996167,3.237559440418304,8.639542203432516
0.01771808180651575,0.0069525603288078525,-0.02913540736044765,-0.3735350617918609,6.689530921361889,-10.80239865043844,18.303346989292038,3.6520580991272147,7.6815660776976245
0.011312798331406967,0.019954596981149184,-0.018606500298295626,-6.34214274201182,2.9586516099526694,-11.810912280801602,19.028357546922244,4.067206575727649,8.072024594150013
0.011666102109727631,-0.012805234667352294,0.005729999379753874,-9.445799971703739,-6.137746629021727,5.874863218921657,21.80263632055343,2.9227901565551453,9.091869177566778
0.004362806604185199,-0.014348035858366179,-0.02478939652626922,4.687487068006513,9.97680975770875,-7.093450995825243,18.779243989022234,3.263146102227508,7.916958165651155
0.011722148321539779,-0.017742914457726845,-0.0022847456283554834,8.48619006498405,1.9510467825542843,-4.517016924348468,20.40174654564876,3.5274061001993715,8.667612228880738
0.00877604551772507,0.0027853645096602014,0.00039451864711253365,6.251248587645367,5.595414889771771,-1.7513802369756721,20.77343493249343,2.404003872672487,8.739508495735155
0.006758993723728103,0.0035430520644530866,-0.012975155579283762,-6.399053688169161,1.0670890360239191,-5.289764192342659,19.31555498499245,2.5407858018796055,8.211592376688301
0.010547512296077421,0.013783196058518837,0.012784839973718272,-4.766493231420803,-0.25253697648102325,13.073360011463024,21.742073725084797,3.44938275906758,9.13902429529808
-0.002771413054794239,-0.008420089589638486,0.023412018945749714,9.18654387167329,1.5438025198636947,3.3535404130264546,22.427389083517358,2.5327243416626213,9.579897322506888
0.0032361092286648,0.004322720499131582,0.021980009092536522,-1.4872611715690116,0.2331582386564932,-11.386937668590544,21.94023829879205,2.6436001673631444,9.360737408800537
0.000508339858547719,0.014199127619197349,-0.03321066524065465,8.150402934763498,-7.2314077846870495,-1.3778485032562848,18.344443856276165,2.603448614458782,7.65927286566132
0.0030958243320312016,0.01917863767088372,0.01440015629466794,1.8966272853435022,2.795699567135273,-4.110402552833893,21.73988027824562,3.1235515155505564,9.189108704551705
0.018763459444724826,0.017824189514006616,-0.01762466668594355,-8.871487489279302,-5.651138258867469,-13.462231375986143,19.420729521847946,4.536375897536432,8.227664404232288
0.014425392382744515,-0.0057386221949784,0.03172883848176821,0.032895904419305566,-8.79217653427849,11.255772146436556,23.27470526760985,3.1882996228590375,9.939900465060266
-0.011121639434514835,0.008879921021978272,-0.03726534647398439,-9.548478906042819,-3.1626156861385413,1.3813683114618662,17.58096064364374,2.9471399341583426,7.43284053755942
0.012812564612326886,0.018232256191795252,-0.035966888211963845,-6.168623956562769,2.0694911645890564,0.36989947490428143,17.648019190689862,3.488887231922631,7.406334582360257
-0.0016375242092701789,0.014764421944047475,0.024198633050711522,-0.9467365068582207,-5.618125071422275,-14.101747832262191,22.411493383449766,3.062435018090273,9.565050539663897
-0.006048925894228714,0.011117988742670087,-0.03352684165243744,5.728154820785074,-6.22323050241379,12.126559616269798,18.38975483019488,3.206559361192672,7.601080780343809
-0.015071302790380301,-0.00713366069652706,-0.014500348247491104,9.952975231235733,-2.815781981722192,7.318272279707966,19.728079579293937,2.819329113044538,8.262679227123183
-0.006228807445216216,-0.0016380158074260007,0.011317457914047466,0.21813582316245927,-5.489908789046805,-9.992290346797251,21.42977348146791,2.5787441489850997,9.067424143707804
0.01774781204028524,0.004074390956824402,-0.003779246866747084,-1.4471342708885526,8.205216768854612,-7.9373184742864815,20.17352103060993,3.347785368375088,8.604876060519784
-0.011146799645744148,0.008425068585731655,-0.011541150826363717,1.4897426362321227,-5.464516531736154,12.836324947973122,19.77399095575964,3.4134100180692526,8.293511744158685
0.01300342025172337,0.012801110732677843,-0.03662543776746448,-9.582364983000748,-8.57785086409998,-4.673660061218374,18.091105224869196,3.4592615046805792,7.554896183502884
-0.006999543029287394,0.014041364081206573,0.02737931559599644,6.695794034557487,-0.3394762833317859,1.7678618031963502,22.90451167488671,2.95806823253736,9.711820747953132
-0.0025437358431943217,-0.005224506337690725,-0.03320688381128636,6.030209915945374,1.6022761619320125,1.3627507024019074,17.59454370549112,2.1869550276457788,7.4672671540805045
0.0011548959186487712,-0.013549333177780159,0.02630231284186387,3.520240141393371,-1.0718862182207562,-4.360711693555302,22.431249540720618,2.9850819754195412,9.563547342338492
-0.017127155416670627,0.01451255406723297,0.009885918672894053,5.300640715123935,7.250996479493075,-4.457677517999299,21.708287889301623,3.6168078309992455,9.178857278206623
-0.0037554295004674013,0.016613867384781916,-0.03136052058503789,-1.047832171909164,2.876735451420389,-10.808620592557741,17.894766358403245,2.9228529736792925,7.528296642894676
-0.006566839632528713,-0.009438653526308053,0.035750305818515966,-9.976990727496712,-5.979272802861557,14.514830070850856,24.20063152154331,3.299459568139216,10.153268632768922
-0.008289425616420019,-0.011832945348631774,0.02547669890477324,5.5239063779518425,-2.1724188960742996,-1.8974400218928604,22.432557899992126,2.673745872901131,9.575550468758815
-0.006974181239025441,0.013296517576650051,-0.02716888093079705,0.3207800618295238,-3.2440171561343556,-13.718185342137193,17.969951234651507,3.2407756756256116,7.67484700151326
0.015702053706194038,-0.005564864499080762,0.0021111516807283265,-3.3635278158997366,-6.431942317532215,0.42142120891619683,20.840965863639543,2.8056665682532054,8.833699611987983
-0.001367607616497523,0.009642035602969425,0.02364262605406451,2.868700361455815,-8.405989557191551,-7.519767718586587,22.58954851161345,2.50276556783708,9.608750203240094
-0.012870260021620368,-0.01793109419575802,0.017684228297163068,-3.3883113716783626,0.33693620868796614,-0.2625533674869267,21.87297067920401,3.331590241851713,9.313008277012841
-0.002638913013810293,0.017136930354570253,0.002959623321388334,-7.236759219170031,-8.185475144863457,-0.56963130675841,20.98365088536209,2.7675547734259864,8.888391279359467
-0.015508224211639608,0.004109041761385129,0.00033148821221027497,6.915866373654932,2.987538648845142,12.251110677628663,20.69946949472623,3.433991565804784,8.777428540880189
0.006395381736344564,0.012798579101240177,0.004896749837050532,-0.4631336029912081,6.076911176572175,10.875817470917937,20.792156507492923,3.0150516042474718,8.870116570044047
0.0017663863530688016,0.015807331228898252,0.0021887608716227094,4.225229632153209,-4.0465931104634905,9.555129454296289,20.99469202955257,2.8913359739070574,8.813800922460477
-0.017481111515332215,0.006028871207595623,0.027774357764505563,-6.60371678348783,-6.803136821880981,-14.98985594817998,22.853662877707603,3.8876413422246805,9.806268003283744
-0.004569824433431853,-0.006729565126915494,0.03213954915235579,8.114998340115996,3.2496711072449536,3.8819622672305414,23.15485988483863,2.456070372328476,9.887289757000753
0.015180297175314283,0.006364247506733353,-0.028365427344775426,-6.170615277170097,-3.5287133825503663,9.988163626942082,18.716460165793578,3.4897703985351574,7.743805989676554
0.015541365476639372,0.009594068678836637,0.022574224213201245,-8.110182393512893,2.1969860505820886,2.708734266850591,22.568012607938385,3.2425409694023997,9.559033013928483
-0.008499681626929188,0.019683999941287316,-0.03879953324652037,-3.3651885917309006,5.552295354567525,-5.312843795102427,17.561656213889723,3.100595983368232,7.329462952962351
-0.016883748273128635,0.0060620629883395595,-0.006448667303578126,-4.4902463799749786,-7.587492028040881,13.382018508511244,20.030987119020807,3.6925627487477084,8.544815454421222
0.007781954815133562,0.017353176453452242,0.034831951991702685,-4.775382642846122,-8.400377077405292,12.29720946006237,23.769979622634626,3.2793407054758856,10.059612460846667
0.005282380014384164,-0.008433271433662667,-0.010256227498944021,-0.22096621613702006,2.2420153060124264,-12.856506574706602,19.295619051723847,3.0672030959447842,8.227991467516159
-0.010663683915295836,-0.01473206521116262,0.03020336495783054,-0.6832635831701843,5.0289584957820885,6.327887989956928,23.21667043187413,3.3403646965851044,9.795401523130957
-0.01234123711248639,0.0032348086381815133,-0.02927749308650965,-4.944547478494337,4.610720804821559,-5.721686846852879,18.417565952436995,2.9970998194873144,7.671694064130575
0.00896929485506437,-0.01070120146416229,0.027259690553946635,3.6394807798692863,5.380144830979541,11.11497947567456,22.854789735421665,2.8705135422077626,9.675527333333886
0.002209828786353004,-0.009689080002128035,-0.002757884752011955,-9.507728972574302,-1.0916803295222515,-2.9636647685858524,20.46389536166134,2.653359909935331,8.684832579725493
-0.018077014716177984,-0.016139828107971092,0.011351536882133612,-8.902388003537329,-2.1869553963394424,-5.680868889016651,21.918570193498734,3.017818281901834,9.252643075715854
-0.019609332454176318,-0.017024416983654186,0.02616282444304891,4.748611280745793,-4.654930952326495,6.48035843574851,22.687421169291603,3.6902563916009865,9.644172244082668
-0.014413123271158904,0.009169440718065029,-0.030211687180028937,1.8554185800133745,9.954009687875988,13.208870218703389,18.70024863787149,3.7655383293679425,7.789790840135101
-0.01676169091858039,0.0037616101587550875,-0.0019122268609882212,-8.97130346805241,4.087907788253132,0.17142467009608353,20.89143941009367,3.0861662123327056,8.740792461348404
0.005053686550275636,-0.014564627632975741,-0.024552876882751873,4.264637930817797,8.529176735781043,-4.320441070773748,18.727864837441714,3.1572135886824033,7.8794076375849755
0.019358257326966024,-0.011237747370357902,-0.024957723566276624,4.568357243889032,-4.852168490831796,13.629155314370383,18.42786733710395,3.538281288120687,7.889335635661008
-0.018113169186360505,0.0027211325422434735,0.02419296713362553,4.822792817342558,9.19462460984154,-8.135782673306968,22.78171245301879,3.5229799140297984,9.713915368224969
0.004645714026788417,-0.014792817178193026,-0.028358427411190983,4.801899378190566,3.9085578033517,8.250544103145895,18.281340561105676,3.1674939709730765,7.670806469195816
0.01492123322541047,-0.012527945377213748,0.017212433160021377,6.2280846334539355,-5.139460984965956,-0.32109308064299746,22.097845810192542,2.9881133843932526,9.383737434657672
-0.007206232756159645,-0.01606811016066288,0.02882369512878285,5.043855895014426,-9.78386904250264,-2.9822916349181696,23.363270615162442,2.9541769133677804,9.840823667585095
0.012716615749932162,0.0183431241504669,-0.020387942636667003,9.039126699962047,-0.6492554146783274,-13.514077740070151,19.58316914401764,4.081713552058638,8.154589645971885
-0.01941238669666204,-0.016158533467167654,0.004106639906612017,9.867025795141156,6.613292166746572,13.983373103526958,21.633014759847416,4.044300605946405,9.112105904207468
0.01721526447843884,0.015824761337695985,0.025064757285965404,2.292906518914883,3.861856548304088,13.378559274513165,22.496586008596697,4.11130824965901,9.609090585109032
0.005887843842137051,-0.016559318039660466,0.0025570547267739496,5.819738791851215,-7.73759904878829,-12.66078466082494,21.400862247160756,3.717417938872926,8.9374034450311
0.01396257685573717,-0.016427668356078354,-0.02769447699727068,0.33511441752851034,1.3084044753875546,8.577494129726208,18.177968810237818,3.1863158758653634,7.617599096233194
0.008992053524482908,-0.01702113769111363,0.004895341549173288,3.753584382212509,9.785129366093628,8.933679869827635,21.53414049322083,3.265699670778559,8.988465929358124
0.01599010119207978,-0.006876316786612078,0.0017488517315090504,-8.907719206829421,6.003351718081451,2.794110810142133,20.811565365626674,2.867489813226227,8.877704448508187
0.007910582801303603,0.019903085580573226,0.025347620992721483,-5.49531826525693,-8.236842610797677,-4.821105574017077,22.75577225189371,3.484032019789886,9.690556216349927
0.007063658481681268,-0.018427153571257474,0.02405948055024846,1.979070823075869,6.609022319141392,-4.754660158572889,22.585227256917317,3.523608752946542,9.56804070307856
-0.007046858179786852,-0.015281187237048851,-0.027437284243864594,-4.177693637773203,-3.4605905252914138,-2.5750878695443102,18.250582602045387,2.9422654995530837,7.701031229577038
-0.0014934593467942,0.017719127877484284,0.03329287613369595,-8.154920112817214,-6.545390097496428,1.494080044025921,23.539001518070286,2.818971138766656,9.969401365830768
-0.008809773524339938,-0.006597195965315602,0.03980831600301748,9.176153252327705,-8.266725428481758,4.856793459185607,24.324968123288485,2.528200981717744,10.256469161378224
0.018157248111809274,-0.01214987448949659,0.006240739785966926,-0.9597012998710763,-6.579040688531473,8.106375327381485,21.19708984846797,3.184410807725238,9.01080855135014
0.01446491069565382,0.014544146935414153,0.00015102279093141824,-4.300008974642111,-2.4002870229960482,-2.099411515229159,20.59539644193045,3.4873557803122313,8.671278222970702
0.002385054993695932,0.0071243291748119345,0.0002248480245614845,7.018559267730883,1.6303063152600465,12.573647563335182,20.65350133967576,2.6936472970372027,8.741531439172428
0.014621070622089689,-0.010877521553224972,-0.02088639256940746,1.5335838625182312,4.680738586583978,-6.786894884196585,18.611773727832396,3.12589409446974,7.890546548081311
0.016956507775548583,-0.0038432978390191656,-0.010841737610059524,6.317938093126379,-7.512174921646126,14.883366241017335,19.941664256264534,3.597871494377275,8.459071911139812
0.017556066474494775,0.015295937193027864,-0.0007572844836651813,7.688546708918331,-1.0513111838317553,-10.711820236023069,20.936490949065455,4.073764629503885,8.786432093748914
0.014585868565457186,0.0032635572249237466,-0.024338932651892308,-4.926572657445121,1.8870222900147375,-6.125474678995555,18.371716040001015,3.0641419231323623,7.795405437038458
-0.012884068420272909,-0.007966905966565619,-0.03286352678026213,3.345988826034784,4.316378613995635,-7.350399498754734,17.712019162756807,2.837213158421719,7.519455106361831
0.0124538649813252,0.016523038468330708,0.03286175823631512,3.28966990501209,-1.0827359213957557,-13.303943819929898,23.358260780185333,3.977135815347313,9.876367148114287
0.019164686157791936,0.012178598726683466,-0.020083750815606233,5.999624702265109,-8.846023585881735,14.57524313877422,19.579203660004687,4.199296363797078,8.206877775511996
-0.015080680448331437,-0.015870447644321786,0.026948050934487162,-8.615159564694741,-3.5877315762700963,-8.384236004979538,23.043631498707814,3.095592100182776,9.795378695924395
-0.01022896447322287,-0.005166845690720416,0.007904289162507336,0.5040452348212359,9.66781564401489,11.932878377648642,21.864337683328333,2.8325823668923915,9.114075058984657
-0.0038832898554280043,0.005451451989165811,0.02094276298651064,-7.858476432164485,2.399657908211882,6.823032551576912,22.263707360467745,2.534686941040963,9.473594832242442
0.007664315735058779,-0.018744681579712697,0.03564880558208585,-9.980768988410112,-8.08628207196698,-8.447015183070121,24.01402534659442,3.6381658092845712,10.201738664302962
0.0062058730073980516,7.770018312736396e-05,-0.038480037074845416,-3.813185835747057,-6.030260151575382,5.671648909543965,17.51531767906118,2.447165642087115,7.327851031943003
0.014684303864133271,0.013731076578610123,-0.028394755638642265,-3.2673883458831776,-7.408437054458695,10.689339086061153,18.638112971607324,3.6695554846674012,7.774121461438713
0.015515811054267335,0.010608057922370972,0.01459147797190629,0.535292964422089,8.170716184364927,-12.27786001341441,22.00331867582563,3.777439159983219,9.300984999566296
0.0137014131466951,-0.0033690908436117308,0.010936314028756555,3.6316936486005815,-1.586451602141036,-10.534435322950909,21.281991395326035,2.8296643004553235,9.051542601286195
0.007433240244372669,0.000263147357873271,-0.003941248765855464,7.281726444622404,7.990062337208997,-8.568809957692405,20.70600629569393,2.465731053712861,8.659755734420264
-0.0012873140168829997,-0.012891128885171296,0.006206333936049392,-0.7444281527645629,3.988972632020964,12.331232578850077,21.173745296352305,3.3075945196947605,8.892136176366584
-0.0019304546138925321,0.018443343206040522,-0.020334641566770985,7.00942025111695,2.3171916637329844,-4.393719386650476,19.25098483802385,2.8073983751352807,8.059911192064051
-0.01618869728766982,0.0019208169813017262,0.030760201144594386,0.32632464686041196,-5.60994140361367,-2.771522223178458,22.85201060031417,3.1272768559153685,9.765601957901168
0.01938512449390899,0.007908958357007726,0.031585496618559854,-9.92488529463952,-9.176195595208874,2.16686683819184,23.95724914038419,3.4913819497242624,10.052987875925385
-0.007895194590825771,0.012621513122992149,0.012670020477971923,-1.755420299360308,1.959965407393069,9.245032284058418,21.261335214526518,3.299192908844452,9.058703450444634
0.0022941191940681303,-0.01753997617612885,-0.010807007405019872,-1.3340833310162044,-3.9717218305223927,1.8715916474991445,19.6450309272839,3.1809328415627753,8.276162899056253
0.00818826700644374,0.005581694057349068,-0.01343035520124099,6.141711253473201,1.4689390970353955,-0.256160179014131,19.47006207173245,2.488720713021389,8.200355781773883
-0.012537977851617796,0.018034222627877048,-0.02874116756980439,-3.479157056082361,2.9136610939052616,6.912996952900041,18.1614171377407,3.7898391854994866,7.63139570495294
-0.015002538030672873,0.016787167470253172,0.03748197923844685,7.009798595227025,2.7040274267864195,1.3361122943467727,23.79338614193556,3.5712624913324187,10.122019361530292
0.018272509357788656,0.007956556285980566,0.03100048838166162,4.007501827849726,-9.698517719753038,-7.846191082903196,23.66195697282024,3.649670412026178,9.974425300952971
0.005094823852786767,0.013555302317019211,0.017682264252105638,1.5624422932327207,-7.6842848981720095,1.7667747824630844,21.978954583778695,2.6705082731922256,9.376967023857224
-0.0062327028196121105,0.002110032863994235,0.0024020628665793256,5.717417062652109,7.205426492261601,-14.957900533757329,21.113698962519127,2.9503258845839833,8.886821790294006
-0.0014761835941697055,0.0073706422602947165,-0.011615676152843799,5.817072771595457,-9.856764500089515,-10.054154920823866,19.87496760408632,2.5271335046572823,8.424745825014647
0.0017463781363454972,-0.017555080084127886,0.013600047197532723,8.448155127974175,6.6858190765396905,6.002122592181156,21.942179486423544,3.3395512072793903,9.29867096927637
0.01654668515422481,0.008910657793601257,0.015837778449412303,-9.93081344549575,-6.194542692081166,5.243778470618903,22.621773594483443,3.430030337446733,9.431760627110519
0.011470526488328161,0.018680411368976618,0.02239918868689869,-4.648395673569654,-2.8721605815048186,8.927812159219911,22.585852699323397,3.446940939725369,9.497729552138503
0.00133834385272006,-0.010398168703317997,-0.013440252461894106,-3.108537002019334,-0.5628367799120539,14.56651658689988,19.30639295059654,3.2089414737907016,8.170387221560336
-0.0051456393415121055,-0.009206597436174952,-0.008648644393592822,6.211451208384901,-8.454992890530612,7.594267258174948,20.042091257171762,2.847951402653431,8.471708027130411
0.015840916212544947,-0.0069115274814835065,0.036021754091434856,7.915821948218749,9.481233591573549,13.837897529244572,23.87180559849336,3.4451055365858703,10.15587970356831
-0.0073243820772104055,0.017529545948392265,-0.02308245894902913,2.4530853929512055,1.9675256338421505,-6.62330843812601,18.639576502384845,3.0567498913865543,7.851834800882451
0.013077665158511085,-0.017027262847880472,0.033664344221927815,-8.049101742298447,8.587111597676284,-12.855243033836409,23.917704841387526,3.9355087528299197,10.080954997912116
0.009316476354909203,-0.014084337341935753,-0.030093766138595754,-3.0381990180918876,-7.749956610895888,-14.048503072566113,18.76119154210579,3.619917907163974,7.762428033351879
-0.015879735127180925,-0.01665147858686422,0.034382049636604496,8.90698469591278,-5.380515525491328,4.60308651472101,23.634572473252383,3.4916450582632232,10.021911306237055
-0.01694482574978103,-0.0018728591051766982,0.008915681709597598,5.997774184854002,7.790236851703828,-12.46183383904613,21.551569868366684,3.527480686916593,9.154029742355888
0.0014252703253142332,0.012356903399912824,-0.01938674203070775,-5.606059974067714,9.483497258513399,5.908787915943453,19.081422350742447,2.5511455031892627,8.087988074718545
-0.013548712703956176,-0.011868954779741717,0.007718156844935563,5.660241057434188,9.064954946958554,1.7379968215579211,21.73336139043227,2.9911024562174267,9.12706075299198
-0.01017088566270402,-0.009927510804464013,0.039138648156565266,8.000577614678882,1.182490690778124,-0.1932745070143742,23.65072633799903,2.633012193495407,10.125441311440161
-0.012275195160237052,-0.001770092932073735,0.017392962470155267,-5.563442490636965,-3.028654912639195,-4.883429921219623,21.86646235156814,2.8035294619247657,9.314796108538186
-0.01768942018455363,0.0063498713339131055,-0.022361137752158217,8.135494042112928,9.758396075210555,-13.594025164307196,19.526131490498997,3.8702369294629486,8.158388101183736
0.012370833223687028,-0.008432887250848018,0.0010571769415067475,4.267606239345341,3.8754301390302555,4.6009059942109864,20.426594860887985,2.651409183982546,8.69156414859294
-0.010296875919989085,-0.018566119730984657,0.02693861626214166,-2.31720809095952,7.318920681545784,5.757370624131607,23.175035347560666,3.603610946880103,9.75817011886016
-0.006462521008426921,-0.007204559550967939,-0.006290332271769922,2.341255139157056,1.090505459790343,8.111065017246663,19.770573611879634,2.743310504568655,8.376370944998435
0.01173623694906228,-0.007189006632487475,-0.01806604408999849,0.2663116181759335,-5.798861248616736,-0.13974856905784527,19.146485842202043,2.4800320027923286,8.057120966823586
0.0019572066515750816,-0.011567045254753935,0.0070945217743342,2.8270626689152767,-7.725774609042775,9.755315685511004,21.160543998946398,3.0559199474537904,8.999972901909974
-0.001223020077993943,-0.005533930102310371,0.004650397419512904,-7.692237404423645,-0.02808210957336854,-11.790827992306635,21.07243196356645,2.6875657225230527,8.910373990187951
-0.015989664678685775,0.015815522937275308,0.00703352095533491,4.80879420482445,-7.012916124966169,-13.274440191918046,21.270141521108336,4.053135618900216,9.065425492949947
-0.0015448531628502425,-0.007605357602348865,-0.03327695917140188,-6.518833857866355,1.8219588432819975,-12.671841215534794,18.02367641022118,2.9228422310326003,7.541610304662811
0.017698673462780996,-0.019565170094657396,-0.010649088401238186,-1.8342524295557858,-6.101804330868317,6.282931861346963,19.898203630586284,3.359816217136611,8.440330168371547
0.018082340643947207,-0.006862711114900839,-0.03361856631598824,-4.04830548924582,-7.398673895897597,10.444690445382726,18.370804544523676,3.433861429374303,7.64792343459006
-0.008542619154896673,0.004047024384807446,-0.019531837190790408,-9.242987823652836,0.4307660286065911,7.7654546036526,19.005912040554048,2.813454655434534,8.059929179257237
0.013718068177422087,-0.007999509760677502,-0.03414699943551971,-4.736754846950008,-0.35381079074172206,11.896430207009836,18.007333187600544,3.119704611763461,7.502241048546548
0.013137855088925596,-0.012668706027634497,0.003812278935422443,1.1734201704547473,-2.3297432467162498,2.3928682267519292,20.70291253221878,2.823791047176374,8.777878023643208
0.017261238624972124,-0.01572050702253437,0.035125795038666564,0.739581041102177,4.476331781461614,-4.465708521039396,23.281314748368384,3.452079662708192,9.90310141417796
-0.01805177952953459,-0.011884809168521917,-0.02520173700598587,-0.28883279472328205,-0.3286211327041144,3.474936624857847,18.300310265533472,3.1176679367981226,7.724542629307164
0.0016916877188195567,0.01591667572894939,0.02591373250561118,6.689049495391249,2.6905478046583493,14.052025398134877,22.8172176294911,3.131482190320728,9.70612693155457
0.019693438816358533,-0.019922203153314756,5.745977643899225e-05,-6.440565316766625,8.469749869965352,-7.427447776798432,20.812282348535565,3.9871927604510096,8.841964200438676
0.01328103040741244,-0.0042216618391720355,-0.03442502104542476,-1.1970015906759528,3.3382689176747355,3.752413061651662,17.458752061616867,2.7895260756120033,7.375482331547888
0.0001464346653866598,-0.0132747266939595,0.039192430600067545,3.5088526680997294,3.556032643819723,-10.169868754682607,23.516526382781763,3.2264654642693484,10.068977139581406
0.014863057523438378,-0.01092247164644331,0.001373406276375222,-8.782139169961027,2.574161320801432,5.183150352827525,20.949586887197306,2.8112874174622964,8.855900359840724
0.01556695178014533,0.008151090481452926,0.026794053458993196,-3.5410299459693784,8.74152775336772,-9.134490767188028,22.697552180581898,3.50946140680401,9.734549807488438
-0.019146555501756653,0.00941146138541507,0.024247780843600818,6.991066180087152,-6.12337629154,12.09841809324201,23.252804559281852,3.882010634521319,9.697435543873267
0.005435475873917735,-0.01722219833261871,0.03554414101224324,-3.0295972935514737,-6.258907565622596,-3.279945581868237,23.64830480261976,3.2889588261033147,10.014942672478485
0.009469309804399462,0.0029048104056708553,0.025586534758794667,1.4997330306421048,7.545907975330628,-7.936133856983912,22.64463669221975,2.7451935267390875,9.634393944618626
-0.0024858418038502077,0.0010141584745432912,-0.030955493391587013,3.982123823248603,3.3746619540235123,-6.005001452896684,17.890939593807857,2.2095938879290893,7.540385232129254
-0.0010313308648032052,0.018627375093141486,0.014760414412740445,2.5640264191162565,-1.9540328231534367,0.18029492562590477,21.68338540902413,2.7856234897065035,9.194792639145726
0.016978461637250485,0.006234812081448996,0.024619966184728663,3.2356890742146653,-8.63592502066546,-9.954621744028675,23.03731134759636,3.5766703620823526,9.707644466163996
-0.017775229341746274,-0.011307749596418311,-0.035500432517874395,6.026013369573143,8.957799939357084,-8.119254081725622,18.03747505156529,3.131724256341881,7.614609738992146
-0.015328102052931412,-0.0029215226831293267,-0.000811538079644937,5.697012519549229,-2.008951639894965,10.233490268290062,20.624493190167357,2.9013268579983094,8.66326416268167
0.01839673897220093,-0.0047783166779612075,0.035917086912348704,-1.9600401502415359,5.184599681975129,6.111507594476741,23.36869235753453,3.2802845635695164,9.965670693701346
-0.009063002541995213,-0.01841347383339724,-0.01682493335075616,-7.763458890605593,1.744857130035287,-14.477038582804658,19.765408750578512,3.7860258219554197,8.245578758639464
0.008011856862572261,0.002489438916589627,-0.002879353497606596,9.445801971760336,6.3364245064702445,-14.667966287719556,21.100895641198267,2.9207937303383273,8.75446735455225
-0.0178612613133043,0.004772916656245827,0.01861761107775453,3.4956057694019105,-7.597348358800112,6.682935479338273,22.359465605659175,3.302450222677511,9.418671624174465
0.013313332336670872,0.005285790892049728,0.021360666253917582,-1.8418623913192977,-6.386764599039115,8.26999108328021,22.381608429192347,3.2347706510924947,9.490319256831647
-0.0160021193729877,-0.014965152536236405,0.02214010432090164,-9.595359830308134,-6.614362031181152,4.3752518013846675,22.7968442774944,3.383183954819787,9.653454842004978
0.0007771474669647921,0.00870335441810231,-0.015203622641779706,6.245496491277326,4.206668622707712,1.2206759042145698,19.41184788936642,2.200793757064004,8.176388968842133
-0.012743904156407524,-0.005953314732912718,-0.023965806891052974,2.286066590728,6.430622220122743,-7.463358067723849,18.575964582842538,2.8809919744460837,7.876044774945716
0.01696398410428181,0.003751998879558755,0.025149009555185696,2.9262369129422154,-4.525247047892567,12.865501863249811,22.514318443050055,3.710659861636884,9.61780172788456
0.016734970170705233,-0.0034218059261297805,0.020684849059716057,5.980165221132063,1.6326286443750977,0.15375303222792702,22.221628546869976,2.9213724366798144,9.417528918110698
-0.0038735041966385664,0.0020777812732211826,-0.01543915832523118,-5.645864048981815,1.7806899571050678,-13.689169504645887,19.44335385899386,2.6596916176397976,8.145683345501064
0.000340438961227086,0.013506633701382335,-0.03765068493146217,6.70161444044394,9.219744817257233,-12.118094481033857,18.318776691246324,2.992544810015674,7.557002763064394
-0.017095932659129363,-0.018787927141400047,0.006549689032725875,-1.8932923106166548,3.4707990334093743,-9.503359263158554,21.235660338273423,3.4186093305390064,8.987081992900583
0.007974234283641152,-0.0030343470138550176,0.035943224308561623,3.7943686629398137,1.6978804475768108,0.9654912328823979,23.24495199110786,2.2697507503201746,9.906428285829884
-0.0034203558060605307,-0.01560484953211223,0.02424048722908833,2.9568457005297706,-5.899517405061891,-13.833437721148156,22.854586701588786,3.5063182251744602,9.604455234926299
-0.015765900815539448,-0.019410004042189666,0.03722591733248486,1.7550833316677235,-1.6878883391421695,-3.826946063109185,23.423894555934975,3.3437371305923365,9.943260507934212
0.012818101194652123,-0.0013992035559688316,0.03445503365573741,3.053360000897051,-5.720005787433067,11.509841630111687,23.258392306152125,3.1838182418811547,9.959714749224728
0.009573444357207594,-0.011696608303650087,0.008995340010170695,0.5242470787501148,-6.579668917578314,0.2953399169167348,21.45205497254498,2.7769517673188577,9.046618250516257
0.015582364327368977,0.01273255620700094,0.030523011613337737,9.543386190896467,9.952935784035532,7.752340433486648,23.725709774646557,3.6989745235051275,10.021377323324616
0.019275755676628214,-0.014408519535492435,-0.004017583515409109,-7.452032211106355,-1.1274102591918442,-13.508452518456897,20.31571425516266,3.7900679506805135,8.686150618686412
-0.019206944791386876,0.00013970836029154887,-0.006848102915931194,5.592946222961057,-6.026104070440821,-11.06350536263419,20.00835639499875,3.756943397697637,8.500799427975986
-0.014922671060233043,0.006322978235933984,-0.025716793471904288,-4.416508379738819,3.670139649494846,-0.38366740017332823,18.5803853563465,3.0296513069743156,7.772920224864338
-0.009180904984915124,0.0005691493878561896,-0.028016749223092222,-3.6180235669632754,6.26985660719955,11.504326535750408,18.44602091131336,2.8776962729919995,7.733954495156487
0.017967939104625703,-0.005137885461239163,-0.018608463397607834,-9.279727843659334,2.438018370633637,-5.053327394434772,19.215220195928914,2.7688959156226582,8.143778378361048
-0.018246948865073685,0.0014754991032330973,-0.026299740167183713,-6.821124686597315,-9.023877757182369,12.286200473411128,18.6374673890148,3.4807789910964817,7.891482496072041
0.00183499808263108,-0.014936303503899798,-0.028220631572165103,8.757094257331929,-8.487543655712702,3.524970950565759,18.51371859006277,3.0125210073922037,7.830335222803336
-0.018804029946548898,-0.004732887986174456,0.03539078036965427,-2.662086851227574,-1.1086931186152391,-12.873485992470314,23.48635690438775,3.64119367220711,9.943716454631632
-0.017131547818167978,0.0029497322309393163,0.036316506148464746,7.3431609898565355,3.009169518805134,14.356922057111852,23.653710004240356,3.5629284057963604,10.087492355476579
-0.002730009522598234,0.018310924494348752,0.0019295525773947164,-8.730941354403496,-0.7091013657762453,14.004394534270308,20.940728192304217,3.5298542248408094,8.838142066974466
-0.003330025156994494,0.019417212730866117,-0.008886099752373786,-6.767149776458696,-4.909377050482844,-7.809086558916164,19.778317673378485,2.891975002388069,8.410247580646017
0.003298526163428569,-0.0136238135686888,-0.011328802487079192,9.410031992581413,-7.689330280247901,4.575371312509368,19.917609253673103,2.9141917552412413,8.431880429422344
-0.01094127513525621,-0.003788784447696144,-0.033773421865854136,5.094371253519913,6.987522004847886,7.753522683702805,18.081130195879414,2.5823548715051654,7.5712322878929
-0.006854372253804825,0.001643725263917907,-0.014907355738252557,9.587790880242114,-1.4569915037078118,9.551394914790713,19.704029894966823,2.607094395052915,8.240674444331118
-0.01640655133904668,0.017882373583913803,0.030816337758308394,3.8129090307936657,-0.35985899278364286,5.385243979185649,23.228289843383223,3.9128634838956184,9.808272694041012
0.013430350062599506,-0.014670354922459845,0.013984349781549749,1.0577494761646715,2.672976979400797,-7.189447037160896,21.397294259677427,3.4322081275977383,9.102876025978018
0.01659215778850891,0.0003730873348366179,0.00591335914174837,1.9825345417583957,-5.880104097717254,-10.323882178366116,21.26136261876123,3.2490548073115484,8.955742708501166
0.005143418665015907,-0.011998476834360514,-0.028132615224578154,1.3455858052477723,9.321754986840713,11.325375065973219,18.803263782596133,3.045653398431674,7.781081525445492
0.00018729004300196625,0.008542790620129356,-0.022037900546121918,-5.398142087894737,1.3839776801898918,11.14502656189358,18.596246266943815,2.667040788663685,7.873190913867155
0.017896268439977072,0.01485222747003712,-0.022407118931893726,8.34917161294591,-5.834399351177922,3.4925638290992147,19.270166716800755,3.6885473829594417,8.071995752754399
0.011472328467834924,-0.008800128892899984,0.01677312232149826,0.3320889809133938,3.084008126396256,7.365497124486392,21.72644696413564,2.6903580954543123,9.206697340165533
-0.003854455508787241,0.0049678116045829,0.010450187079952024,-6.648305475951128,-3.076535482637559,-12.513965639447328,21.319147180253584,2.642479617402294,9.091203331301918
0.010278359180865372,0.0029335099236167082,-0.00956982697000762,-9.383127155551346,1.07782538508906,1.2571015381426704,19.96260739505859,2.5905561713307845,8.419430556938337
-0.0016529194583691127,0.013113734589568642,-0.038916548541382066,8.44831160506606,9.474273812924213,-10.517059468667778,18.33717361077498,2.7742024424267373,7.546524618872034
0.01482621431282041,0.004589722305706784,0.03283034613013557,4.942076364399323,3.2913301817348906,8.463234315028256,23.163571664556795,3.3819326228828848,9.863075498132064
-0.008737858202730023,-8.552548994542053e-05,-0.0008557974954692682,-6.820818633728569,-5.4156839478544105,-14.518466489380653,20.44423940385455,3.000846318486782,8.73811509649961
0.015338768681704477,-0.018140677298179975,-0.03252594834472232,3.9620117205943366,7.30175187096415,5.905983043509313,18.19199541700936,3.132766243651143,7.575804443849033
0.008508415216842993,-0.005051307521112918,0.022699052960460632,5.4621485255482725,-2.804863683392755,12.661076598778315,22.375432840224683,2.8192522355564935,9.510434936198498
-0.0017144628328147858,0.00690577645745204,-0.007907947661742382,1.4726975770620836,-8.27795699860452,-2.380231537273346,19.911604314170432,2.100007819435999,8.444429734812891
0.010513878513211224,0.013555627274226555,-0.012728271650645918,-8.902904097167765,-6.6245654898600055,-6.510120744030756,19.833172527041103,3.4054753992358244,8.350499234200768
-0.0002065990634568353,-0.009473725507908952,-0.010369810963369516,-9.656611444651444,-1.7169522715584566,5.892631953088763,20.011605862876024,2.771700980718355,8.4235725335436
-0.002043834045262361,-0.012239207930670806,0.03442615102218915,-6.315464449140449,7.36653688728428,-9.280230675898892,23.7864999334639,3.1410953817978875,10.0342193338745
-0.013963923969283028,-0.000489709230748904,0.012824590614366756,-0.9404565912936853,0.16304792832125337,3.703971662826863,21.254591140681825,2.6825215865928738,9.039349989084386
-0.0006668938753739001,0.018274184174453787,-0.027894334269403888,-2.173231213693416,-7.445481861859189,-9.073284949388475,18.203655152794752,3.0699157109477473,7.738722656487479
0.004801557160343181,0.014662026920526098,-0.011618178385847697,7.095199918021308,-2.3971613074428006,6.278935691894983,19.91495867133604,2.7951596693143577,8.350558993447688
-0.015563014396101051,0.0020678523768674108,-0.03690890504464348,-7.1413515910103005,-3.9137233516893932,-13.528876521068753,17.826795769835794,3.573288950047285,7.463596618928302
0.014896358411345675,0.012852288547463526,0.03454589721995407,-5.505418108814382,-1.0772803840512566,9.26942251437977,23.615506987182997,3.5848058996092975,9.942096844550155
-0.008952424342525847,0.0058934568204313705,-0.0123793334790495,-2.462109190163777,3.507450563031826,13.180243711351785,19.40237309143614,3.205110113742854,8.216432857576729
0.01239872391301217,-0.006078178734603626,-0.0344627156044888,9.379779866491344,-3.1955230242978105,6.580329301001807,17.902710006764416,2.8184688120307344,7.543408231127453
-0.01770500037676194,-0.019528640730257098,0.01132742521899336,7.283514181432135,-1.3477531101532652,4.120758167137414,21.46589719734277,3.7678840483528333,9.149672667460528
0.008117396045004367,0.013981853483040489,-0.032726540070230827,0.6906763373585889,-1.1541246769938454,-4.792272093896337,17.695853930409456,3.1834012966557172,7.43389940376749
-0.005172250370120439,-0.0033821036011714815,-0.026237405707842235,7.273967824220637,-4.224258506927923,-3.0083309508432254,18.40801039149141,2.16691612533176,7.770252533919649
0.0033924111770774444,0.00744983216868594,-0.0007574597266522543,-1.1472904139192082,-2.6671861476661674,0.12365785228710457,20.154382502375086,2.297810393322007,8.564484975259289
-0.010668027796413404,-0.01918962495617232,0.033212590534970936,-6.229425321561786,-1.9895025270167181,1.1567707737467998,23.20418572451044,3.465526276960239,9.928940406088119
-0.006564611799284194,-0.002883126819876951,-0.008621907713940856,-0.9383585591513093,5.372256125391511,0.7117776776309501,19.761812198687014,2.0998550317941875,8.354624064274923
0.014782429053661835,0.006965893089831494,0.0012822207573484276,-3.3466518171167063,-8.4532744280582,-5.613564637137314,20.92388963430348,3.2843442246282404,8.831131581655663
0.004872704330348081,-0.0002284792819986954,-0.029477175895809938,1.4174233948638246,-4.153246315453913,-6.942276101074299,17.999622411957553,2.323911450528925,7.5831824703901285
-0.007646920995223834,0.007480422531212914,0.01312029519478159,-8.310449570110105,-5.842034636818026,2.9633032113018523,21.81305467545092,2.698732372140519,9.232485167567908
-0.016518729440923873,0.010497376527630466,0.01941184212420779,-6.416299068057341,9.72696596508014,9.274283145232747,22.577880967362294,3.7647789744502926,9.558752039483554
-0.015332222808450391,0.015641523774176668,-0.016829764676911694,-0.525674154960825,-7.216703846838062,-1.590434111339098,19.19359724153956,3.4269018874104034,8.133127680307595
0.012790909246539996,0.0026227535046625533,-0.034067060822267604,-3.60139019485064,0.872011824070567,-1.606624556920604,17.583405557400937,2.7051607646634066,7.402458145069412
-0.0006793767275092878,0.019738276050165437,-0.0004535777391233009,9.626342915680468,-8.830741258435648,11.60151156320326,21.75978592089325,3.361134068316711,8.979681956017675
-0.0033435703777434066,0.014359582766997527,0.03358765594185336,0.8110803186161597,-7.945188517153527,-4.0049757615747374,23.271950402942192,2.482444641986225,9.94316338019183
-0.01714783535847538,0.012719276030568213,0.03834092302872424,3.5917909546382703,-2.3708684960885034,7.292788351816345,23.875972909022405,3.7553744333737553,10.06491179177928
0.01987657809576975,-0.001134165279446448,-0.032317709659961696,1.8398982367279402,7.12264943257146,5.758227787756631,17.839742858774326,3.5045642727473756,7.54969205880748
0.011737657257264226,-0.0011684902821959622,0.02197323341090878,2.410276857332775,-6.490861138883428,9.959838661579056,22.24195807328967,3.0327190304785554,9.517271553205951
-0.006187897157117636,0.006986097212308903,-0.005678500835397712,8.408070997363033,-2.495820765049066,-10.608822994020453,20.17047014550915,2.9098266196780127,8.561809865416041
-0.004720087997771141,-0.01273690364428179,0.029546714555216257,-1.460433489542691,0.020798115386808647,9.598347087623303,22.72367343422239,3.2363937768921494,9.658485059679691
0.015713428622461573,0.006994685846274402,0.006422949151566666,2.903994241822245,6.3910390775549075,-4.587345311573706,21.244791753812734,3.2119553799629017,8.944544508735792
0.01368818287595509,0.019646197146273827,-0.008895797777693035,5.951185771769168,6.47307246524554,-0.9213257849815566,20.38783945552751,3.642777104605416,8.513611238314677
0.01178920894309832,-0.01780074653267059,-0.03200595045784705,-9.271689955521031,7.190415773466892,-3.1340999614944707,18.347355715554663,3.5111856909219137,7.721446328358397
0.00935784505247705,-0.008164716969351647,0.02851583229374651,-3.8724754105010106,3.778244954432825,12.211049044782616,22.80125372942679,2.7548991319187306,9.71252367627691
-0.003342185099448152,0.013911045187953264,0.01581698808069556,-7.9136493357344655,-1.760068038103494,9.048983976690785,21.964341623729723,3.0771102314038195,9.294057806129757
0.018114693383918027,-0.010350307879049666,-0.018569701936468085,-9.968407627932178,3.8537491322011537,2.162169750718416,19.380133253497643,2.9531908791108785,8.189404454703903
0.009377234353622473,-0.018909916201941664,0.01315229613567103,3.9977718153015047,8.381030522523922,-13.751055581428075,21.683813325980438,4.0410539018063,9.26203178399973
0.0049018059981545195,0.017925541560461156,0.009748619169284822,-5.307465235281413,-1.8239767044293043,7.374508599995735,21.409942504500204,2.829670941635699,9.019847810175289
0.014984879958112176,0.0006447956539214553,0.009467184430661392,9.3278310847166,3.083346016772852,-1.205296513418956,21.62403894411942,2.8517220226945796,9.10418864427606
-0.01581427281685976,0.010399262350841626,0.0325115380185402,-1.8162557547658604,-3.5271954350509365,-11.243227193450776,23.0254033188047,3.7112166374922166,9.823960252455212
-0.0026714499624529396,0.019049710373266176,0.007709707355059922,-1.1315883017898223,-9.932696923120192,0.0040376185118056185,21.25114260074063,2.908037152539674,9.07427383361052
-0.008057066138690235,-0.01134128179166706,-0.0126921134506898,5.856813905702051,1.9340423999071277,-5.575210316032468,19.27594297129102,2.705126809268341,8.223066296476054
0.013461411437619922,0.002046232978840889,0.012568073406317534,-2.2051521404477796,6.508710880757718,0.4800063815765583,21.41365647383169,2.7943274894132997,9.133077000059515
-0.003763027129409055,-0.006458077275873468,0.013716708500855261,8.287239612205262,9.24438675430488,-6.093659408379928,22.102255333541645,2.3760690309764225,9.339049094812575
0.004132792735573657,-0.011495120253498676,0.031121103462256654,8.742539805148738,2.213254846355067,10.16576400045897,23.0095502948873,2.981627576362006,9.867699874098841
-0.016806123981736813,0.007256613246387565,0.021014737125862902,8.065142013271178,6.987059224659042,3.749263494291263,22.594597493159824,3.300819700350311,9.597016200258006
-0.013785528565988851,0.013420816381703633,-0.02139649653391768,3.068238814593041,-8.848030372678132,-6.353781179641837,18.9820096009884,3.4593782356812657,8.027626349177286
0.0003313127694348911,0.012526846162802387,-0.038408045672187585,-7.143742023020634,5.574936365806984,-11.575318143970636,17.769929302635685,2.93723249273842,7.38783233538504
-0.013734156231837531,0.011361548343949954,-0.022547179012672308,1.285731986276339,-3.3295341666560496,-12.588444116616275,18.45966287876416,3.6788819900024015,7.851374938567943
0.01499225192934402,-0.007705421280046188,-0.006076967443657058,5.461818191335638,6.509515761866119,-11.00673932044659,20.30106065208659,3.0522902011860484,8.526895975000029
-0.007909735517269194,0.012294868790360822,0.011720449922573282,-5.917343670664792,7.619670055201741,1.1925013074998994,21.694180166072158,2.9076351390664823,9.181137009521436
0.005937303937673655,0.003022126258492349,-0.027882561324932595,-8.027507285965616,-1.2284135146811437,-6.947749777966061,18.2388680294883,2.553906440562852,7.723996844288905
0.016234791217112406,0.013253335063519927,0.03788019564727701,-5.175286157261915,-2.356122736609036,6.639745100505749,23.889761982904012,3.5783802378486396,10.06295198920732
-0.005981713640181652,0.004039469921385725,0.03335704622419646,8.335012480376186,-4.7609792852312545,-12.931084148118138,23.33937722951817,2.9117513405132707,9.981978833216559
0.007427215641834937,0.008185142520147012,-0.024299604151878117,-1.5973252147840373,-0.9684792372579025,4.27543176496803,18.331224756807416,2.67098689105997,7.703486332302898
0.015322943693805196,0.015195533847328416,-0.030998709881092525,4.684152834485918,0.2277638064652976,6.846995072232193,18.044134760023095,3.6633642253121566,7.608646214114612
-0.015833842529600337,-0.010333066358542382,-0.014444830406344106,-4.126042220476727,3.2673687808909797,3.381501051187456,19.402150548731917,2.945871217350343,8.210648061508586
-0.0022029293233413287,-0.01140768013663447,0.03642450958315468,-2.7960336729764546,7.1360165227842,-10.359600338360721,23.610265501536166,3.0953102822287906,10.046896315055601
0.00296922555542772,-0.010952548979215973,0.02213610242573097,3.829551439941582,-9.646436904421485,14.312645708803274,22.492917047655,3.2107189263107223,9.615578381489216
0.0023958659388553863,0.017745210197579995,0.03215762013421091,4.937381768398454,5.454727074282781,8.819364791486024,23.273758673198543,2.9361155691558958,9.916380988989992
-0.013816964384297803,-0.006831985723139589,0.019083080256498013,2.0573454574795047,-9.545089324459148,14.067711380215162,22.220786803638493,3.1292919804954287,9.470637641046961
0.019996678221903843,-0.01506231209611415,-0.0031833443219088584,-7.272545881328691,-1.7210427026355788,6.6259547841728015,20.862076596422714,3.226671952198072,8.72658026026852
-0.01337119986176261,0.016994574088090995,-0.0296072815390532,5.1618725102047165,6.907893331753996,0.12985667836319337,18.407697506401046,3.450670181035521,7.761138029780995
0.012975780088807874,0.015865620639091766,-0.013342501760819758,4.004697404036268,1.6493849921629966,-7.7403540043948915,19.727569503232633,3.704548894381752,8.233699614209222
-0.012145789038516472,0.01855718322619544,-0.03444604608975452,-1.5628293732763971,6.015582810704142,9.995550164578148,17.69163910967729,3.9383655661974037,7.499504050842525
0.002170733777360531,0.015773526194213332,0.0021794531528684657,-4.024446409542762,8.269527015313429,1.1308497880845039,20.7013364514337,2.6314427346929374,8.824244531569162
-0.008442021333574159,0.004320821402103339,-0.03105993683302783,-2.285520606759068,-6.554611906246346,0.3186042256539352,17.809072972939287,2.4373713842561227,7.559578381000769
-0.0052155757436730624,-0.007233917833851975,-0.03790675874430064,-5.877354554096186,-4.553678248407205,0.17165217851930947,17.367638628082602,2.412022430563944,7.345062288163348
0.009137159322191387,0.017767168310848517,0.0015293907562448361,-2.9543153013557806,-3.3657857978828876,-14.881803898362108,20.464005535737073,3.9418054159911344,8.729023151966615
0.006720109726071857,-0.000573510136172864,-0.03576292544266533,0.8728931552772519,9.808797079022074,-11.13428362151625,17.63158256354943,2.515844162141624,7.4913815061286835
0.0003818004193506426,0.005306774969939681,-0.02652267126163358,-9.597367479182758,-5.383060404691166,-5.145645847020447,18.5883630674787,2.2412607244738867,7.8309127570473445
-0.01647368178598122,-0.006127710612031909,-0.01739811482908772,-9.655236252628015,-7.533748170481713,-1.2314383136783196,19.375041658618617,2.846190419050956,8.22461056726167
0.015566729135088424,-0.007715926061383134,0.03552767380868554,6.506708574234011,5.656259172251424,7.3464441230021045,23.473789737100148,3.060844957310732,10.009854971128355
0.015357023664847699,-0.0198716592636125,-0.00919124551675628,7.0574006971112695,9.71987374791468,8.417461731537081,20.37222956195655,3.36037131525255,8.524038658953124
-0.0019797739242056744,-0.01103132161792229,-0.022200295946698763,-9.522157812469253,0.13045416853253045,-11.118677192595516,19.091602764942756,3.1047001110584627,8.020300116468198
0.010493507249144617,0.016288127272282227,0.0394722964945455,2.943581569520239,-7.18304769745973,8.05307049934449,24.01081826913522,3.302214056401467,10.194399352925625
0.012558723253678582,-0.008549355649051451,-0.013645408352386017,4.383042518902769,5.2417463913326365,-9.458278354976299,19.478025108908778,3.0158350589060197,8.203783244551335
-0.01571305187300154,0.0076547723044680625,-0.016401316560297027,6.198370276411186,-9.140282362282822,-6.723396547511269,19.528838300585022,3.497425069218608,8.235920595221323
0.008935436327479552,-0.018194943096187296,-0.026988935714843655,-1.4234842601642956,-6.778242409437238,-0.7504382755350356,18.676756566451232,3.3315380352031965,7.802948229816458
0.0019214189458552806,-0.018370005630748622,-0.02343841005954519,-2.4076350167057097,-7.119707641467361,-12.286404458648047,19.17965261280083,3.74005813489923,7.950446199996222
0.002714386006125981,0.006030188545810784,-0.033364891974369336,4.5157554947496585,-8.382583741516548,-12.445928065119942,18.057581981777425,2.8247772378394584,7.606175800766719
0.005805080344607673,0.01977054381962128,0.01438335416100598,-7.788177863685655,-0.859515608078695,-7.4623534996816545,21.706159850883225,3.4809633985985986,9.23651400741038
-0.008831599514226976,0.007790171371348954,-0.0008467295199626676,3.8414140940149277,0.8970613179889035,-8.856788489062303,20.347525128312384,3.0113204303877423,8.619261977447792
0.0064360246204954764,0.014743032763085761,-0.031723795710779434,5.433924922354212,5.916294193067756,5.520361793393008,18.15719217963371,2.8960885457634964,7.6337101255309845
0.005588737745289011,0.0005587590423366991,0.008915232173667437,-3.097078929886303,9.65818937533298,7.630824190910847,21.542341394042758,2.435389555979389,9.085380988677377
0.0005033897373867557,0.011284521515873312,-0.03553222167738162,9.731338513666604,-7.147273262650298,4.778193258937311,18.388071281566067,2.481044443258703,7.605150709104165
-0.014436218622884668,-0.006874753831513312,0.004792772498764156,-6.949865547748977,1.2521238390413423,-5.715700403704787,21.255775053235453,2.9138226070106885,8.925348804372712
0.018844793627729884,-0.016982448036653497,0.030216385192354235,-2.6957767005952498,-9.181348165502548,10.301157818431676,23.44482519856024,3.3327962346693765,9.97615056181075
-0.01592460627546257,-0.019090230123514077,0.00661528604806013,4.6850499874438825,6.780512920123474,-6.073019530061908,21.395564810485126,3.2637514696776897,9.053968471785744
-0.0027857359778207073,0.004592954956386442,-0.010802501420935019,8.792360432534071,1.5166434896785397,-5.697605403204337,19.882727166530035,2.331864910151903,8.360821184546223
0.006826422448113358,0.008846890403050457,0.03820420886488612,-2.334384921745592,7.120765090913238,2.7378444088242233,23.578776391071465,2.5332833688049696,10.071409174152913
0.0001468059975958981,0.0034705850420021986,0.034452412547135776,5.142883050477689,8.462827243437744,4.884174238312006,23.51784809549321,2.1292855521271417,10.012218587682367
0.016619768767855047,-0.01573688343702443,-0.033356598674245216,-0.657504416636927,-5.155406439385217,-4.886291900932097,18.193981305814074,3.4773658507787344,7.580872513052417
-0.003967838911592598,-0.0117663998655671,0.028441564327532247,0.62447468839766,-2.0392259000409947,-0.183239079760396,22.591193924442933,2.685876058615072,9.598500772344037
-0.0197270566736875,-0.011594258625021383,0.03538916847374559,-5.3836138708879355,-9.38051190364452,5.005584748666397,23.571655589509703,3.199027520017674,10.075612519953742
0.012940186072428143,-0.0029476905846576792,0.015914066318275258,4.72005441697954,-4.487862777902228,6.243985470075437,21.73966009357004,2.9084490800645364,9.277144751455621
-0.01804352337956243,0.012997635378590108,0.013096033962545155,-6.104962108577505,-3.353288908687162,-14.101819256072703,21.881391089260237,4.074570571370302,9.232608496375324
-0.01947904867311946,-0.0029203883933038265,0.031408510094349355,-1.6039106844716713,-0.0905060196631382,4.347775261450213,22.886636823024077,2.9335602888502668,9.747665489875487
0.0033646630638491624,-0.01608949545560094,0.0072566679892250435,-4.179021652895214,-9.325034825875814,-14.134335270366169,21.82900909016781,3.650579766377423,9.11802855053431
-0.0049020794364702126,0.013423334257666498,-0.03787129906278199,9.57521236588579,-3.724721061207781,-8.161287517513422,17.739968265675657,2.922658846106286,7.48292824468277
0.0007422643008984375,-0.016945930555924537,-0.029043833163231073,4.560106301987304,1.940617608109914,-3.015192844573418,17.957031588885584,3.2138618241258694,7.609963990395532
0.0035976861145483006,-0.007577452408467633,0.008329791038739105,1.5451981479763894,3.203537447571179,-13.441684856554339,20.93931983258409,2.9893098600005263,8.926384227637376
0.008035353220227765,0.0004291422735845929,0.034142557883521225,6.861908402127522,-0.17725617674072502,4.02933446195577,23.249775967485018,2.521341547438795,9.913619178586716
-0.0013082180991314807,0.004257062162444605,-0.01572344916602999,0.036327074608742294,-9.401348116352832,1.7469861849446744,19.33629738209084,2.026939037202121,8.181101984856497
-0.001106035933771253,-0.01055880649356881,0.026290433239485496,6.43283612503733,-0.3090487827634867,14.324125394370693,22.653754033936107,3.2095439237598025,9.64930528297848
-0.0014912559768239589,-0.0005436157223477484,0.01590919200371601,3.198838254154772,-3.820105710445416,13.202187609012999,21.801565521924733,2.3525982960126086,9.235704176433062
0.016190692354493216,-0.017453174686670642,-0.027711097672072887,3.7990269417450513,-0.11374283292059673,-10.864067489884716,18.374545852209934,3.8936819712506074,7.7118271470827935
-0.004367399630306634,-0.003964013964593071,0.006252053462254548,5.523151895539195,-2.829437360164926,5.018901062389997,21.004460419059477,2.2776684517063237,8.888189684769975
0.006565341561642023,0.0014269966555515712,0.007500168325474323,-6.795537901939035,-0.4864261614661096,-2.038590466204269,21.108107487744174,2.253174736428655,8.95684546795394
0.002612763195943363,0.001184820598083322,-0.039777059310798814,0.261855187980915,-0.2822065736045971,-7.347536541052304,16.85901562404977,2.2567840063138456,7.114414490468941
-0.002699927725762951,-0.016360336698716376,0.02982702046068266,7.5488825503685,8.397620629259485,8.60570337516516,23.53967568975343,3.4492741200446084,9.919839517010868
0.014742019984683618,0.005272975064090316,0.019258358276431672,-0.7729125251067419,2.774419532721952,-13.085928191496018,21.979040900344135,3.4868071977595587,9.319510358306742
0.002845885723801095,-0.006511140526841963,-0.033882928465422374,-1.1600831756580732,5.822996934903442,10.201741131630587,17.899679119020924,2.6164352175291845,7.466918295811221
-0.01512319781071494,-0.017299403324022317,-0.00897026901048898,-2.2566447789394006,7.0670747976126975,2.623039592864888,20.231881116342358,3.457615749016843,8.492430046868558
0.011581576236645918,-0.013554465670181166,-0.03583200465579499,9.050670669774135,-9.574613291081906,5.807526610210768,18.073300614018166,2.8547937018155083,7.629904437401872
-0.0035458700830258393,-0.003077279542837586,0.03657033099965381,3.492554492087736,6.205335801281432,-5.85625677058254,23.44088321016252,2.1538036718774816,10.015044434379318
-0.019397628391989077,-0.0072778365668523075,0.025190048656333057,-5.018606033933757,-5.66743656430268,-4.465858874592168,22.528108517323055,3.217106963229457,9.642512320537335
-0.0032029788482666015,0.011971185902424322,-0.02783928591218614,-0.9946107543508038,2.8749746934451625,-7.471504213274765,18.07596949717475,2.5940008142095436,7.620083441886914
-0.0033430894955587993,-0.014655777671116931,-0.020033810387696364,1.3695820400916414,-2.5186577934304832,-1.8066031296236744,18.761777825478646,2.8869309357994464,7.8808727142843455
0.015504348474423581,-0.016190959132744185,0.010125621221498078,0.4169589572498982,-6.807629468794363,-3.4862045038466185,21.79238832989702,3.43011104246182,9.149823691936486
-0.013494871329637772,-0.010342530394339394,0.007244113540189855,5.434661204967501,4.396950640800444,-2.953870451865445,21.0994978185291,2.6245040380987383,8.984766045182733
0.012048100055315921,0.007846307169783004,-0.027262672569555904,0.5488146189497822,-0.476623447587464,2.416390838129171,18.02720811278535,2.953568755446344,7.596903899450682
-0.010905881777051572,-0.006483059519735265,-0.013883483825221959,9.508893860443035,-9.955419849942393,4.134338241816117,19.99107843537792,2.515887148057134,8.364208000526313
0.0036587247211491043,-0.007055692785069812,-0.0008373706657313282,7.728137942029807,-4.208710032173057,-0.5986155205445414,20.47811208080605,2.3193477266379183,8.700466408371774
-0.014571200567621383,0.009462267041953017,-0.03376127002605072,-6.863563927038898,-2.854505382386079,-0.33005715616727294,17.821825533854305,3.1141380533757754,7.504125052567653
0.004226253885496193,-0.019841489312074724,0.02646797293032393,4.365569804663776,-2.7788696294012,-0.7354358803003684,22.671472894398278,3.3910083536373192,9.630703840999278
-0.007756614045236332,0.019174655828147927,-0.005574828123269898,-8.89916979272324,5.113138629740124,-5.7899094016894175,20.591211787495574,2.9970930168869065,8.591398730132742
-0.004051672649913796,0.016964413135961264,-0.03548537569372952,-0.45500471508280427,7.608454810403249,1.3223484729893862,17.533105865305554,2.937794957702885,7.468159655679585
-0.005837352507824627,0.004335578080857813,0.025161192528305683,-5.169179094901038,9.81617357391604,9.168473526348517,22.976568922665976,2.7343492120236967,9.7119143074152
-0.018577096265893624,-0.002424567996099976,-0.0010505520234122545,-3.680212423694016,9.728707630760784,4.802631563616547,20.992567042932123,3.0059380787310985,8.821906141559435
0.015218133066464839,-0.015031321281093071,0.003306023811825938,-0.42227061634298124,4.521800127938036,-3.105093935950933,20.69987324452893,3.3024865349355865,8.75988541519731
0.015817579472413416,0.014858869255081644,-0.029013044824694675,-3.174926750251224,-4.622543232599621,-4.177647921217044,18.25258582969309,3.700289691593126,7.661670262108686
0.01058982087704144,-0.012609637549770066,-0.03527694248247247,0.9368723874710945,5.715688724828967,-11.944850269279815,17.489324518517897,3.4623261955134637,7.414254165124648
0.013400295848731852,-0.013568139144600373,-0.03483703056820231,1.3565919282867878,4.8942177531432876,-14.955323761390785,17.542968710997748,3.730799257034094,7.431725510314807
-0.007398822870726348,-0.014706889417789321,0.003414734291874569,5.510062552383051,1.4096383381724404,-7.175779550924255,20.552080579759977,3.0675358583034313,8.7983383863541
-0.01013248040344874,0.00619111168014333,0.026788761790189332,1.1753105185774988,2.97269921411422,-1.6497253904897597,22.400196721533113,2.7077711491205814,9.582313084043879
0.00523963200523252,0.01870199190180118,0.024515786065953137,-9.837642625697363,0.6730882525471671,0.33629865577805873,22.708420214524963,3.0158691568496616,9.641922664107154
-0.016577355783025327,0.012967933430587417,-0.005632345772073062,3.9911144521621456,-4.805265889555564,13.435920226449067,20.613211256812043,4.022943103503637,8.57035176548143
-0.006595488123658377,0.006906871253498589,-0.01135841267383764,-7.735954139074954,-9.495184099817973,11.397639381354814,20.085584891081236,3.000411876034576,8.431173952062704
0.003190081127570958,0.0036495948726330517,-0.028772453945153213,-3.77856580178082,4.546105988896462,-3.428246309693497,18.035498101399895,2.221119769125287,7.617923408231003
-0.0006294280057265768,-0.011362763100495887,-0.03467239803204359,0.3416471886995254,6.019116617395937,-13.87910793869952,17.56424014279725,3.297539352227592,7.466045100643885
-0.014263356317235455,0.015609957165599011,0.02212564238304416,5.66684726622578,7.89683175716435,9.269975488927685,22.556929710787678,3.8530106604974086,9.638598314731333
-0.0076691220900472565,0.0032656478246278625,0.03820171163022754,-4.055108249272845,1.5428589321550046,8.023693319776697,23.428164109160328,2.704523246066403,10.009927942068146
0.004799594803801151,0.0032290273826816977,-0.007101085322192169,2.0361672064183463,-5.680502039944717,-8.093913332463467,19.92948550357725,2.5610275515683325,8.43053253160624
-0.015894194901101784,0.0062302482298074585,-0.010165233115454812,7.813844978683388,-7.760565766965907,-14.286967273959748,19.920461323849494,3.865085972678082,8.483633731966343
-0.009927092429496517,-0.005983126056992144,0.014027363686288798,-4.706560769788246,8.106967311969878,6.604139530748128,21.99443763464489,2.6306712027328167,9.29213623202185
0.019400112269430784,0.018665310270550666,0.024775387868834924,7.718033336986402,-3.267931619797455,-2.9003887619104702,22.848159520765375,4.005566802630143,9.715491839691872
0.01256368700187192,-0.0011696603786265844,-0.008314548086033692,-8.25226122924491,-3.737277356015543,-7.788205176084627,20.062447722981,2.7917106297991205,8.482531134932273
-0.004411102623065459,0.008102548485506195,0.022034392541410222,-0.7234317773829453,-6.4094887053212695,-11.08812766201633,22.30933775913719,2.7325654984292354,9.483576753184341
-0.013215421664953096,-0.015584645880337936,0.028682214630022247,-4.127017152859381,0.08612456517059996,-11.586171611868522,23.007080562828392,3.280796262809272,9.740477982770123
0.014793859485829858,-0.018978425610169092,-0.02937693796370649,-3.3662138739935266,6.2260025115707265,-5.590755337102102,18.207655502109358,3.7465696337413883,7.676835789230078
-0.008559523837787597,-0.01646159436048718,-0.011022808098332525,3.8606763650067357,6.4563377499246215,8.571028431038144,20.110040866013822,3.5645162440911773,8.386401126919646
0.010176500743233171,-0.018752089969786605,0.016467318757935674,-1.5356150172897998,-5.156154609673607,12.277647224309238,21.989963495251402,3.666115382630888,9.338555497317605
0.005988787331732151,0.013090944895459072,-0.03466958862659981,-6.947467946473884,8.281963091269539,12.775731080747072,17.78820792981647,3.0215070142858993,7.558402593911533
-0.005366096350479337,0.004319011941322365,-0.03526508523440421,1.5994652547047323,-7.4800356304096605,-0.3988890255525881,17.546890725527895,2.2319683028719663,7.434843064377793
-0.018559460340056268,0.010510522052177479,-0.0090656895488583,8.607220303174607,-8.404043296169426,12.721068353843474,20.871402193898273,3.9178246628147875,8.599038347897212
-0.018711777709775446,0.016237064077647367,0.011955638612730232,1.8768671658927403,-5.961574955854145,12.595516675235508,21.99100288956123,4.312053221694238,9.209288978412994
-0.017917425732285275,0.013630708729830115,0.0390981930728311,-2.840041812890057,3.3826317551443843,10.809732687632106,23.645501574141793,4.062781500766391,10.086744819244212
0.0020658042077040667,-0.01929507344333017,-0.02021860685986099,2.2330529757076434,-6.846409703288097,-12.8383163384877,19.49143171675782,3.863140758343719,8.065083346588546
0.019595801082428106,-0.01999567972796274,-0.037898674516359795,-8.239944886703825,4.080803298737457,-14.775949357484997,17.694180277206954,4.315490967302949,7.529808660169628
0.005744085957385826,0.014904091577545842,0.032249060348770515,-7.902617964113254,-5.113469539874953,-9.823987747020839,23.2852877170811,3.3173368335478357,9.917936266293287
0.003357818591287972,0.013631083344298054,-0.02703668550735279,-1.3543111659272853,-2.420967551253894,2.340551558968116,18.08836764965823,2.5389983468471105,7.631098676426299
0.005501071708298201,0.0029399800682230436,0.0015134872171324518,1.9878006119798215,-7.793366174926659,-11.167657746749002,20.92799877488556,2.7478231393454626,8.806183594405532
0.0022312046779383553,-0.012149128443397345,0.004914789982371381,4.999966320395737,6.162834552090249,-11.17754227402079,20.952004957525677,3.223701159237176,8.909511083077915
-0.016762562035584568,-0.018280932775877758,-0.0017416228248376756,-7.1703487154339225,6.535293061836963,-8.015446483860387,21.182633395934673,3.4092403071039494,8.848355355634215
-0.0021102596746850957,-0.008803729367186621,-0.024265809236053943,8.831259760091278,-8.555916129363512,6.967092155499845,18.969390818887007,2.7199795270366707,7.961165323319042
-0.00981384700087419,-0.015917809774912646,-0.026454440379937758,-2.3840206899599377,3.0323519714591978,5.61263068854792,18.48418737986279,3.392094023583038,7.745309356185272
-0.015284691490743817,-0.0032094127362537334,-0.030693324811183666,-6.253429058695352,-5.379483922577474,13.090643893264374,18.09629134712146,3.0768321072824225,7.661393384110239
-0.008834017828548148,-0.01234103169804757,0.0386482446689981,3.8663710994860736,-1.3605961347767686,13.689374086601493,23.55547441762346,3.4685370938032536,10.04394506456351
0.014434588779182096,0.017200160502130173,0.011187907511091513,-4.9179813741366445,6.382279388776169,9.69116944307066,21.320737327518014,3.6843242273137804,9.154194362479837
0.006101147530036259,0.019088381164322456,-0.007551467954737934,-2.205773771101014,7.647533577517024,-4.5769342376869435,19.877515709263267,3.3370169853712905,8.47909985869101
0.018789558891118194,0.016139462728077824,0.013612379267592595,8.103573740316783,-7.042311524188179,5.598483174253207,22.356071270816056,3.8649354608184763,9.382097856030592
0.010271887619444114,-0.009409835966096222,-0.027487904285967195,-9.895924431867218,-2.6871880653877493,2.7859295823847248,18.83415847815722,2.503007135031063,7.848778595420141
0.0052112032315721375,-0.011963093686643687,0.018283333645686163,-4.322548391921406,7.499686011248514,3.8856831823018965,22.185792105730698,2.6947043031830646,9.397747214278896
0.018381364716600384,-0.003602001512118567,-0.023514125814952002,3.3897667671345015,4.8530608115270475,4.553905964390097,18.520316416749832,3.2605281695448873,7.819881894962519
-0.009948404078899218,-0.013210580872347947,0.017682627799626253,-8.357677341136958,-2.887514453153843,-2.5099473762173314,22.072614677934624,2.814731932478069,9.412674658305642
0.01999987066884996,-0.007447539263273271,0.024002238952291303,1.4790873469089565,0.6046015430159457,1.1216389142631016,22.205003722859427,3.1118286979492082,9.454073076802153
0.007930804461288875,0.015153222574731746,0.007444527352199276,-1.2969000474132901,-8.396483098459251,-12.026898348604613,21.402619730793603,3.5849295409927153,9.042274324697505
-0.008083180050850824,0.013212601143329294,0.022039547513071342,-9.532872251024909,3.57213817704735,-8.417124348255026,22.89221330382554,2.994675482829615,9.586046307644772
0.009407586877399732,-0.013890135736067868,-0.000410519055661307,1.3546363322817516,6.738585329920419,4.008746331847167,20.656362304140846,2.789409423783108,8.677869439020618
-0.004482281245923052,0.01821235576071314,0.002880716103362088,-3.200454783416671,-5.342336125792335,4.010721489101236,20.66674559582219,3.154807496633907,8.79386986342933
-0.008477514473573824,0.0163396025599493,0.015496715313198281,4.010848790408065,-4.59665538620283,-10.495217177039448,21.800572034305745,3.3015390728332354,9.288075714028311
-0.01662330712324226,0.017139382469968625,0.007147380454270678,2.963974070691391,3.763337237734971,-4.19027386064837,21.11995030044227,3.641014569058038,8.975748196276818
-0.0016438177831322072,-0.009564084232181656,-0.02956797196011604,4.354681423829261,9.528046835390754,-7.171354181391571,18.327356406234298,2.778637694855126,7.735230125498539
-0.011944071165707287,0.0007530666520958566,-0.02036344373504953,-7.362111946237619,-5.407101321671812,11.206339963268942,19.047140069528304,2.9938513069840837,8.035673016131314
0.019704638760170996,-0.006941091943740667,-0.010833421633124826,6.202342034638534,-9.067978040813816,-2.4233392932762445,20.26831794903299,2.9012545754920964,8.498752585542565
0.00827397331199477,0.00849166791344146,0.01280711499356637,-8.497911377066899,-2.6426378948336593,5.3747618893917775,21.94271589636029,2.761366968701884,9.210008836923691
0.019092765961387228,0.00016275532974759782,0.004578610989144985,7.235929260212757,-6.536682312418862,4.843138417280166,21.167112565858396,3.3916857401483878,8.981484249627346
-0.010465767798232552,-0.00302493301004135,0.008345895530936967,-5.429534980226071,2.298129443459544,-6.425994200770422,21.382098025361625,2.7198960086708843,8.997551447759971
-0.009974461207304301,0.009409951256791373,0.03212450585662951,-0.14819892921100752,-6.880789293712002,-1.469670951046643,23.014409776913933,2.759463217805474,9.847683643682881
0.011737198046747322,-0.013146972616252035,-0.02497034447639468,7.568496767301266,4.763806883946893,5.363226897239279,18.47936759573623,2.756522572038367,7.840308770167891
0.01785839616165191,0.009916811070090303,-0.02551638489306015,9.71354535997721,9.153973687802214,-10.835944530880582,19.609248533115345,3.7407971783859066,8.037077397708932
0.006180637527252154,-0.010565575400071218,-0.01745746805971926,4.600230328969754,-9.713341242125155,1.6952339329483124,19.526138371271504,2.5718861179310735,8.189510713530606
0.018639978095605487,0.005966547295223005,-0.017650113980475304,9.963969423765853,-4.160277055480415,-6.970984391204372,19.33548613423525,3.4712752393016904,8.220510493369794
-0.006702339543047935,-0.002877740145261886,-0.022474293815735135,-8.959639037916622,4.20630247096144,-12.123111926612319,19.348391127999253,2.7007581530841613,8.018181257257583
0.0005755560180887333,-0.012996324178308117,0.029845775958892574,0.1881365642020505,1.1835437213331375,5.640186885358393,22.751858076503567,2.9721285162027704,9.64514662453057
0.011549190728299425,0.018277908886314597,-0.023483655596685908,-2.2535335399796246,-2.3711689151311077,-3.8130454986411184,18.532091713154607,3.5889015137078792,7.788628138638948
0.007719329032575738,0.004583699780366053,0.0263303685751023,5.611392193047447,8.178376310966591,11.416821005679974,22.8100617755725,2.9732990019438437,9.735431414851234
0.01477779374313137,-0.015193904591529944,-0.019275235044295194,-2.908210720868894,-8.807749708651665,10.123821430015209,19.40871483509822,3.279534264950424,8.18166215937542
-0.014605635257046137,0.005614665775895405,-0.01745845837783244,-8.267298693735585,6.692824346312285,4.287505565535657,19.516860377090026,3.142833495008893,8.19190947652316
-0.012559023846339374,0.017065902635202423,0.005325748810691443,1.4137523980370332,-9.61178109482048,-14.284023996144747,21.131789453401858,3.823098915560263,9.024832073562916
-0.01642111086047894,-0.0044226576580440775,0.004253770422377061,0.5689145686497188,6.437929518274334,-10.01128144445973,20.899291709204157,3.3186823864420196,8.900612001753215
0.0007268560536059163,0.0139905524171063,-0.03570777260387462,0.2882816303714968,-4.699575507736322,14.024868424413999,17.694432132693702,3.067439460987588,7.428115961667381
-0.01636177148370721,-0.005707118357497834,-0.028286466984761616,-1.9136464176840917,5.4518476185783875,-13.324524830692596,18.554350669560083,3.45427828333009,7.755391770093759
-0.0034556557517195635,0.013978210453197217,-0.023460257381636644,7.33370460954329,-8.988007462739663,-10.311566480211646,18.9705601701939,2.890361270051768,8.03504023004203
0.010517812488979268,-0.011589451656612102,-0.03164718804880698,0.8680998728427536,-1.9888201553470335,-6.780034302249623,17.931562235579435,3.118231200043949,7.500907294254713
-0.019070594320160273,-0.019465353400520195,-0.0127528077638022,-2.534785477057202,-9.120972814736103,-4.6672301396725775,19.889021043107956,3.370191682094843,8.333337967117611
0.01709413551232253,0.0004520734507078711,-0.012770629357963185,5.286843040517269,4.508114334835458,7.793703197663746,19.48554463023053,3.4319366726827307,8.241709318179735
0.004187738469040268,-0.018802323140212622,-0.033991650719080585,7.125703386151422,7.324698711065459,-2.913713356600086,17.9771175552347,3.420012998517438,7.56955585479069
0.016592087804515748,0.005755992040428377,0.02163419482876449,-0.8398568267818192,-2.315741687833861,-3.244298439161353,22.11712393569418,3.1790594135429924,9.401523168881713
-0.00699306413705942,-0.008702006795371618,0.036700366042486825,-5.847799775010176,-1.767100022375816,-0.8114046069658318,23.386091218865115,2.4729706659416753,10.004209337276459
-0.0016569794774249774,-0.012853343777351173,-0.010877772756858289,-0.9259800337763622,-2.521291060696303,-12.141250543371598,19.649993160845202,3.25548420789711,8.242149783131135
-0.01711093963717377,0.014327357851228292,-0.024096769046462522,-3.0089861571335526,9.398865202398984,-2.813030306606315,18.886107087553036,3.498498380396196,7.96355852541552
-0.007820183358281855,-0.011452569121990734,-0.00046299604240782055,2.7781457673124343,1.5021903021261718,-1.2629529651605207,20.229201281211957,2.6785598518190565,8.595954548904842
-0.016423015204821017,0.0007612212996971346,-0.023362111918778537,4.634789092867921,8.39507400547026,11.195337146721375,19.18109350014984,3.3386994087521393,8.01529607271684
-0.016787645501359957,-0.00569140040608692,-0.019773322841222223,-9.429050068665353,9.97501474725129,-7.803858892561769,20.006224738015668,3.272547268182904,8.276154316148853
-0.01477079712204827,0.006112112698605957,-0.02569518058215716,-5.312412022014044,-8.584671807933242,3.4084604860865646,18.426681842100635,3.0936891231836894,7.842685826852616
0.008166700156520865,0.006811327208880648,-0.017049016616481172,2.8194984333637247,7.900206491542722,-7.52259881779147,19.356810686502012,2.869822528810827,8.133486254479008
-0.011269682608817626,0.012717533851840514,-0.013549866659706051,8.136762011201778,5.745313122547465,-11.495806147590308,20.117819716715438,3.49801890965859,8.375255603211366
-0.018368106412493285,0.011774239331836373,-0.004020609637550389,-8.43578773890587,7.643419588928879,-14.396912172459793,21.22784037266128,4.064700570086652,8.776431773550451
0.008522699706907708,0.0009452530455178777,0.0009416254894321976,6.719986753166879,3.1841378950844543,3.632000765702699,20.626474325591165,2.5685810284595565,8.730388774443337
0.014703280691743491,0.016763146814488764,0.01083211052740811,8.153628879037026,-0.3748210681823636,-11.997790890406662,21.956638142901173,4.041560104550717,9.217004688652466
-0.019324524605401266,-0.018520837310516774,0.03684323042739792,-7.189721965331226,-8.942052729374899,14.136717574693009,24.08650960055433,4.204477352593313,10.198430271558127
-0.0038079994789728226,0.01823213278002352,0.010151653079922072,-3.9980493037744225,-0.10407426850996337,-3.9268006344868684,21.205338195964746,2.735870117958372,8.982647010218928
0.01782962718720298,-0.004448111826861764,0.004068606693823432,-8.919567114171656,-9.820045721732784,-0.6842215634544822,21.594613108974677,2.983345734592435,9.078865429632874
-0.00940322788820891,-0.004522634308967434,-0.009945033035413102,4.212159282625178,-6.865920251233795,13.813901390686162,19.931775872155104,2.8448804850823417,8.385708856790048
-0.017090091078397956,-0.010717528516222541,-0.028714279923291182,-1.181543001385453,-8.039264896869899,-11.040711213856222,18.500394623900164,3.2567590812271163,7.724454252687257
-0.004234035630415207,-0.019810167623825998,0.03202844744441281,-7.533656395906134,-3.946610994963768,12.282379935848581,23.57365355316743,3.9689664865798853,9.952379592486512
-0.004118235831859905,-0.001626624304525516,0.022292058216586197,0.3518005556516748,-4.924554897319499,7.401110153742309,22.069484685430258,2.2216026907195134,9.44021548689497
-0.013510701473951295,0.014633012266086026,-0.010463958733030986,-0.9851193747902798,4.738431710331504,-8.625280191753166,19.770082870066314,3.518138575379102,8.322965250002506
0.011190703265054669,-0.01281771086462666,-0.013414114145012812,-2.493892664451973,-8.928424656283948,-4.280645079902719,19.952018235551947,3.1009103962437603,8.339620319580167
-0.01564099924969011,-0.019783103116260237,-0.0018652252636781538,7.914379789909532,0.0031385606028599966,9.504248800133372,20.42287726602376,4.013756153867973,8.71472002814081
-0.003912471058399206,0.0016455445240303387,-0.031251781337150286,1.9380621251773604,-9.042899181469714,8.214273296734056,18.022569849468084,2.3333733330315893,7.632191275576715
0.008608203139334716,0.00853384089651156,-0.03978912927510662,-1.8894389524783506,-4.058770859977663,10.090145353153734,17.35698116123157,3.0536415149102445,7.240628478333143
0.009675722667093802,-0.010059354116718638,0.011890673330655813,-6.1358847031978385,-4.72396174183332,-10.036183747572625,21.614925949246366,3.1115401975590475,9.19161752941571
-0.018799168319411717,0.006680571791694578,0.011159844136264842,1.0223702144789257,3.5741276960550135,-0.30619188335942127,21.292332784373933,3.3380405991310442,9.066266175585472
0.01303590686462398,0.012921719215806902,-0.017744317609279053,-8.324046159739387,1.6884260706838994,-13.937739504451653,19.147742075453376,3.8988418387929467,8.139087728309285
-0.008225352691180467,0.012696598216357945,-0.03694339123638984,-6.784118429240136,0.10054627457427756,8.533230171684966,17.416694988451923,3.3103099591826917,7.369239041529284
0.0022792045955643617,0.006493152113490958,-0.005904882005916011,0.9090240853079941,-1.6383387246107617,11.083665849410647,19.793542764594882,2.551613191509777,8.385079591864882
-0.007602114034312218,-0.015490051604636195,0.012123741827314197,3.917439856858911,-8.614124900271815,6.890674126017689,21.68318093100261,3.387571143865759,9.197677983705692
0.01419027647072835,-0.01588183647468038,-0.0011223281133810117,-7.3662691734912755,-4.2767371340496485,-2.4892714572385,20.811910495208583,3.2942313440638418,8.781283855009676
0.019981079794684272,-0.0002793437381093042,-0.03410814623296277,4.69017746281885,1.0253706604151969,-12.734528038046491,18.009653238865656,3.483273146646572,7.4801500734247215
0.012054353964068055,-0.0005477061170168218,-0.010333162276748221,0.7729870098797846,-2.50773872324854,9.545357910081204,19.506693487641048,3.0627340283750293,8.254839213112358
0.0015247304839813985,0.008598158436837863,0.012375334616964544,9.72099927974083,-9.357917267170027,-10.511835021173184,22.030885895235304,2.7939673177351403,9.354837169839456
0.005244143699440838,-0.016162511369690928,0.03295640319640481,-5.069622849091447,-3.68671495044045,13.055459007536221,23.516840582600206,3.5630394112401818,9.93026611709182
0.007845188138527862,-0.01914214074647943,0.002262785532488508,-3.311561927680213,-5.182139458401203,-14.145181215509568,21.160703754191502,4.003182504040274,8.862493518973723
0.0014155225657289626,-0.011114992838180609,0.02438743539919736,7.7637338397245195,1.7037979209768785,-9.72608247332667,22.59147688775826,3.0327905625334717,9.597960109601267
-0.003648945981011415,-0.01084177144377643,0.006012090015898808,-2.7684511738439044,-4.345751549858692,2.5419880811554343,20.87543377564912,2.7571118094137725,8.868354738329975
-0.010933324728245868,-0.0068885653948704256,0.005830642720344462,-3.2952786843129678,-3.4593367462978204,-13.036148157911972,20.921949990258053,2.9593561298448434,8.888446237341352
-0.017560676564139965,0.013245639328169915,-0.036694352953738504,-2.9331100966146284,-2.2834521703608974,7.724767243481999,17.466724908511974,3.883523916380963,7.342901323025843
-0.004021453329934355,-0.003082457350581779,-0.0044939925749342205,-9.866216314980106,3.604882921693589,-8.560987787345073,20.725020249977504,2.34291314241126,8.651140838062798
0.018907341965323256,0.009030191629109029,0.02373946680489212,-4.517894134830964,-1.07390320787996,1.9640637590143157,22.605268988617972,3.475436624350307,9.53218039030129
0.015055305627259898,-0.010824654051537994,-0.03643027000323265,-0.33280817400356355,-1.9160176346964306,-1.2386636236782227,17.478877988663662,2.8832257748627144,7.3469253197829225
0.014613360047721253,-0.017595739157787626,0.013221673196575703,-1.4347660229796269,1.9082148371053442,10.467542514068139,21.563424418518018,3.342800099175306,9.129108790703864
-0.00804457558741344,-0.01620572891729867,-0.00830963316676711,-1.031884883022796,4.090534981770695,9.256921091003239,20.086748893121495,3.551683019843557,8.404065211166142
-0.01491725775769914,-0.01665339038913985,0.03722541483115579,9.946849236086589,-4.7981667298008706,-12.743042496269762,23.685275031195165,3.326579590898578,10.161361228965111
0.005576997532146636,0.009705510619044639,-0.0038590316003305064,-5.442487473486239,-6.317650630206333,5.374269261912993,20.436314181908973,2.598776261179643,8.590734257060333
-0.006184114595761741,-0.015477993731425888,-0.025592291373889194,8.278991547548952,-0.7569253802503049,8.411302712175917,18.457200777691796,3.4299181623341632,7.821715776640298
0.013827943918786775,-0.007217178749033467,0.020691504654810074,5.798203701749909,4.9977708684274,-3.021715641224098,22.31284423489104,2.6095267396685777,9.444200020542546
0.01913981573204657,0.0036727303183907017,0.027677119664844214,0.4026789815649483,-3.501051623412625,-3.4954887695166708,22.665893417955672,3.23771039703682,9.657309275015058
-0.008980106705109007,0.010865895965528435,0.03773665342934141,-9.34883259536926,-4.230465253402804,-6.199642245413818,23.720432446746617,2.8863512084878384,10.132776919580564
-0.014365147744071369,0.009883549609118376,-0.03502665211415492,-7.112592210973061,1.1371759677477655,13.225749678862986,17.665283060905907,3.7920050598528254,7.490946601396447
0.00409781541361303,0.014076211311215541,0.015059177937345972,8.040150232355849,6.217616383118809,7.604974758036061,22.09976347191843,2.7859497726165765,9.36187887706982
-0.01343890116222128,0.0047310788733303695,0.019593673479236857,5.646906674051348,6.554666581054843,0.6289044057523192,22.238350597993747,2.8266920133514293,9.47142934647716
-0.007446040705530255,-0.006178158852256522,0.010958094706522988,0.5067902706634104,2.95663496497345,12.891466806795094,21.411943546276458,2.905078445561863,9.03616839089728
0.019144254203211388,0.013089553590668001,0.016976994285926077,-1.3905505163991414,6.41092280625379,-4.295603607376478,21.934775895564446,3.7848188138077834,9.331915043757547
0.005938191358487461,0.01628925394001274,0.006569196735573539,-2.4323420019303637,-6.364146799102985,5.759281071600427,21.106352707380985,2.8199551845272564,8.949261290735016
-0.002253698493611244,-0.014328014510277392,-0.008442199310030221,7.192562241205394,8.43086835778902,12.447901850728474,20.47607593169728,3.4522060784858577,8.558191636438735
-0.01954718473091656,-0.006091434313800197,-0.016251839141580567,4.250947221283251,-6.273802063927116,-8.678943160825373,19.186203285833002,3.4853908889555774,8.133149433384776
0.014977658359499896,-0.0006399562257043273,0.0228363000140634,3.437699039779215,-2.4527916455951626,11.000516392027233,22.19636183506694,3.356722166989446,9.481988225246079
0.01600948525169536,0.017878373304229988,-0.011888854726049784,9.319908462228835,0.63026814332272,-13.464182878709561,20.380383121124368,4.242244963418143,8.469016234697277
-0.0038112346418413406,0.014777671264795313,0.0008544732851525419,-7.860277363607655,1.2663258979177598,-3.514127167240913,20.73946735883657,2.5585576051314445,8.740902260410055
0.012434124381026663,-0.005366958956927773,0.012358219386004128,-5.023254861829985,-4.984942988235533,-13.265200838325335,21.72419025649462,2.947725932468524,9.20253877349157
-0.016641346803848493,-0.013337078435231704,-0.032988731510290525,-3.07954195530439,5.181102005292777,-8.763066937757081,18.199833958854327,3.090259964396949,7.613638056935468
0.013052601780975118,-0.012456256928538786,0.0014839793963893205,-6.546883574132901,-1.1457279468379404,-13.559576654013949,20.619380132735024,3.5411725948497756,8.818480443642223
-0.011218800251088066,0.01979120657829819,0.005079925248163669,7.943030658039174,-2.500519983174363,-4.346203382759445,21.287712402652318,3.36387851986074,9.000632476981856
-0.008216406664005405,-0.018421999392132005,0.00017101643452033244,4.1906881564379095,2.035627880949205,-2.0156933901207523,20.447266734898278,3.2253578513767924,8.676306400625684
-0.012201790011970366,0.009458456276026702,0.01599309332392384,-1.7998165826972805,-6.784645576248625,8.900736151187296,21.728632263218675,3.3581096030053486,9.2870301190318
0.016146639536150673,0.0061088201060713575,-0.0021625678944503512,8.017295231215183,-3.9311281851023416,-0.34409498715157305,20.537864878206044,3.110255349980883,8.702121988856911
0.01999034798149166,-0.012520708350563098,0.014980388749977133,-0.7237262298762559,5.493647499655527,14.861225454593907,21.920875994468485,3.634303043351993,9.260871471268512
0.0033197638656761695,0.009466691180473896,-0.00953963775818293,-4.883268661350346,2.5773608592613133,-9.121461078173922,19.692520819102494,2.831031794705471,8.316427072278183
0.007908337293632352,-0.001771021872176811,-0.036130106051322886,-4.020015984144376,8.363193661098911,12.35287060663573,17.849591423055138,2.794614946249792,7.469426780170074
0.0037003594253561915,-0.004902910523520725,0.014693558813771962,-9.415793209261,4.231446948954735,1.0542389230083664,21.98502183391481,2.138427257365878,9.30895135293167
0.009126421112825817,0.01951881194002732,0.014871259288339954,8.086682470543924,-1.8925578837370836,13.394579698891224,22.374318297584253,3.627405788191747,9.382679948829479
0.019645754767327852,0.015734810724619356,-0.03351480564538584,-8.473821647554786,6.818810093373884,8.79613874054479,18.09036354852473,4.018228074527005,7.642717176050908
-0.0177208843650655,-0.017211457644208394,0.024572839498367395,-3.7134095716460447,-2.769361148368046,-3.2757505233912116,22.44956884932535,3.218943507348528,9.581755606139195
-0.01919775462299081,0.0018565888208974014,-0.030694637827190327,2.912339181203871,-8.071379496191664,13.705607672841708,18.472509711276626,3.555044776715227,7.684539188375142
0.013789114556867228,0.009435990789938727,-0.037686949604267495,-0.40550608774751495,-5.383240721366418,-3.583345843718895,17.369229034830777,3.2552651992157586,7.3442757151381475
0.0022836216389183657,0.009037244607592268,0.00672928738700309,-6.575583454805183,-6.435461320093365,2.0620757973312074,21.278512534105776,2.2184326727214647,8.977909015065286
-0.009446761614956327,0.005179435387512581,-0.025952494335744813,6.8185979550237334,-0.09176994536776206,1.118378412756062,18.46669056382394,2.5924765525129936,7.767032986702348
0.00911871566196791,0.004309615009363065,0.02674898059124018,-5.812120519676942,6.055753753501417,8.585645975789827,22.626550939463268,2.8593385268505362,9.689609121004732
-0.011668138776467067,-0.01760846856645587,-0.029840817761390852,-1.0417201272571575,1.0611174655548954,-8.050574101642368,17.984665505420026,3.326593053326991,7.59155204336619
-0.0008002193179507157,-0.0030253936545662705,0.012027796142825474,6.1371157231099644,-7.68331873056348,14.864620335961096,21.914336968630977,2.615785106970584,9.231528860347682
-0.007635708563430597,-0.017365514618786868,0.004011967813191068,-6.593795991007814,5.083380746521042,-11.365345227950804,21.406644913965767,3.585645060287881,8.964565468413351
-0.010572093979766684,0.010388036363965479,0.03422915385961193,-2.2782884340507863,5.714353874265093,6.065447558620193,23.2901098028912,3.197139702446953,9.920729149811988
0.004023479287765492,0.001121371830148453,-0.034406623860797646,3.967629487370452,8.065875356981849,-9.445373617501872,17.928315160575934,2.366317177685771,7.5205519228734365
-0.004850218058383211,-0.009004135734316954,-0.01664161652451009,2.712609564727096,-5.525572259216258,0.6215791920479248,19.095528399859347,2.517737049167044,8.063495993775806
0.0179959413606337,-0.014273491836950281,0.01589003187203141,-6.19282253899687,-5.327174099009058,-13.49639245492168,22.218353160235655,3.756134932048844,9.420505479495425
0.011558584145349961,-0.01815080446709503,-0.0045292241698162775,1.9405737265441676,4.926067284501359,-4.182375585772466,20.124284228637485,3.5489000647829383,8.49742853174989
0.012249699687036892,-0.015142260200762984,-0.013926625233237015,-8.686349990318824,-8.482627802312173,1.5021150115506998,20.13134474439143,3.0028342981902667,8.420715997576984
-0.007415983036532792,-0.002046081262541865,0.005807940712451422,-8.92320508343264,-5.077624032579289,13.082555755203863,21.45240130741337,2.640950696820324,9.015780889220697
-0.01472110040178873,0.004066336848857075,-0.006838922540564313,-4.571787401709198,-2.4472620932900284,11.92749059573013,19.73983180197532,3.3875041449262246,8.434290819691746
0.008004960070442685,0.012893881147880485,-0.007902040495152564,-8.44125957497452,-3.596979793394663,7.750984647811709,20.34104019904581,2.9579504121672127,8.48158409634067
0.0015457050148097937,0.01121628848801361,-0.024172230803474318,5.391246811450474,-5.912792166034231,7.287644693155361,18.909551044182205,2.5309757445175975,7.896581127342298
0.004932635476951452,-0.017710822652943714,0.03518093275571777,8.362995941803717,-1.4599536942412925,-11.235249332385479,23.368801446835075,3.7206166902368936,10.030521905263333
-0.005557600888917196,-0.0037557664036185316,-0.020642016100753287,-2.780460540038887,6.214632310186019,2.8957981872677436,18.88772016811647,2.210824705929664,7.956337818105733
0.00201261495875886,-0.007514978783706171,0.01931312598963978,-7.276043361137095,-6.19936502599252,0.8182384845387869,22.379038764841116,2.350915401735252,9.459366431749375
-0.0028253520770187487,0.010329559655808361,0.03092480524321998,-0.9252439831061903,-9.013109107712554,-13.922972905671864,23.35775953533854,2.795087361837859,9.885204474681354
0.01580310175486378,-0.0020214924724514284,-0.025021891060412457,-4.208047225144094,-5.056580544938902,1.0375904691076698,18.69144818772573,2.930644611615256,7.8412674487116
-0.010484852065814305,0.00996846548592649,0.03767563840967241,4.625584928272502,7.559327898101195,6.176755074833366,23.768015477163,3.177718342930111,10.13402279183809
-0.01512736233171542,0.019888787411030288,0.026890707234031218,8.67188668458287,8.539767694261098,-5.711867345030692,23.694484369170556,3.6922954421673415,9.91247004818423
0.008261523919895163,0.01191692480763996,0.01801456519908548,9.81667414387936,-7.359225797747597,-7.773251801749048,22.49539240612252,3.221355002538688,9.532780316263159
-0.01902929086113847,-0.0072716269624481505,0.009275027517826169,-3.0523364089105325,3.257889329088357,-2.4367792863301876,21.404753551989074,3.1131191185042346,9.046881499190649
-0.015452888746865436,0.00840813677719111,-0.020744039794329778,-3.9524123703844243,-0.34845590159754636,5.928706195145139,18.71465783060483,3.3963316210775574,7.900300127780523
0.0104830709555856,-0.001833326775470382,-0.023099775261669002,8.266078002857789,7.162140247049173,-3.9146135361816015,19.065879017142013,2.318032015455685,7.957316153510185
-0.013116135093200677,0.013946217745795696,0.018206335085942972,6.149022819933592,-0.1286116398247561,10.59427728664117,22.344376585599857,3.7312836623756125,9.400530550277526
-0.017096693457288065,0.013179852396634478,-0.026654513219054737,9.409973458179493,-3.671595667626349,14.966427525516746,19.369694539383474,4.105437637775421,7.95331100919656
-0.017458785051427755,-0.004305059804415562,0.020657476579981404,3.3336613158858093,-2.2738427882555463,-3.24592491091037,22.045663594130023,3.0952572306187958,9.36244383040437
0.006292324629826318,0.018779711471083625,-0.00625715312814621,-0.10781016471672622,4.754896945327534,7.673799103818091,19.830870011306292,3.0227741017675194,8.457437413945003
0.01967602683881842,-0.017385437300677382,-0.02418831755819622,1.8780814553110865,-4.889955790541944,14.07666246746841,18.658536454345068,3.504616611766435,7.9380416381053385
0.015415019576195694,0.012928350812048569,-0.024481107092718182,-7.609769479673472,2.4653909234306184,-8.787559168644995,18.503760955987698,3.7964008852438447,7.87109032054486
0.005026176282535062,-0.014855621887894445,0.03272350240779654,3.100996926691817,7.1436236465244285,-7.447173901293641,23.254043457623162,3.3174661134747003,9.897870828418336
0.007544350021050441,0.0022852866715406574,-0.014493015148883109,0.29141983737184063,-3.0441714909494504,-12.450149412624054,19.202301195722363,2.8782177085577105,8.112779399621584
0.013673227505025285,0.007613310694566392,0.0032836848207222144,5.525016766568601,-4.323562525550022,1.24008474959885,20.842430257250705,3.0223163642045794,8.846632134668099
-0.01924419849716543,-0.014942902436223142,0.00668772999605402,7.855555533690879,-2.112624993560985,-11.894572325687342,21.02573929204919,3.3641948880477437,8.993101127123428
-0.017110757715180624,-0.007835625437571894,0.02470151610969406,2.5637844249627975,5.542025685766891,3.879893926598143,22.764948804452136,2.8050143611582414,9.621331177267672
-0.01003509746018064,-0.008454143824853669,-0.02195658805237513,-7.84213765974007,-7.567397021616465,-5.3567605156310645,18.841987163335038,2.443961553274707,8.014806340004181
0.010826812955084596,-0.00955812840621105,0.001263054391858448,-6.226274703435277,0.8618656652830996,13.612934542773846,20.877811388632598,2.9407285650654362,8.79406725227017
-0.008076357528729981,-0.012383405981918484,0.023356158928076916,-2.1983116594873593,7.414110986337757,7.848093582634053,22.82416319865533,3.166037096260561,9.601658539743864
-0.0024504755751645693,-0.006707421730292032,0.02202431559622857,4.7949115884707165,6.814107513730409,-4.380689396794089,22.333832810361596,2.361219884987568,9.519679523265319
-0.003526650640269361,0.014918313331306773,0.0062948016185806685,5.630932808820766,-2.1748402396663424,12.812427014339754,21.438648388701058,3.3156520943452428,8.977605543795997
-0.018062096598697282,0.014639973671930078,-0.010379255518925837,-9.54838515982479,8.779993434298877,8.218735765501197,20.20552411951793,4.055011541302445,8.529624035269235
0.019370479300512392,0.00935286575698734,0.005816881657114095,2.001981732117182,-1.2480124682200238,5.523216670819682,20.843057947785137,3.709237786332675,8.846456622297604
0.01051696622550832,0.011469889219343592,0.039909233000654847,6.609195290946502,2.2493733567912706,-1.7915162983584914,24.010422109596806,3.017981026943629,10.158128573225527
-0.01125295855745339,-0.018685864973510137,0.014124787099894079,5.430309783411387,-7.683678474198937,6.335739363762471,21.807499644584514,3.677852339717389,9.273586082741044
0.01527934067216018,-0.006257803675788707,0.0077456137941884565,5.10392788133265,8.356039318693195,5.449537811352506,21.30551143162088,2.9866925781537415,9.03739959201071
-0.009417496858898757,0.015699349922565334,0.03895935388310049,-7.615346647430954,-3.2447994092210326,2.9344327328757664,23.75989185945466,3.2700833904314472,10.126838169650105
-0.016712035914433602,0.0035842385537865618,0.02496837893901254,4.319871015463212,-5.914920533518078,-8.544750283430309,22.578694324982894,3.5123708918019543,9.61417666913508
0.009000233049140629,-0.015279649414461107,-0.006474011114292529,6.567888065103556,-8.864595330480288,10.382656591440728,20.28091202601861,3.267691166268578,8.620667512824802
0.005286900896283156,-0.016542507228596643,-0.028088522272878287,-3.442953081213651,-2.217862664304029,-10.026814851346998,18.341744606357313,3.574024721654756,7.686130117584181
0.018209326900828066,-0.012084100052841858,0.032587884280044714,-6.688501264665638,7.176136331048667,-7.133301461906228,23.40372503228671,3.3120314822995374,9.964158559709663
-0.013420262171861009,-0.011690987740561693,0.01012018216314764,-3.0202985764393064,2.7212882373268705,-5.782862027446903,21.412966280360536,2.718560230696731,9.053388960144625
0.016880266244000335,0.0126336695331743,0.015045406475279861,2.492431729980588,3.9671273817544694,-5.321402037524406,21.94631429368948,3.647503218513913,9.2290190597397
-0.010048236215095856,0.0015693159746909269,0.007548305845203426,-6.673648704527759,8.130501447648431,0.8058318312106945,21.46707452571483,2.48109084567493,9.066233325306943
0.01419763749580832,0.004794730393925261,-0.036321808028712245,0.28571010397217655,-5.638342158654055,-6.9787061790934395,17.635768841938198,3.197497206276474,7.408562291449152
0.015383385515595639,0.015542261958626121,0.012281755731343089,4.681905333758161,-7.136658322971174,6.123479884579709,21.89121041531038,3.5872137968678004,9.253129947399659
0.004733964944318485,0.00823341928397197,-0.021173406462126777,-7.803159829556307,4.37911520355124,-7.004129276381637,18.987848791464003,2.754501256276642,7.976526783983736
0.01844035609014078,-0.000706379349097664,0.03950268838168874,4.557132114640039,-8.955116181660488,13.127705519504968,24.009511322390825,3.695955995916791,10.265746928280482
0.01640228368832691,-0.0031735865770674693,-0.03817123373715628,6.609657530456797,3.5639811666045684,4.098078761307349,17.480381218738984,3.1089736883552845,7.331026388379895
0.005248971825794705,0.009655682736598354,0.00439096113414357,-9.858366376833413,3.360472675127859,0.8369818430054323,21.0655065023816,2.4921167225145044,8.92537441664212
0.00761110544213368,0.018306715291309717,-0.0007161205594947151,-9.479715753492822,0.6602478061126131,-7.115387324974053,20.571055973439353,3.505801573923783,8.737893420057153
5.31962507759956e-05,0.01711189380886104,0.018835092682337004,-7.398688459326825,3.9348871247334714,10.653882571824248,22.046917699460714,3.1109587169193387,9.410293809307987
-0.019197064739405564,0.0060509518383035435,-0.036133673235908416,1.5548612486870113,-4.979725067635428,8.415119736605874,17.793555669204313,3.5761965811765957,7.393904934969835
-0.004301080993572452,0.001249544351306548,-0.015973350214947654,1.7473659218976216,-4.131779432918958,-9.19311686838332,19.019117458353627,2.4817753715922297,8.061193628546832
-0.004692447537759601,-0.012684540963123823,-0.017495318597940405,-6.78721075397946,1.0110191218021303,-8.24127141121261,19.285283053133742,3.0557728962237833,8.112641843915643
-0.010740716688108484,-0.014981448199818668,-0.022912674628804846,-5.1969353090574515,9.6949910938818,4.86218222329375,19.251611583974938,3.272129350483699,8.058859568997905
-0.019269004476446017,-1.4481653938400174e-05,0.02897175701887627,4.939089529824031,-8.251078077345287,8.423855655546866,23.319406127873307,3.1768929097302863,9.819926364392208
0.011999380679305002,-0.008492558237962947,0.02659075878381171,-2.5379888941334006,-7.7718386179292125,0.46853516982465493,22.929936008958187,2.549746263796166,9.719676694588602
-0.00038378101193425537,0.0009746439843572145,-0.008201761549451042,-7.2951847121441755,-4.886128538031809,12.748570345924783,20.235725367881482,2.3403488803001133,8.46870190817686
0.01146534925632815,-0.004975266471584137,-0.023143710354131555,-6.949132716795394,-1.715049628617253,-13.739901725512901,18.560789970510584,2.9375991082808826,7.927118530159413
0.010740612441303646,0.015201719769436173,-0.018784655743595027,6.224883761533491,5.045263893395971,-0.03603189416815589,19.392853989769804,3.1687853839041527,8.103714115478505
0.015855446323099275,-0.0005101059631013351,-0.0012988341938714523,-0.5931368128773578,8.689052220439486,-9.090425860680877,20.357707431840307,3.008982915589051,8.694831256926442
0.00245136663617012,-0.015710605854153434,0.0018360840299838296,-7.670193674730967,-7.746525613181552,-10.471907710041327,21.04937760963394,3.425024850864937,8.916376696095433
-0.014644177097935996,-0.004745870435093842,0.007387296985968586,-4.287388331321473,-9.255002184244415,-8.867132148443083,21.389261994843565,3.088659160240369,9.048223829011716
0.0005037413765814625,0.010335061757501273,0.03321802635367751,1.407712371686344,2.3252327503740506,-5.611189861681474,23.05897910806148,2.5292425133751624,9.804832494784575
0.002110588074109708,-0.006447576951817786,0.007906709462012211,-9.99219434990021,2.4726142135875335,-2.0274365835954757,21.470676718606647,2.375894924440608,9.074293614532115
0.01823958138410685,0.012620097685861583,-0.003207962367413525,-5.051675675004217,8.266084934630612,13.149811581424434,20.310532638678033,4.04472174272697,8.696954842196734
0.016051566915468485,0.01740214018194702,-0.03365269636583457,5.594542828719703,-0.5398356036699337,-3.5131040860353604,18.101398521240434,3.7778321782361046,7.555411340034623
0.00825303540569608,-0.009109655050867742,-0.02197226633913882,-6.311353857069673,-1.9899403114703524,12.590978793454969,19.090757320550196,2.9393465002623773,7.967649925745999
0.012286498312092265,-0.0023939997497409056,0.019487069972039334,4.276368037952103,-9.459082180382886,6.668581714641906,22.407896375617824,2.880544720426424,9.517841504356197
-0.010631518777503329,0.00599212935112237,-0.0167826007438285,2.4462896225978774,9.90894541685013,-7.9732965514779055,19.314029944484414,3.044332777585584,8.21796889016655
-0.0005489596575066896,0.010375664822709758,-0.0111874803371758,4.039866837890095,8.032189198820038,1.191467569157993,19.76242078463232,2.3771473753442534,8.362507259871583
0.014306827191019177,0.014731424489410911,0.009530370786134335,5.981939392900582,-7.620448709971511,-5.396756697026314,21.579243806903865,3.6269373978246215,9.177238484838815
0.012604950044417498,-0.003146156602374231,0.019379817621542728,-0.6173178551465881,3.113109010029632,2.3426012243230794,21.800897405370872,2.6885556164378155,9.293092894072409
-0.018268322157897574,-0.0082630173239775,-0.02730844813019534,1.4438756096091705,-0.18400561619476008,-0.2986557157852605,18.000137067557553,2.9236006997252604,7.626519638989065
-0.01568912495332914,0.003401787598238292,-0.025319595027470915,9.187267869114933,5.590939361776625,5.059180005964983,18.68453649209782,3.0924014729619103,7.929834053557759
-0.011956245376679565,-0.01939658924515347,0.001182854356571797,-7.883969926961553,2.9872928831353676,13.533045679274032,20.82121696478386,4.052211300445502,8.88704302059566
0.011906417768369471,0.014988812577417045,-0.003015299462236644,-5.477013218590885,-9.220937691553289,-5.9806858927486175,20.540332975982977,3.5443395291249904,8.703994351160654
0.01907094135074199,-0.011243142044981776,0.03955614523053252,8.089049470846295,0.8927903837044671,-8.07846739850229,23.932965151433017,3.2851168754959343,10.173253118885079
0.0074231165117818985,-0.0013296413841227712,-0.0178026881002024,6.998520174073242,-0.6718978932968795,8.285999425537835,19.06436211575632,2.6449518113218,8.056746848092066
0.01901353429057045,-0.019567988590492122,0.013045869903242427,-9.384091676282004,0.7159191842031944,-9.054040708417268,21.923477636042882,3.9727523536428864,9.339793154323608
0.01768564381610199,-0.01091236069033395,-0.02053494671438349,7.168572862239703,7.878722669531189,6.144647681739929,19.00793113408252,3.0933017376750223,8.048142310551956
0.015230234582217273,0.01778721654490804,-0.033912670459798656,-3.4626056057163197,-4.366196537163038,6.790789945805244,18.080073567448675,3.6427710198451893,7.502692458604031
0.010178527628427067,-0.013905517358387721,0.03394499891704136,-6.778577349618528,-8.74481919120839,0.15575811010734597,23.753840905862152,2.9337409310458558,10.069887591617414
0.006398180709766884,-0.0171542014538301,-0.03544576664429746,-6.580359635673203,4.693700603684771,4.263040866270547,17.73849992049748,3.147874851709177,7.49627568098
0.013610578177398167,-0.009311350172282138,-0.03658259128623533,-7.247237384630234,0.22274131192677693,-8.540322230507126,17.550706975830003,3.073048377806206,7.449300320240649
0.007580692316632002,0.012329127402568533,0.03970693318038183,1.196786278147183,-3.693009312733335,-13.39869162463059,23.576401802589228,3.461680825161183,10.089962182273972
0.01862740922860182,-0.01012149165991636,-0.025950455627398217,-9.404727884481932,0.43094641020973334,-10.755108421527435,18.640888787765267,3.3113625761194507,7.9218126136051765
-0.01598262997923719,-0.002815462635480933,-0.007725314658177183,8.247178080318989,-8.436665007630195,-4.9675944474538,20.233186116505976,3.140688300864526,8.535459277822339
0.0028880751081820435,0.0028772359331360672,0.008200002769099463,4.099558841124642,9.215745981921877,-10.496208490966591,21.51332547111402,2.4376138647144177,9.086484208704821
-0.016350068813815923,-0.008036189333272836,0.029675773079400954,-7.529524088747504,0.4699103206289639,-7.05222535967613,23.369451170886208,3.0981032785338996,9.84187344799889
0.004675614738943762,0.010726425935167688,-0.0004558327273051152,4.713377673829131,7.282081156171792,-6.855075109871077,20.873780297728636,2.849400365787027,8.753854519924007
-0.0024251554541951416,0.003254582257281372,-0.01633956646778653,1.669560513649044,3.1854670186212264,13.524516232677268,18.997521057696574,2.666115138248751,8.053663822841383
0.008345324540250169,-0.003122673827229562,-0.03277799853226016,-7.37330318601275,7.395012301549851,12.684710547340568,18.032522669963395,2.790640029987359,7.629685818866787
0.01584275811662676,-0.011431103147967496,0.0010633554584730046,-1.2282763857378605,1.9965813702337414,-3.817620477657959,20.31021334665582,3.053415399090783,8.64788609855602
0.018766931603877216,-0.0025869505472618515,0.02874993264228167,-4.219969452158956,-9.748915858843464,3.7203551119009646,23.25084652278547,3.261925797892517,9.886306982867149
0.005351615870665599,-0.006934816039827072,-0.0313964807817355,-5.934116026504905,-4.124893387639643,3.2183881510589245,18.12312721619618,2.373187767090446,7.593760449966175
-0.002706020720770294,0.009862141946643699,0.00770742709771776,-2.792478335716295,4.777124251594939,14.004968793592866,21.064603947644475,3.063744044674684,8.956203937188917
0.0017778410209112437,0.012001841435911004,0.015776129966150687,9.482835519392488,-6.870978037142297,-1.9726180100937132,22.384659363223427,2.575740052749054,9.418004910481587
0.016314708271635562,-0.003136918277034953,0.00523212311491205,-4.721398692987389,-4.033031461975609,2.551569033106677,21.178057457705037,3.007857837060864,8.916939190857152
-0.009970543768634425,-0.016960730954105722,0.011012870736189291,-2.9481613740486807,-2.732527041143853,-5.922821428315318,21.37159240657413,3.1478594425914044,9.058692454150385
-0.017535502906444206,-0.004171788167177972,-0.02856988606811033,2.6716442892829697,-3.6192464018805364,10.28091800328044,18.248974000002015,2.982663708594877,7.625535306329948
-0.0010415055820966433,0.012340375919453462,-0.024655524919947068,5.687714435424333,-6.506801564685407,-14.589489441704531,18.515554116245855,3.021354534732198,7.918996902202473
0.0011250800564083924,-0.0035107901565305313,-0.022566702203878936,8.969377523144875,1.537449274109866,10.68484235359777,18.771382572427285,2.3991636867093646,7.939789005040772
-0.01790230088005529,-0.013395592046350173,-0.020482613761692442,-8.115917199689813,9.852314753145514,-2.755920834200964,19.72469851280108,2.971395899072594,8.244642378976062
-0.01609639388427246,-0.0021214076180392297,0.03724351934505219,1.8362270041799729,8.79530543787958,-10.74041833828502,23.756104093524076,3.373125193421676,10.140897085080505
0.008693980124922344,0.008542577506979572,0.0030350835941978724,-5.066772454317512,-1.5708117115855345,0.5806652770505387,20.75772037717976,2.663708816555153,8.760476335284956
0.014490597369281568,0.0016325160204693524,0.024905828580189644,-3.5770707403285584,-3.530188258887323,4.8466032484661845,22.67223759764609,3.0777567085365187,9.576557260440504
0.01979973677684629,-0.015829804370054924,0.030126169372977178,-8.280981545685995,8.62624537755664,-1.937422070296197,23.370671992822405,3.4009457545781814,9.941936270513352
-0.0026962077759381045,-0.00266705254725981,-0.0125152710545352,-1.4820233744109323,6.491401409317685,4.663503973777729,19.56844157619002,2.144518822682622,8.236708178371183
-0.01652669415196201,-0.0053214463630824535,0.03335473159608115,5.089011893822885,6.81213110306431,14.303539550656296,23.770769855933192,3.1281117725527112,10.022232438758719
0.018174726950342206,0.0002205604149518696,0.017390478627951192,-5.586006305103162,-0.2443943656085139,6.932259307498747,22.20535241953603,3.4318157811694756,9.341906243331577
-0.015179165902431097,0.003678575806846208,0.01870574215936533,-8.660211433525918,-5.896245421665225,-11.586628066703213,22.219393450272772,3.468325489796521,9.487734577292535
0.0021398166883446305,-0.003018218221203243,-0.003268968126674085,9.204521817660545,0.8982994961629149,14.449909615454981,20.46673005364021,2.5207776567996887,8.65467972943437
-0.01559368081211452,-0.011669335841246608,-0.02304250067242709,-7.836197146767628,9.33630679161719,8.132625337931824,19.253374323874084,3.2470007472467493,8.113054413935513
0.008192385768613406,0.0027599468620781165,-0.032165237410211656,7.708264393747253,-9.024594054056902,-10.109859986993854,18.30000357593783,2.885948865532434,7.7206761468413205
0.0019517189760163596,0.001249546227534596,0.0388849645229857,-2.626428636492422,5.429132429592398,-13.121447144131348,23.688813180936652,2.4537522042681266,10.083448746532689
-0.018594977419790798,0.017285103129370368,0.03071514553499307,8.001133708658177,-6.995728696466033,-2.3397391496683433,23.685817179077166,3.779939065543403,9.965880049113075
0.006059817827135064,0.005932022484490269,-0.0011283231199345697,3.7408127929823483,-7.183840003638378,-1.4933138176392369,20.433175376853953,2.482594949702133,8.695490732815873
-0.01843459984446926,0.0026978326434092988,0.0008558076110402879,8.291813559280389,-8.458042105081716,13.988304204073984,21.50506293687456,3.514341381570988,8.913377357678199
0.017864736666375673,0.013675836267419712,0.027377925741771635,-6.915094120832532,9.35143326895108,1.1055631812517923,22.885921818169244,3.51500731870082,9.807113301019804
0.005280274144495764,-0.008335636080125086,0.010248785174747893,-6.859400569759686,-1.7076386744763443,7.820963069508132,21.577007049710364,2.6678264545140387,9.095710961037115
0.007146356112408308,0.018308150339963015,-0.02734975249217153,-3.810320308319117,6.087031979314009,-6.742429018938225,18.27039325199121,3.4633876107754396,7.743867628402684
0.0033131321062272595,0.0179524581954278,-0.0182241727871582,-2.9460596808940682,-3.8243239646195466,-12.607452728104874,18.816743434313945,3.4732876791404386,8.013342382543478
0.0042732463864682615,0.005778946851067151,0.011154899437638033,-0.6282408350836395,-2.730192399424216,-10.385971946523046,21.157121046481823,2.754241447020245,9.007034943762008
0.0030838711549137747,-0.01845205252828481,0.012235307272891592,1.0791075210615375,-9.348900656199495,-9.934631906680213,22.255458117141742,3.661499075939607,9.266157216690504
0.01204357443101928,-0.014114351764083943,-0.03373965414701797,-5.556981202722799,-5.181908131131053,13.899581288429097,18.40462634707051,3.418677117079456,7.63362087970299
-0.002519331539948353,-0.009479267631495926,0.020911510951083873,-0.7804977058933602,1.1473408697077332,4.3675524101009096,21.96462982845198,2.683867793346987,9.32678793391232
-0.016232430838659946,0.012058081659990682,0.035778680724344585,-7.204939221091815,4.147539546934825,14.148182007344168,23.557348109294868,4.0536751860971405,10.063260030494884
0.006207741735396559,0.0004908821590342109,-0.019751978182372502,9.863425259499536,7.768880803681483,8.462667622098941,19.238562764533814,2.646585203151095,8.135665952974868
-0.0160625111072795,-0.012119514665446368,-0.0021617468712774104,-6.453398106316581,2.183314329604782,-10.365127578040454,20.86303208256387,3.146511761608785,8.721022094520178
0.006492706729866172,-0.010785007005985468,-0.03385704211913637,-0.7603254550445282,6.3039310323520255,6.584180876213669,17.923892338828832,2.722498407449856,7.4694820056536395
0.006758655170423719,-0.011396417088572154,0.013410761921058827,-9.619882878905194,8.8200103413633,11.725714113970128,21.909824972873277,2.97177901362637,9.368057189137096
-0.014865715657349347,0.016485336962692058,-0.023786424557314563,0.33647734443997024,-7.2656803539367605,6.389558012779027,18.881920995997604,3.8105531129714008,7.911673810907974
0.010842844180241527,0.008039903514917023,-0.027617604447061402,-2.1286275937635306,5.291896463178951,-3.8202419210169616,18.01319345386629,2.9671958597493946,7.668109269324377
-0.015356647791560662,0.0015950814491256515,0.009482905460592557,8.423881261627365,-6.660845536008679,14.436884327219822,22.073615704118026,3.2996937954161516,9.183352212917695
-0.01714834410926916,0.002595865410368138,0.00860867620740785,-2.934569255439916,4.363555560226448,-7.431392888966259,21.431831126421326,3.43203624723396,9.018595230667666
0.018932668134239602,-0.01629257361046587,-0.01162655135814485,-7.507274227217719,-1.1881295342185165,13.31757211460464,20.334331195599884,3.428323269742094,8.463841214981578
0.01833704257121443,-0.010206710340775275,-0.029261602800356508,-3.4461967685588153,-5.495707799269731,-14.832057141920407,18.68207413155843,3.5279700408822476,7.785279131745894
-0.011267509609718895,-0.00803459822221618,0.036008637819613935,0.5083394432836492,5.42473787440445,-11.54707340127457,23.374827489425904,2.9013742038038486,9.997332240920462
0.008168350710838195,-0.018916129561178052,-0.004836554290123231,-1.6313223359365097,8.688253214118578,11.13924064919302,20.69601768374454,3.531799122747555,8.61837435668829
-0.0011289900571019584,0.0024656415910541025,-0.02846345524197884,9.66586381650826,-4.593611688741062,-1.2208432694405538,18.504569072652984,1.9462084107564706,7.761490544143348
0.00720835150219748,-0.011984341191382794,-0.025610166341389854,-2.9499758182604534,0.9291124662211985,10.425769209026793,18.28861621409349,3.0348109552045472,7.731009512013029
0.008062594747646298,-0.003734918393403161,-0.01863939318426832,1.8732489945773079,-9.554607031233841,-1.581106370009703,19.392914974263608,2.1976618810064434,8.118031640274332
0.003771054950392365,-0.010124904994416681,-0.03866924645374906,-4.002237450740235,-9.534571945479065,6.910659936682546,17.662590834622936,2.874067210806637,7.423711026719719
0.014859412162092373,0.0037044947183275147,-0.029321021557442387,3.600423146537242,-2.9390034819767514,3.411113514405482,17.9199160835347,3.117423560128579,7.617491455656211
0.000445849245121286,-0.008637758163811097,-0.0047437453369609875,-1.0433085081878435,2.465499452851285,-0.40265570414550567,19.878223077245412,2.4138956988635503,8.421612809869162
0.007467103479024528,0.013773101892677001,0.023089858850194024,-8.549909291156979,6.5130805385933925,-6.6435548932844295,22.747927342740972,3.2200537057605976,9.618681210442084
-0.009993268292169911,0.01892227369743048,0.030348243973238022,3.3150432212861762,9.830675073014962,7.701092253837274,23.39114340060419,3.697022182281969,9.941168598916748
0.019554808067199867,-0.01924175688693831,-0.008208809660982225,-4.185623194740304,7.160090251179799,13.694414138817372,20.26530530960326,3.5032579771894445,8.528910934966838
-0.006569685779490712,0.00699021073050567,0.026018805021092793,-3.7558489759858293,-4.824545941792682,11.21664070785161,22.6089117026677,2.9841141376548816,9.617663918752575
0.006884827800699531,-0.017819967927333282,-0.03619942152087034,-6.752430338369033,6.743326933187891,-4.842019620162407,17.831791575152632,3.5281030920381022,7.502038414993348
0.0018950604657725634,0.00929189262217614,-0.0026417815220080437,6.044141205556393,3.4182195410313945,-2.210736264341973,20.468684911755698,2.398850071178941,8.615775178384396
-0.010733937596526154,-0.0074098968111875295,-0.0117965860895555,-0.4850441888375219,-5.007136545487809,-11.943225933160821,19.605811705757787,2.8840140429985337,8.24318795125496
0.011015928774430372,-0.010796464026491495,0.0280756178331314,-4.84411030465165,-1.663177482043146,-5.89385857544441,22.738716385094474,3.008095157306604,9.698960381779889
0.007711458437864856,0.011575901978096732,-0.02621380829562174,1.5389701475384179,3.868919700179031,-8.453904302101538,18.468354521102125,3.1809918636961245,7.7248740125165964
0.0030922009959099307,0.007736489802420518,0.03831320566335949,8.272036178976034,3.435221311877312,4.664205009528867,23.842026396626228,2.3720462233270707,10.130895624803516
-0.015389145901163248,-0.009822020371008487,0.037985864943900736,3.81364084559857,8.836286903382039,3.5171647112222786,24.20887256920352,2.9317303474769014,10.189446809304393
0.01697655835400363,-0.011874897182268862,0.038894636691078656,6.7271677015954126,2.8304941267602572,-0.9869590339464089,23.748634018197055,2.9595353427462476,10.100203967169627
0.009993472910067535,-0.007084008991885873,-0.03506027254552686,1.7704132494715807,4.7911293153229,-0.7596888935368025,17.481883605360014,2.459214990844624,7.371397985166019
0.0198722931542558,-0.00412557198995165,0.021171697592470846,-9.897472512128127,3.7362984837452355,-2.620916171559129,22.52780795690426,3.0192688364324543,9.591467338326641
0.0008762011331518958,0.006655603746353024,0.006727071276621643,-5.611285788099849,-3.7619753558054247,11.696453547468657,21.24628329768531,2.527759555498256,8.943904024806718
-0.00946655589558952,0.019799374256381657,0.034607276627555396,-3.7550269526302866,-2.7241127840733004,8.86977068533357,23.19969148554811,3.780481324102087,9.912206097006939
-0.016481345282317116,0.0029706420282485588,-0.021837415085239967,-0.9170834921827105,0.6226097620259843,7.225683256103899,18.480418036543032,3.2169976523034483,7.819765835251327
0.011387516742095396,0.015106968018057419,-0.020360994072353176,0.7053654742536146,4.988591253077676,-8.621953638205863,19.05266592598036,3.617029747280669,7.975244914317474
0.01659913586187319,-0.008169932512108558,-0.030997571695098654,5.975265393024511,-4.953246057843441,-7.481537869219975,18.269172739156886,2.998292884875271,7.672819490617391
0.014388949447903598,0.011440341317537645,-0.03350454122472053,-5.931952510566962,-2.0242162875299474,-2.2706692518804346,17.950779476668185,3.338623456542887,7.496109694670537
0.013363573038705962,0.01494878246871639,0.03979510295372037,-6.508713760345961,-9.196577388949622,1.4711678369869468,24.186061091293507,3.266795734799674,10.253562905660758
-0.01286606443696987,0.0003526728638693216,-0.013661978635482647,5.627938673633718,-8.586668951115454,-3.4787051836664666,19.603224773732627,2.8931940028697904,8.280817916023825
0.00399144568029185,0.007531305644649603,-0.0075459734513909915,8.468374262444527,7.156156799845384,14.010001933695637,20.095920544309408,2.935079297246371,8.575411957311243
-0.011984825659333818,-0.01856123889162981,-0.0008024569202883594,-3.160929336585898,4.110511095013575,-4.934479384305098,20.58577929268195,3.273222536754882,8.712828474350722
-0.013817235264647013,0.009856224549607807,0.007964539246426289,0.7988412015610749,1.873000636687582,-11.022816680338531,21.06228569124778,3.541138430412606,8.915559278754518
0.019244793269177756,0.0013159322941922007,0.012222888352993302,-5.023536174401199,-0.24826567210030248,6.540004948119215,21.759379625861364,3.5263863093971133,9.14671144399589
0.011118827021724884,-0.001994772370624315,0.0032284874896079604,4.3218771977054775,-2.8651135288733753,2.3374358870485175,20.552733043502737,2.615561368457601,8.775124273322596
0.01987872518306023,-0.0030279704537186057,-0.012230372153693329,8.066808845474192,-4.396487422910981,4.462655206427147,19.68766163541872,3.360110344540703,8.355088648728783
-0.00033578011787174095,0.0035453003333148075,-0.014347104663384177,2.9614473205845133,5.605972358167229,-12.68160793328482,19.43223500230036,2.419983592318609,8.191476336199033
0.018637556998547484,-0.005444745077305205,-0.012254514951824155,-4.839637096088056,9.260782759553326,-13.16727821842596,19.674159211092743,3.1273253766597113,8.37104722198774
-0.018285516794873957,0.0008582234491292147,-0.029369121651843307,8.700025477056975,9.802498525498219,5.981504806788344,18.76668784956827,3.219201037985537,7.895176884154391
-0.015544758508130686,-0.008660031922929105,-0.0033495474075938628,9.865298497492908,-9.77825682356459,-14.534488135658545,20.697828479713447,3.429019048869226,8.79065497790139
0.019920870609159088,-0.0064666724407680485,-0.0037630710228551065,6.987831858665178,-7.532948085621856,10.989013485142678,20.48998652329492,3.5558730142339825,8.723189672937062
0.00815285289289959,0.015493116201082398,0.025930633834944573,-7.454948451354431,-4.258687871860712,6.502021080274325,23.02151982651469,2.9762289849530017,9.678441801648601
0.005670840050774763,0.003291472770949558,-0.033498949345039365,3.0418786248955687,-1.7407644583898936,-9.682439553310154,17.620485457972926,2.6785312609327954,7.428500640046258
0.013762406305139713,-0.01360553806183864,0.037272666349782387,6.066373295061517,3.8006138909434988,10.379881943851277,23.511178733030725,2.9879971067362714,10.050537124460591
-0.002711671555587169,0.0074462510105753055,0.01993725787853886,-1.0455892753997453,3.2185784195792895,3.859962798074509,21.813324604953817,2.437915966333333,9.320864106726798
-0.0006182799719421928,-0.017609294030249925,0.017702955760910827,-6.751422060283576,-0.2925529492671419,-0.1961473562624576,21.916644943354942,3.1128304658052226,9.366283900655658
-0.008959274368037912,-0.016755926461370346,0.03626249873738507,3.4718411790146213,5.256639469457774,-6.759232961077451,23.54068765638089,3.2032229853174603,10.022666397715751
-0.01288942591467725,0.005368211405315699,0.012677685070312486,4.297177855320207,4.164504247427683,-6.6001365440241635,21.550965160679574,3.144844644114948,9.15586952006755
0.01790268094370721,-0.0004554543800451595,0.016814806394374868,3.9912787466315116,8.027939646052676,3.732230052364919,21.99600572005591,3.267664536155068,9.347211379592036
0.007354645316660736,-0.0126345461567902,-0.005321241241457511,4.365356622932897,-4.41747053669318,-8.080789300107346,20.257670215814517,3.202825535631046,8.523125550142256
0.0075533742610223685,-0.017695044473736418,0.024893996866748293,-8.589920243041565,-9.56437636065758,2.321892219484752,23.29667013236281,3.2269697140813927,9.806766839009692
0.011149441602668803,-0.01576415420027292,-0.029890831277014945,7.411843194040138,-4.8255137768594425,14.676212801871923,18.171013218064036,3.4839108258564933,7.7368825520873745
-0.000651315881545652,-0.0022767129590059547,-0.00482838973537722,-4.9015372613819,-6.062265039529795,12.839756119623228,20.357077097270277,2.5355937307450587,8.562258908926319
-0.00322844806159105,0.002271731831170562,-0.024533827760813483,6.40793516931096,1.9360946636985883,-10.731682996419918,18.655873884043977,2.537597163092407,7.823378228423018
0.006347378868464825,0.013114679946946015,0.022304821302151313,-7.555968344983355,6.644273122567828,-0.747644457104883,22.52126054713429,2.831030836240541,9.559268266033616
0.006543026055965288,-0.01701248112443373,0.003027534810381434,-5.161271207330486,-2.1881158921241672,-3.9356434945402263,20.717402439159187,3.337520879856296,8.82192371715626
-0.01626944119261811,-0.01222593851583368,0.007716815770175446,1.9102352121473132,1.1413718490673936,-12.42994169503939,20.942697897185383,3.229506593621959,8.92174110279609
0.016358301545816824,0.010461145686292847,0.017504378254920683,-6.321697246894917,-1.039995697053694,10.023069386556319,22.338905467582183,3.677350662269287,9.361675540354584
-0.004157311492288734,-0.007409750286515568,-0.011140353106822536,-9.186007091024324,-4.838602547312975,6.840890090203175,20.020821966732093,2.7308524040039006,8.399183245808755
-0.01794885280139851,0.006020901753852594,-0.03229840548310236,-1.2494002594301161,-5.4688573632250925,-10.772553033062113,17.732382911963853,3.7674199865272153,7.536851476444993
-0.007022528474307444,-0.014686669777222598,-0.008807805369495495,-0.5549273083015791,2.858330289778781,11.594157465418643,19.949425187754528,3.526747946288715,8.351795788940692
-0.01707804288676871,-0.004341832869126042,0.02386997520307537,5.747949613374372,-0.7875204958918793,6.596832507061912,22.52660289057554,2.763162988647401,9.53888677168976
0.002590428380547141,0.019569339424539794,0.007619205338677812,6.803086903631893,-6.751279970711801,4.310214255854511,21.77669023722224,2.8198109043520603,9.118641630087719
0.0009755090927562431,0.010414189322961617,-0.020148440486237432,-3.326791865022585,-1.015181651248815,-1.1263419560963523,18.586346368331867,2.367542788679493,7.86922100406133
-0.008165306349057854,0.002901604040001997,-0.015925169541162302,0.13101661300392564,-8.54166408959812,-6.913177748217503,19.34524377794294,2.707660726985701,8.155245023259877
0.015789699048911258,-0.011470253945484062,-0.029245950321391885,-2.6122282238274668,-6.934615606279828,4.793542281846545,18.39423903175173,2.8827935694531424,7.751950647893791
-0.014004081191899411,-0.0022173201802691694,-0.0012944677892942208,-5.719816063193532,3.60141626912721,13.379504103119292,20.463185179849507,3.0995137579264265,8.703198609246618
-0.01554338121462754,0.007107918357470364,-0.0011998401007925347,8.287816949442103,1.1404092339318783,-0.9156286361328974,20.546787970536588,3.164439761815919,8.713845219829773
0.014400068738583228,-0.004482404232418316,-0.019814640016782816,-3.50422270316209,-8.352643845514017,9.028931503594016,19.31429931907191,3.132249700893891,8.107210743621673
-0.016704806188034438,0.0015092305937179085,-0.018399079555814348,-3.511431292462488,-2.6442401073085104,-9.056417364791379,19.036765947305973,3.4506255043018257,8.010751599307401
-0.0030826245966119187,-0.008637577723829516,0.039716078615424595,0.8990841485105339,2.0298108426087254,-14.601234032308323,23.43356772950742,3.013981536954577,10.036259555622486
-0.0113523002600486,-0.012168175024886296,0.020978221994547394,8.503237831264293,-5.152650743968192,8.73273611464528,22.567880069383904,3.2385401730449725,9.527256504370012
-0.017151535055645355,-0.0019294794523512931,0.009908232227453337,6.055825835831431,5.5232790926516415,-13.815524908219722,21.549284496085185,3.620478158953471,9.14272108544526
0.014958827738982865,0.0022013479064185056,0.018024309459167734,6.3760617863155,2.8524466754515565,14.306526358961786,21.92084175796022,3.6281545163921085,9.37264190239931
0.01884425960662089,-0.01960146677111743,-0.01978760976059963,-8.151696617146309,-1.070384410637617,10.443910411403841,19.694368173138162,3.554473795537794,8.195426722295421
0.01825329508548044,-0.015303794900764053,-0.02453846241670389,-4.432607850951607,-6.597695856673389,5.907321867037339,19.02663217088288,3.0540575394692517,7.979072287660253
-0.004857673424064558,0.009662339689186304,-0.0006876330860458094,7.980113268392476,-4.554029010483578,9.788409142034403,21.039578661648466,2.938220051088678,8.770524678212647
0.019631281877458513,-0.01884306962038694,0.034236266099981504,-9.212885949993161,-7.968894249675735,-4.900383076481036,24.06009030009108,3.7053633278576723,10.192625794926048
-0.009866224901269774,0.009311784065287071,-0.027149584095639653,-2.4100815417609294,-7.392271438031591,1.7493973468836543,18.122549384025607,2.8793716512983605,7.731892485610081
0.010208846629498402,0.002530241558988157,-0.01113591239086114,4.406970307425404,-1.605954727285111,-3.627667769739988,19.468824370685716,2.6189628852687226,8.24878048839354
0.0014839496859982218,0.012918994711675753,0.02239994205405612,5.671931037972897,6.493988374520384,12.175835567725162,22.437864124252975,2.8964375453737414,9.588121405700791
0.0076713266968962655,0.002179399568993854,-0.03235729850566272,2.4025888467139804,6.105282588008393,-0.6314973057942357,17.787508070891285,2.317612627067558,7.509815302227123
0.0011027815576762807,-0.0037621421763229454,-0.03527808994318821,2.1112279167914885,1.4415792564911811,3.3013631803367574,17.248859490891597,2.10747593142207,7.308062367652831
0.005651144916063323,0.007903881640377731,0.03924619676239901,-8.87732503623597,6.736409117934585,7.419528990654992,23.916563206079214,2.588542236499031,10.201094757479211
-0.013791355435500306,-0.018400836017112874,-0.03585010630666135,-1.910015536990029,-1.8700650496421183,-14.55772324456075,17.73007870889384,3.6551120444650675,7.420462003442068
0.010617950681275978,0.00639651021131676,-0.010244381756828905,9.118733759227354,0.0006751382444480925,-10.166271338975228,20.090624762560623,3.1365351010655513,8.418320965889654
0.006053864628000553,-0.0025141641304453517,-0.004650222867232309,-0.25304445595890357,4.008152527199652,-7.28477627618457,19.79444977151755,2.3291335177564103,8.447568922363088
-0.006917232894371619,0.002972739072092806,0.011155393550208025,-5.381506129535412,-2.8036815005180493,6.688348369666933,21.339659598726353,2.572103040732058,9.068552752845976
0.0008608275295488577,0.009473848382871713,-0.02471849502707335,-2.2681406142759286,1.1893315054284876,-0.7538052258712913,18.14983685123614,2.2883901193524694,7.684688256125045
0.0013079688718821009,0.015594987151726362,0.03939024932473715,0.09817003413378167,-1.680490124796183,-2.3632521337157044,23.40556949300752,2.727274684731935,10.009022876124401
0.00815948129048058,0.008609899080427863,0.03772324775494295,8.838706053129034,-9.584651007451335,8.720469936978013,24.50314737823268,2.964040765520912,10.263916981551917
0.016382328724127888,-0.017336591461834056,0.03805448535127166,-5.169359263508571,-3.531540432913836,-13.892663180937015,23.889377613001024,3.9957745873835986,10.159168560302595
0.016982339197125097,-0.018446115509842542,-0.013622725041230285,4.191965039731052,9.49175268580166,11.627173553045882,20.02792296677949,3.3568579816657187,8.336325581263852
0.01599539797774874,-0.012558205251643351,0.008424398525407793,-7.3464014380665805,-3.638555294865462,-8.503748814259602,21.443251877341723,3.3456022488326544,9.112958403439766
0.01404732937522982,-0.002106805282328858,0.018678674659162252,0.5154374895070042,-4.740293038941505,3.376230547738242,21.945885820512352,2.8825099834824246,9.345494328674219
-0.01631374021287568,0.015104835752897807,-0.0303817747189946,9.26947425402718,-1.0076141463803179,13.945349081272738,18.903990556734158,4.129183925010747,7.800887963819638
-0.008092866051098234,-0.013427941055040395,-0.026095288130499245,3.3982818433798005,-2.4938951628552664,0.1035504802333751,18.169623760240455,2.912243090475014,7.6825784205406125
-0.003948042387060945,0.009216339357186909,-0.019834104306786966,4.435360153035754,-0.18298771446458595,7.7272894250964725,18.933175033651583,2.7913636610281736,7.951132343271832
0.010694715364253017,-0.011331925491293627,0.006236956704107115,-9.0774241878767,9.434009752971033,2.40830499960294,21.43440765989782,2.72525631895606,9.084671811516948
-0.008034147945482654,0.015252479852137405,0.012744538572150105,-8.943563865225029,8.33061886001143,-9.526958903067072,22.293568531584192,3.100971831055261,9.315314565366299
0.003989163965972323,-0.0020198657992872224,-0.025873264767374053,-6.678252316073506,-8.695548783427736,-9.17893887134952,18.730746423042035,2.330839066822822,7.880743571472104
0.014144721694049265,0.005749587164025061,0.023655139780280117,4.666120947264945,9.532564662063592,4.282400282783172,22.716762095547274,3.1670122262145832,9.645751904235409
0.0158487707366648,-0.004174322933885574,0.03613329882095904,6.049781341949359,-0.3612656823223954,2.234189291814868,23.377830697738922,2.9219147460159016,9.975490276218531
-0.004945823409396177,0.016193054396664238,-0.03295628242142815,-4.445018526473852,9.269164277983364,13.5760226350449,18.155231769324818,3.5382746182580878,7.6334339705427166
0.004169021930928142,0.010248652376714653,-0.020085491596390705,0.5344290754070578,-1.7826290750847171,8.248692196202192,18.62478614264308,2.667701919405135,7.880475561955821
-0.010889551065744288,0.002674025200440397,0.0067918319628388,2.6106925990745147,9.685005369042894,9.821229202634694,21.637724760761664,3.018386616199204,9.067498876428793
0.01603305602645062,-0.00877668538589794,-0.026602273177997376,3.670003296965856,7.458790416202177,-13.410261108483724,18.567192882873883,3.287425903190636,7.797375191347431
0.013097666262186964,-0.004504243077212804,-0.03775399658237728,-7.4471633436415186,-0.5533719208409416,-1.632897077306838,17.621414096481473,2.5315946024688607,7.389652037128397
-0.0038370118754874408,-0.013701299312434485,-0.03225629040144602,2.0449095321913866,-0.15964102116830503,-13.688571102801511,17.77459698522289,3.3801825618727475,7.452142711778582
0.009890213774314507,-0.010876018963688052,-0.02313350719603915,3.339271655662362,-6.175779299273849,6.5477696289918335,18.686953372977108,2.721619736950745,7.903090542625302
0.010314378466808442,-0.0066962186689305935,-0.015977930600361817,-4.979781487123562,5.918938088658507,-9.74431439835785,19.253507390266854,2.886228081815764,8.149406657355176
0.014913398007974189,-0.005312761838956419,-0.03458612096875679,9.635172458713825,-1.032882068880463,-10.958060990684686,18.008068362448572,2.8607644325790367,7.5596416466162575
0.015324138283773017,0.011211153704033118,0.0026112673164665964,4.338398062977049,-7.257323058895324,2.144381987394926,20.904051990694953,3.27595127699012,8.881638927948082
-0.016441441045013466,-0.006914816476172101,-0.011140621508062436,-0.18122275293528212,-3.577314784262777,-2.0354429647202963,19.38039596401352,2.8888409833380173,8.211630023534095
-0.005850607210448611,-0.018847896735100327,0.02995215857160404,-2.0565094666475403,-9.078729697388404,14.935455750100843,23.122703801559105,4.075799488059287,9.877630318588643
-0.015154352589324849,0.010221259718751634,0.030507757361332745,-2.7513244248037783,6.35433540821813,13.385250046807123,23.23098978130416,3.8416647926299983,9.843709181258358
-0.013724482095728387,0.009136724174256223,0.004114209678441359,3.2949202500186203,0.12132662524285287,-8.453757316180331,20.664005017722292,3.4100179692848407,8.791397404685897
-0.01925306910315949,0.009803711598211567,0.025573110292636404,6.414989285677336,8.036986560980619,12.887838615354717,23.067406457337263,4.0306590668680755,9.796567585564896
-0.005880848234625851,0.013125187994486798,0.03506087639335909,-7.027233495222078,-0.546431704988489,-1.361245945498803,23.39104873866615,2.69597893633138,9.948011488801082
0.014765809076284924,-0.005695600430604478,-0.025863898216114095,-6.887212882731635,8.701877564533088,2.4260464539748448,18.520247368561705,2.7692773713604133,7.8693423571336805
-0.01948397462624072,0.0011109948181717566,0.02273894639411165,3.443189180929078,-0.7348801371886218,3.782073156770519,22.347357902869955,3.095666870019853,9.44961317752368
0.0033131608559849694,-0.01601124901038862,0.03524272161786273,-7.397986571925685,-4.332522145676916,-10.92290101489535,23.488342378679466,3.5086998074072393,10.054283219626464
0.0007696378973015908,0.00848581063301599,-0.021347350515291047,-8.219564722757015,3.344597485380982,-6.1178897113859705,19.007678235910703,2.4736743463650726,7.966946824823007
-0.012002957530207943,-0.0095894158725033,0.0016908703790289165,3.0481017562816763,-5.349378280181676,1.384253920131851,20.536268475612296,2.7127580818984662,8.721110734081904
-0.0036352992839079022,-0.01992781188546462,0.029382731230808944,-0.2705374478740019,2.3898736679648085,0.3465504062498699,22.877815016780236,3.360571217631394,9.68611012478979
0.00964412840269199,0.008332847722543769,-0.03822626639888742,5.6151936392488455,-7.1070599609178124,0.33948391647329856,17.584284998904305,2.760919304095149,7.4143306682109476
0.010901520321870379,0.008749620941699385,-0.027898386577638653,-3.8407026442527226,-0.5435914840978473,6.8815796774976725,18.286767917690185,3.0713557462969328,7.635505308573292
-0.014955238690802584,-0.0036594549313675485,-0.003162261945624606,-6.823128455110787,3.0645171005090592,-5.783879488411074,20.684537897778622,3.0399845738066844,8.650587787068611
0.015700181538821804,0.012830474191163021,-0.014026900503074754,-9.154221103420227,-7.960694048200629,10.841811435568523,20.33626375867218,3.708924356671537,8.400225524796173
0.006835417215724733,0.00853933668978708,-0.028682442694817498,9.267426993483237,-3.1601028614384097,1.7390274734308306,18.518717645269792,2.5869115066904986,7.762533759792924
0.008183627572951883,0.006675883986414041,-0.03135855879203016,-1.7927257498311278,1.234421467749641,-12.73148714030232,17.700948209683432,3.1613613001062975,7.473362305188553
0.0040629181587964296,-0.01017456861745676,-0.0033636389780199033,2.0098894148076614,6.6192046552169295,-7.127284486964637,20.193888916698643,2.912841757356435,8.570156649869084
-0.019915948525309805,0.009058157720743903,-0.015537237237037572,0.9783517947804476,0.7959061006798223,3.4919627678015353,19.192904013242682,3.5799520293866656,8.061974886669024
0.0011622876440166192,0.019775598193421614,0.03056934426440292,9.153631771802893,-6.3582534348522195,-4.193583806546799,23.626718315652457,3.0517184047629153,9.974558531031336
0.014892199497027855,0.012841008965171766,-0.037016542631592875,1.6432947005667877,9.46773810633455,1.9893334892634122,17.736846377276564,3.31929446600753,7.465278623190361
-0.012491919846755909,0.009968741466890176,-0.015113375403078218,1.725351943050697,3.5149717704327887,6.405217793858643,19.108442802140164,3.311367391476157,8.118811585439966
-0.015898057459364068,-0.0043997757932651375,-0.02476759196453215,-7.594945374599844,-2.665597796047649,9.696815000976471,18.47323967843244,2.899508784525597,7.87591882898937
-0.015364128731876262,-0.0007732147412881397,-0.02599948871597589,-4.028186829734073,-2.815908957396262,-3.523671114984028,18.311693786247485,3.0270870779365238,7.729795697372183
-0.008143458045187462,-0.015724930933263694,-0.006033549823560795,3.3279228982765456,9.116060501495088,-1.6937847677378972,20.504820396391594,3.0278345689461,8.595974512090407
-0.016120353101966245,0.009558536964412539,-0.009919449507973976,-6.6234556883284075,-0.2560536847839767,1.678843647496464,19.84659109767238,3.3046224873814314,8.352701442823857
0.01190470633245717,0.00029162365530658457,0.0328427885250921,-2.2600181945635462,-5.306363567661714,12.102729827262674,23.3555163943923,3.184028085812131,9.890111141381336
0.011539075228793608,-0.006542645663730098,0.014868415758121027,-0.5440352075702499,6.434949978415297,2.9850142835089635,21.735343153002532,2.5372646152178353,9.205272358172188
-0.007501539117279394,-0.004416890555933898,-0.020991739574795318,7.314665432295097,2.0698774864632004,-13.611268692555091,18.946393528044286,2.8244021396046795,7.979535212012433
-0.010023119974239596,0.008037496478920492,0.017329139277715074,-8.747443766657714,1.0288553383865544,-8.997967488025655,22.365977405639928,3.053335414713016,9.386783809090028
-0.01635248507612884,0.0097122121927549,0.029517668291440917,5.6048787379685905,-1.043775584436677,13.260546175849004,23.28860592063548,3.817094572838115,9.792418162836023
-0.008136352375917926,-0.01500772694665842,0.006321576510403125,5.540719068141531,-5.690846945609723,3.535084303334436,21.004404851642697,3.188021274182542,8.94219444843789
-0.0033014535568709515,-0.015364055078992682,-0.014276826270302169,6.998500258518995,-6.55695023486267,6.415881947637725,19.45198361499302,3.2744580084317145,8.253133755092499
-0.011230474657837886,0.004823851907139121,0.010683610060733893,-5.534431050128674,-9.360494718962872,9.52802146096952,21.601650815246312,3.072460698238119,9.177792606769945
0.013836826771680456,0.015906949612605335,-0.009766295987330274,6.337595860226788,-6.942404226109429,-13.639739945126594,19.84718946938995,4.051888341910882,8.512967048609477
0.018061070604562624,0.0069000309400847545,0.01828804778152774,-1.9364799273780413,0.7174162810271909,-8.174090620583673,21.775827593330987,3.5617270596402952,9.268258689371565
0.016714469207553175,0.015162893812626355,-0.007462748442615873,9.080730410813665,7.390351723816558,-14.2281188306028,21.124216804464307,4.1532125195653915,8.688491476170453
0.010757650587174622,-0.0034267923931558322,0.008128068159042157,6.0803152127537565,2.5417137679690924,-14.072048851266631,21.41268833784876,2.778880788111197,9.00539757355125
-0.00045509339223970616,-0.017338152005425118,0.026618246600619698,-5.679927470216932,2.265966441210505,13.653851292673597,22.72540738068874,3.7207243095542366,9.694992051283092
0.00668268368974562,0.011887396828841938,0.033834645656405545,7.107534469908515,3.971321830221388,-8.83407855448884,23.774141094492737,3.1316866145244644,9.985171726576121
0.018091041606422064,-0.010048770548060432,0.028372639749629412,8.8480425767058,0.17951711900020761,6.023698084178086,22.848882521097845,3.120020821519476,9.770180434935261
-0.003423369358899954,-0.017923411151923953,0.0372888172266247,-3.7702952690920473,-8.162489309207817,8.307894640110682,23.750379318576993,3.629671159873354,10.113228163668849
0.014592374136491493,-0.007654982815923913,0.007884003318425398,-2.7326561444575326,6.6287363845639184,-9.252371234125054,21.041461801380905,2.991410459253652,8.987930889880547
-0.006863034192423045,0.01584270193231557,0.024705529182553455,-8.20128801824092,1.4795288971350793,4.13499975448612,22.65582949330201,3.1694312547154393,9.611840281007083
-0.01873617153688786,0.01996924408277925,0.008960333945025739,5.040383109634323,-7.072913726220618,-8.631105949711475,21.634378886190476,4.161996980579512,9.15890396545697
0.016199036461702666,-0.008553267013718257,-0.032425992909334796,6.7987258921061375,-5.040084977528805,-13.126461894657838,18.288473290391373,3.2886646284329997,7.66783459146417
-0.005797558223842612,-0.005747655607391447,0.008601588501137514,4.889829439153917,7.8960466422686615,12.700737239120087,21.687281028645575,2.8258589553454896,9.10993031397091
-0.01383816760611457,-0.01215184386324991,0.03943072278665711,9.248671712088331,-5.943193834878193,11.749543146885834,24.26863604733832,3.4183498940729264,10.233120238718705
0.010595584113701616,-0.007778171936670599,0.009868240319936737,0.6762702833146292,-5.655737476555382,-5.195563927157481,21.498284306857002,2.731367052143739,9.05575545987891
-0.0019251343337877251,-0.0027427527526554807,0.009556065974392715,-1.7515734635860003,7.235856049273352,-10.582532951297681,21.303683054016265,2.397650199259054,9.061005993329514
-0.007948713695857163,-0.0023780743732415774,-0.020496564898872097,-2.8094341995048877,-9.677968530898308,13.364505126213775,18.952993485371426,2.684609516044485,8.05033507414417
-0.00876210944158554,0.0020392549991247004,0.021893449000404602,8.17253465068394,4.216821659059093,9.928398764933721,22.34335735625553,2.8047981763515266,9.561403480217152
-0.001158058917560531,-0.0028822078276514243,0.003555998311719051,-1.176901304608517,-1.86269019899688,9.500722906170783,20.485942217045235,2.3811903862524604,8.71232174751235
0.00810965610355563,0.014506931525548005,0.013346081585983952,-0.5694763110855501,-3.7187518120100593,8.605495230879868,21.527055378199954,3.0872348503367264,9.13446249300618
-0.01539806223058121,-0.0083107658005494,0.012233676737433495,-3.280234033660685,-6.547272455707988,-13.945422732516814,21.703749024203272,3.317456020791412,9.187020361699757
0.01984236050177249,0.007293492883474265,-0.03750001009392882,-9.498544938350728,-9.0762660281019,9.670918568722708,18.628236924990492,3.8562749568336234,7.631611210434323
0.0010336673542819426,0.01976236253780304,-0.038341172857913663,8.244489376842981,5.910469453897562,-2.586020717335032,18.114161454507688,2.9826468844857614,7.507839506248535
0.0018484695021702725,0.00275705230437482,-0.032367148809826336,1.9844360867738882,2.66383683662502,-9.433974906440984,17.72667305892509,2.3720688529568017,7.453817796574042
-0.016892800978485632,-0.01879066819384197,0.038243228598519426,0.9263020984715133,-0.40704945960061245,-9.704803059629425,23.490198627564972,3.361240196442358,9.995703714333791
0.006675244030483474,-0.010942065870267234,-0.001986305186647011,5.782300709983348,3.09751822531231,-3.3652360079953123,20.274531289737904,2.820061814566553,8.601041284815826
-0.019193241329582444,-0.007532842359466784,-0.035211393592269644,5.371781974308478,5.190694194599439,-1.7099616333678629,17.790051620866812,3.0603432961653265,7.5118068931494095
-0.018821910420185273,-0.016255662235189722,-0.02883049842858249,-4.384044572091737,-9.081860537851135,-7.717906897259076,18.581516338823793,3.0816797071324484,7.78413545787084
-0.009511925829590262,-0.003932782891283498,0.007815702399053624,3.0432837001070823,1.411044176302438,-1.6095035315089685,20.80641618084263,2.4029171765798836,8.889575716021742
0.018569515420391796,-0.002520638849812379,0.014557305743016877,9.632205512008628,0.872286404193833,-14.824115439961439,22.22087229056855,3.324451794352962,9.342651314966227
-0.007960096865610212,-0.01505021737050511,-0.018496213334685756,-0.9282785112253968,6.382897125887247,-7.959358516288883,19.086344237995547,3.204095147274071,8.077005060595681
-0.0055958481145184005,-0.01904770055811655,-0.0002586933007565559,0.20812451292561462,-9.034159785757383,7.494803807533216,20.74076819189222,3.710644564617292,8.759201087486638
0.004830328960328596,-0.0012056651665583,0.01932103026657335,-6.918600120979659,-3.389401966552386,-10.212733227639433,22.067145902450395,2.395225499284677,9.420221639934
0.011030272635598623,-0.01737311833351603,-0.03707226300036496,8.413182257828588,-8.337219858427371,5.269581009724146,17.93200446103666,3.1678033592534685,7.554675602495421
0.0030386590584764173,-0.018284141222946915,0.0204640511439381,7.399160376117354,-6.7232993322688905,-2.032895068044848,22.504589168112183,3.311490709048559,9.531973291230287
0.017735084997856133,-0.005656116657394388,-0.0035742337615077766,8.269868978963643,1.8781594206292453,-10.011233791058782,20.558497517440426,2.882983192573609,8.629318651689807
0.003867315087696631,0.01782837086207212,-0.030086623818086536,-9.186280755008774,-2.63822422418359,4.660628589762183,18.415871529045006,2.677972070197529,7.67671090388942
-0.0035301883015335135,0.012497207579831072,0.004298091783787032,0.41533992613691595,6.0272497906437295,1.898456027713344,20.69733008443804,2.68487252738532,8.839201244289022
0.0036623295081355707,-0.007558618532275298,0.032795007108662726,2.3338239807058,-9.770177217928858,8.844568399941352,23.43598822457805,2.6504407292116596,9.966846465183368
-0.017965122548210036,-0.00014054874724990507,0.035413450401626946,4.3670313347521645,2.8176576785505763,7.237788438936022,23.310623884419606,3.113700401935427,9.965411601367482
0.006645680046328702,0.006574591794287179,0.0186310599212368,8.80965882675202,7.2174941097766165,11.612965430783813,22.326710464968635,2.9859398950532414,9.505264070775617
-0.017229535718097586,0.007585874674031906,0.0369275589117967,5.605707898873032,0.7881523944280282,14.326767241240798,23.78437207848145,3.813428691637844,10.056859121907497
-0.0024722306154722103,0.010253920766533628,0.0078179236967902,-2.5860733422392457,8.998135711586556,-0.6503143034078445,21.237860447733823,2.378862995918935,9.03057331353463
-0.010111864122104621,-0.010839901905268933,0.005659854804052636,-1.4197435959487308,-3.883212944975223,-4.984891013072977,20.8937847224311,2.593341229184347,8.835461422344281
0.011676579422518405,0.004404842390210679,0.013943220401352825,-3.985037653596642,8.63141466343528,10.192107138927295,21.817676681477437,3.152114168240598,9.262945066727184
-0.014566449006673383,-0.013478017427242915,-0.00825652853609752,-9.896549124131068,1.7427369928081209,13.662907036712372,20.10013209861939,3.637525444862439,8.57843989203686
-0.0184685181513121,0.011274434567039571,0.033217189470757934,5.305586825178869,4.932541580650273,7.835328709486124,23.23879218642259,3.800487648143876,9.960257021202757
0.016786442241653526,0.01973596535977019,0.004031065367862061,4.973504956660497,-4.651922929700079,4.496225567536303,21.16005102991501,3.7563289423246604,8.937680091595622
0.01917154898406948,-0.0077558857179880515,-0.03539589190797446,6.36569078008575,4.341529867026839,-2.3260747488740634,17.80479371969799,2.8933269796522376,7.43866678981165
0.006345611116989877,-0.009910247559254834,-0.015244465225499625,2.8389364108020114,-4.634127431068444,-11.681177460694245,19.487157568520757,3.130970801826666,8.158293158872372
-0.008602850054120119,-0.011083882767525878,-0.019156302862584722,-8.2271426309917,-2.4176486718842005,6.337287414558386,19.069430614885952,3.04285752442566,8.081726149227311
-0.002247051712935856,0.00822265722228398,-0.019532539124921585,6.967848927546335,5.424119481237044,9.563742859745357,18.98572053802074,2.751709941968797,8.072299527406386
0.015300348676909967,-0.014584551633037264,0.020923636137613222,7.174821652081771,-1.2691487220341173,-0.9507425266657314,22.128129057394368,3.174908277037484,9.477609184473978
0.012191145231534157,-0.01921412571643582,-0.007835767313385616,5.769429014423643,-1.6287036918401299,-10.962349071791646,20.063666761288403,3.9736854472680774,8.46721958858206
-0.002339033408351718,-0.003714272427749434,0.029197715977654935,-4.508333293460948,-5.448394857929603,-4.354106337671681,22.841500929328486,2.1188452976659566,9.739047989866325
0.012870554828153701,0.0043395527029514505,0.0066104480186289505,3.935616093398302,-8.433758007715442,1.53217200815509,21.26364669656855,2.868839416002418,9.025258251391897
-0.012530938323071217,-0.0013451047605340244,-0.03341606696095444,1.9452856436425456,8.878720777067628,-6.628207034039692,17.97218649100625,2.943198782300466,7.594429349179424
-0.01393459169129343,0.018857824146730904,0.014252739142488986,8.019080611291344,-2.608999215533057,8.234520738135231,22.349277364622267,3.9330969902846746,9.3461989272855
0.001857786169886383,0.007500007686777912,-0.034968747647643815,-4.511306858683454,0.39459103566135667,5.37423226751762,17.47983914192041,2.240544072931786,7.366880654460287
-0.014780251748450542,-0.01682628036347809,-0.018777419980975704,5.038673619512156,7.515746597664311,-13.005772213595066,19.198953564936453,3.4600395913958355,8.17319448389578
0.011326233047459302,-0.0005070997667758724,0.03974035870671642,-1.14116523140045,-0.6551075429738837,-7.630351709981701,23.431270448570558,2.697594560677374,10.01087396158303
-0.007990423164756294,0.018825824898281395,-0.03359458971753741,9.452100431918605,4.001712895113203,-2.670724270376258,18.42499716120378,3.091441255137814,7.679999319987045
0.009804546347279272,0.0006009177011829375,-0.02922881888664283,-4.50505603610509,3.1980623694681594,3.5173654207959224,17.924282529795715,2.6099180504833264,7.60558910432785
-0.010149696421863688,0.017731427541845538,0.03140793414300772,0.15703518550727757,9.315977768461138,-13.555604144772271,23.279054318402338,3.5603393816269073,9.961904044527932
-0.01568816975034026,-0.009878563448668092,-0.038990801517627835,9.453564609390977,5.1214335729908615,4.571488732327584,17.57919669949645,2.9910717019930977,7.442795938558371
0.004590962127507887,-0.008339496663330252,0.006916186691534661,-4.5982629351796245,7.575809922251523,-12.394365490773826,21.315021121069893,3.069450312839065,9.010011590963837
-0.0005293164343428067,0.003848030367171497,0.03607578921544848,3.647779976653677,-9.861706946013044,7.3607119699891115,23.736530069457267,2.2000063329676007,10.091922860470019
0.0020950744041369693,0.002135351579333991,-0.017525301053966127,-4.231333534949078,2.7572880778805224,8.05783965645725,18.802161393060473,2.2369762431832614,8.013873134021406
-0.002833908320311638,-0.0008228663426880015,0.012770583241038691,-2.6123905489370642,0.005803938452601187,-6.234730937314946,21.27342071778567,2.1504342561906697,9.048339934929873
-0.01665551337376554,-0.015066258336630072,0.033943993689250794,5.8045909853194715,5.507343360289168,13.056853241457219,23.825186088950456,3.8267344448848415,10.046526461370032
0.008071814109559993,-0.01757449741473746,0.03442756816101444,7.370999956978771,8.214385577402116,11.340388152800568,23.84658345460085,3.458096511386663,10.070148097419652
0.018652098219212345,0.00223741342795224,-0.022544791854688197,7.769424494358624,-3.4787245702798746,8.565735121638205,18.921503121222862,3.62089166931624,7.973006088358385
-0.01268483008796923,0.012139399735262995,-0.004028609346047929,3.5412093264546343,9.837736734590894,-3.1483894652857742,20.452512932420657,3.1376654834718627,8.695856477656555
0.0035287364571234443,0.017902344094259098,0.0008933563367427427,3.5831732543182415,1.3770762601859197,-4.705275238991067,20.69576567383122,3.106586595958491,8.720054246692522
0.00794214649731444,0.011904582715567723,0.0310650990197572,7.126969821868826,0.2350625851904926,-4.0215607501210435,23.24372483673679,2.9971849519528737,9.8472932304292
0.0020101689732200494,-0.0074165625160592125,0.00037856272784615036,3.8360828134154445,5.354925231571496,6.93781907654888,20.582510790871556,2.5384987410763817,8.6984856658116
0.017686760535350125,-0.009571291074288535,0.021614337348142783,7.26052360232903,-6.142252693700925,-8.95330981185878,22.71530783653762,3.2054445766069652,9.60990288416921
0.0004464816417161441,-0.013516822384109721,0.03258911562842374,7.738699853655227,0.1875857964550054,-9.607172507918984,23.16825327281866,3.209382594294296,9.892066971575554
-0.011878106602735028,0.005855537155048843,0.03716311113912819,-9.37947527093577,2.184001855417259,12.494787009805957,23.726398930258092,3.3443025265803565,10.12666140400873
0.012116647021182664,-0.000936581889915411,0.023063955386757547,-2.9877083114937486,3.667487723423722,-7.030815796279741,22.131679610544573,2.6832010893295526,9.469702159080537
0.016676653842321063,0.010146418323551724,0.012007894077638914,0.8448269426422002,2.0612027593306657,8.473067085825974,21.28363085040751,3.6592669072196675,9.045770308936667
0.016790485312168948,0.013740048630611009,0.030347012800319324,-5.1719542623033465,6.740460722271575,14.259449452151422,22.96833616948624,4.0016520363985775,9.872453986546772
-0.012352298820018395,0.014782208209513741,0.007115327306989369,-1.1261128487115375,3.482110440168695,14.298282008814802,20.93636526037062,3.9478360395141756,8.922873025882916
-0.007492474057024473,-0.0027342320562536403,-0.02139664339574723,0.07374819888788231,-2.313562331138172,-11.099983146132889,18.521933120248665,2.717267845994024,7.8224135781336654
0.005487502144214989,0.01421117884949229,0.009567277888483952,-5.634347907785857,-9.153428207856201,-12.21170812166125,21.615149030772677,3.38894454887869,9.152731555917075
0.015318688536087931,-0.01237633519830185,-0.007359339611640932,7.276671257386774,-3.762316395113894,10.080680936630575,19.946065739758733,3.02299183333961,8.50436691631796
-0.00421724205220907,-0.008089932345042232,-0.020813518069568736,6.682856219269148,-9.64438548035851,4.523680664386575,19.084963831341625,2.591645920633369,8.063311717071137
0.018239057521952543,-0.01806269425428492,0.031407652327559564,0.8823545149791485,-5.403277675115506,-10.66024608258738,23.614806095408337,3.9672111004184685,9.920726124308107
-0.0005319509763629174,0.009331439998115521,-0.00847046125503647,-4.584374490357915,7.345312400190554,-0.8614959721443292,19.87745089366006,2.1927431788618845,8.416569380868642
0.0028098125145353536,-0.008386234632329584,0.037105628922354424,3.2620598130745204,0.215098165779688,-5.07819993547829,23.228387920990418,2.623421745548335,9.933658351945313
0.0070871219247702795,0.015357110730290825,0.038764969987789784,5.159889894856741,3.8943654931503,5.290260340504844,23.808592527169854,2.907258321675003,10.117282168169494
-0.017703896252485554,0.018778650177147537,0.02298692171944216,-4.605684328385986,-4.203970919023387,1.8879504293025207,22.284632750824116,3.9192318664124,9.539815103268632
-0.013556014882755436,0.01268920973523507,-0.010126204921642009,-9.12342433755195,-1.192005765863538,-14.240297596098369,20.260747911931645,3.6943425724954118,8.45077658858592
-0.015588587250878753,-0.015761524567760015,0.03086766336741808,4.965572527178468,-6.110696342977753,6.210317455393877,23.099541337685434,3.499991640211149,9.831522295359187
0.01851780008199196,-0.0008009098767784301,0.01673716502334041,4.626652730063226,4.027010340036906,-13.422112245993837,22.189422505518852,3.3550000409688656,9.315018186603979
0.018530149086185815,-0.004627290802989466,-0.0027845039290647494,-9.8438063920261,-4.6882829692326755,10.55982603647874,21.30717933838725,3.5419594652465634,8.815948310041554
0.014790729436890086,-0.001405177562360492,0.03247345125345393,0.7267004161262065,9.079294603592274,-7.582348207890815,23.192695966805772,2.8057077241344692,9.913404427914331
-0.007949183595750373,-0.009589690847954517,-0.0221963826163518,4.366421777603673,1.0250448427666576,2.242367480782981,18.431261220623856,2.6916873370662286,7.837373204741717
-0.008991137440205925,0.013301379543013202,0.013558471911419546,-4.5015820360234375,-6.047329589841732,-14.386684497534095,21.551003412769592,3.371098409307904,9.223017318899966
-0.0035111378621035527,0.013019664195595377,-0.03377381647060357,-3.992276415203002,7.75904652939515,11.941030439785003,17.903888536631115,3.199083856459905,7.545737826838853
-0.007370148632281293,0.011940694657972001,0.020075981400707085,9.569072957637378,-1.2847502217361502,-3.4039059898547332,22.40782025890018,2.7856185314160835,9.514484602145139
-0.012840823036505866,0.012814262547937365,-0.017105640276291904,6.017248897421034,-0.4626298900598762,3.0837976499250104,19.34401264663477,3.306871194578309,8.110147077692188
0.0172623718307675,0.001879735490065492,0.011214778693619011,1.4117673387383771,0.23702633693789288,1.6717859401252184,21.193180401738644,3.1645522555328913,8.98322021865909
-0.0004606476911464784,-0.00099020960062874,0.017055051173631125,-8.12198633321307,-8.523224503090654,2.6311158188072064,22.334149021292212,1.9638019304845065,9.41849158508135
0.006416695278783267,0.0022310068750119177,0.0028487125755880874,-0.9300336027344152,-3.636742959531154,10.487905431564776,20.640501059316623,2.7300224783726983,8.739596987955409
0.01920279631886004,0.017955133356034218,-0.005668632607201254,-7.1943122315482455,-2.408194974311022,-3.200258886457245,20.396052884248018,4.0417600640591695,8.552782272014603
0.0194522613131756,-0.0130444273418991,0.011950484779501655,6.720490690279025,-5.319599242943238,9.178286704102739,21.587534656489336,3.270755297798087,9.233288238392424
0.01538289127257723,0.0071476802024100505,-0.026343586620662995,1.9388368612445799,-0.600059568305868,-8.812633300748951,18.3640955721787,3.4414476789060333,7.68188153074362
0.0033643045750613026,-0.010674854775810302,-0.03969854478165208,3.814721714993002,-8.986881176928215,-5.510648715551156,17.78226145964079,2.849123866920346,7.371062100619282
0.00736710239473945,-0.006687619605334793,-0.01289690541615051,7.867991829554942,-6.780312727936851,8.542383565081817,19.75663793077891,2.493984618020605,8.336719405628886
-0.01534368398263183,-0.008946653708241064,-0.016521009263408243,-6.6517280309984645,9.703595248335034,-0.5592213303017743,19.730331290129843,2.743238365816862,8.30507929467532
0.002184384478751831,-0.01311184157916477,-0.01033669138058272,-3.418139149762542,-8.769803411136863,7.675141921723689,19.87529752129837,3.145021679384241,8.41446565868875
-0.004006274865148839,-0.002320817068171041,0.037885683544315825,-6.982568546653778,6.698658088351813,-6.604056439785701,24.019249900912545,2.244808108054887,10.132704660197499
-0.011093521408452442,-0.016032490450158796,0.02757936252362001,-9.07960096549016,-9.580862068287717,9.220985698615678,23.51489930721532,3.6625159434389536,9.886125884176645
0.017018948644861056,-0.0009874806928897827,-0.01162894856236888,4.010773926050977,-6.694931798575845,-13.590740534571436,20.026009559713177,3.378479735657906,8.39481553702726
0.010777545108223863,0.017450744538897677,0.012395212071112098,8.055556204419378,8.997619801624978,-5.363715428929755,22.471278547342585,3.531249174274183,9.354826731669606
0.003404613723959112,-0.0028780163836028202,0.018308059820361385,-9.016925801010142,6.679609024380472,7.364603161415204,22.235956281587136,2.177182010108908,9.459824452807203
0.006523100071053594,0.012342309480834156,0.010869286922300166,7.359879003051464,-9.048256462415958,0.040112265994032725,21.970647256315317,2.788321937468483,9.251759997585282
-0.015563985407151374,0.004766284401268663,0.030396429291122233,-7.962820170230184,-9.865699602391878,-2.9530816986778206,23.227871857549236,3.111435326125923,9.924783682513926
-0.016545810854998413,0.005896264498648069,-0.0031189599501278836,-0.85923565304312,3.8646154967059054,-4.042983500232628,20.264522277950164,3.314013534576586,8.554367492249249
0.013966233970221367,0.0021708577929929578,-0.016206043559260638,-4.834353900429004,-9.17293832855487,-11.897652705662138,19.746784021663593,3.3088997160113727,8.264609574959406
-0.01942323006350988,0.013311971895523262,0.03893387488367061,-4.670158844324321,-0.6556670271920222,-13.958852682692592,24.02105929496622,4.1892679837146405,10.116501502603715
0.013148651016241037,0.014318468855042354,-0.035173567780951896,6.982685087513914,-4.9058940603661245,12.308155366220774,18.25489727267385,3.7434213405876915,7.58675722145971
0.008933906727481632,0.013926210993102612,0.03896085760874788,0.8431916506307946,2.452982137851123,-11.187737918919407,23.721646072985703,3.514628252651609,10.041886580807851
-0.013880133323772945,0.0042334443101643415,0.03640679317766734,3.6780111521727594,-5.093178903774991,-7.023611908075782,23.44831746348287,3.2217548593567362,9.993180842363284
-0.009572665058275222,-0.013284963443100265,-0.0026239991848198557,-8.447351716358744,-8.90895809494668,0.5802039871049463,20.70298947431853,3.0043511076955456,8.749147561024381
0.0051198409331068735,-0.0175792922974509,-0.026946474909432735,2.9441886713229533,9.831449967496201,-2.5323933567232224,18.733847003238346,3.3382329055396815,7.823629560050051
-0.005430257392245244,0.013698603268576779,-0.01354825436154666,6.658239506027201,-4.445185138694077,3.6711327269329956,19.8225345450889,2.9294186573986742,8.281362089176609
-0.0005096725467294214,0.013658912490646668,0.02068540374352671,1.269922841987416,-0.2889782906174645,-12.945731520672044,22.07369483884381,3.0110763231214563,9.359669970105148
-0.0016584216595127016,-0.015320272331419891,-0.03131166615860591,-4.925616282422547,2.272956381636426,-14.834628690100867,18.155086545709043,3.651268622851666,7.614611258661862
0.007240332790041083,0.0010995751967218179,0.011177385152402894,-4.111592395143838,-2.1204191326365596,2.1145846614984833,21.36503538524457,2.362193072724569,9.041079154500439
0.009002601158874687,0.00321274349522032,0.0005575319714963556,-5.501303554321884,3.4550677414280315,-13.642665351719312,20.586169639586934,3.0577850163007128,8.724567433203267
0.0015412833189847805,0.0011493036758976477,0.0009496996953359191,9.549980150542613,6.415338991825056,-10.09971660329137,21.24572263872368,2.2399644176461853,8.86335718526281
-0.013256999087326245,0.015702608297281147,0.03937023045894896,-6.1645499854538865,9.623833791888146,13.255254587221302,24.23061433987575,4.0189858597768735,10.268347333168682
0.005494849593478929,0.009696967914143994,-0.03744522153740288,-6.768744094794014,0.28489846921608475,-13.386963324704848,17.461624549533457,3.2082329188064658,7.366848096249508
-0.008206991487409358,-0.01959995191045419,0.028811177893495486,0.8236112059041307,3.475261948353939,2.450898554162176,22.97720180291319,3.5145986658557624,9.707881720615026
0.0023536564228470516,-0.012779594275136526,-0.03997347599347945,-0.14294411694003095,-2.6545853519566194,0.6812494324257585,17.133991686845267,2.7353300901589472,7.176100615817039
0.016094078653120115,0.013891652675039768,-0.007373922035312862,6.975665296453638,1.6226522183374374,-1.8302815094190947,20.266713658038718,3.4954169361827296,8.496522816215538
-0.01394036265130267,-0.0003923478274692298,-0.039657262366146535,-0.5387241085278216,5.855699844166491,-4.7540761556930615,17.322647590146328,2.994596035310791,7.291716751481155
0.018643173050665523,-0.01921643419332465,0.033234370042072615,-3.314025680393091,8.384008756489653,1.0371424354134717,23.484062291489803,3.512639469906859,9.964209537569397
0.01286913111447167,0.015284932437432262,-0.02393144635053928,-7.096473199576526,4.593614999745741,-2.9146662704375927,18.55307794975642,3.4822104954420308,7.879067246095631
-0.019165478176917584,-0.01306294960698427,0.0036173074422075555,-3.6971680554466175,3.5572390968083525,-13.014621239966448,21.265700509696792,3.489449142722823,8.920066576558373
-0.012356315190538286,-0.00158016046268835,0.0021427867219683816,6.992636272078354,-1.1924748694829006,-11.18614003504042,20.63523636470658,3.1615566351283526,8.784935174600518
-0.016856373852389833,-0.010459917989724784,0.012619238325117153,-6.670180283679549,8.927832568535486,-7.838672522921372,22.30007341617457,3.1533797989756973,9.355721261812347
0.014928574143388506,0.016635268425432132,-0.00918808024572118,9.659741658488102,4.400578009855327,9.822615326875137,20.18564493788463,3.883333770389865,8.549939772713994
-0.019269215725266724,0.00547559412818515,-0.03441878978468588,-0.8709164523230193,4.310103434313204,-14.692592402477247,18.06334001077062,4.027543745619574,7.508830178108475
-0.00029153693911985676,0.0012766980666129857,-0.03945387717470413,-7.541471686789549,8.33836229682801,9.616633873663687,17.522076444574683,2.2607454764909742,7.387781137012787
-0.0015439060984417038,0.012307701035803083,-0.00796624699590593,-9.719051117802449,-8.134972499225725,-8.836420176991872,20.13322195111328,2.66528572995313,8.543027741807888
-0.007819830676861254,-0.0028871924311187416,-0.024414750962346563,0.9708250375015499,2.424128825633252,-0.3923347537090187,18.224068227199826,2.2486498211959423,7.721900489788396
0.010046639931082315,0.010472398908765258,0.003806728539611441,2.3610918846200075,1.229752015656583,9.755449025888982,20.580717787259918,3.2147672968481493,8.763167206625766
0.0012630261158724683,0.0133367434517911,0.013684998098103203,-6.507439199691445,-6.241948770743793,-3.595352994499825,21.737273195822464,2.652030483840597,9.223041733185907
-0.01586450701043815,-0.0045268991517772115,-0.015322207734591694,5.439265099845791,1.2675044036928558,-3.97657975672913,19.10988349559972,3.0007603466988915,8.124202729741013
-0.017978930743142735,-0.01801903900559836,-0.008401395112435102,-6.589189760260226,9.200592439060696,5.2174013112985165,20.48000016692433,3.652589862944953,8.65033542327128
0.0026781250813094314,0.01844845534984305,-0.021096771331870975,-1.2996071781645817,1.166253223151843,-5.421843606259641,18.588716598083156,3.121148543267147,7.843048947298377
-0.009018949855574023,-0.006672539601204263,0.00026550343344527993,-0.3697850241331828,-0.6627078222385272,-10.875153537702637,20.24659986198459,2.72328531897095,8.584984530110752
0.007379791106659112,0.006405935219589029,0.019485702630311463,1.6872842137610817,8.91392517055769,10.53718720365443,22.328517771197518,2.918309278093642,9.461638578548913
-0.007200194624149163,-0.004724867565016711,-0.008957992063395571,-5.047798997207247,3.1082833612175733,4.7792726650304616,19.71759215579261,2.4109677716674303,8.362235211771328
0.00017602920632563135,0.016564484066949072,-0.018855812945757357,-3.623064889939654,-8.302421945166147,6.560874116990224,19.113238753059957,2.88958903558832,8.086939766835467
-0.017949827436957787,-0.011506383016861315,-0.015868188650021785,-2.1109311958354233,3.825362909665513,8.518956314968129,19.4652114099243,3.3222006430216595,8.17364492391565
0.004494701063367676,-0.0124908988251459,0.028356582020637754,0.5174961331478833,5.624547084958344,-1.965756908685412,22.825213153126874,2.8623426705687134,9.679060082841236
-0.009421157039137663,0.007290525234180306,-0.01626412428030551,0.6917033928204717,5.177535565337177,1.8740579245843314,19.03415641133757,2.7738507942312096,8.085658401728805
-0.01352129169694385,-0.005842280281192247,-0.018934068810093567,8.218011680612424,9.332568052961374,-3.6072763905624257,19.36879022607797,2.7421905074523454,8.20335637951833
0.01349364858126437,0.019852069604250695,-0.023974289535361095,-8.383097155468702,2.1514381405710186,9.516316791109482,18.95997696758604,3.649683966057088,7.9169537799642855
-9.261402507803121e-05,0.015553194488730385,-0.018923361096651162,2.1460577968067547,4.179241253333688,-3.7529085728102167,19.01380219522628,2.7103971067190313,8.004453589655368
0.012843274128634934,0.004319208909166573,0.010099165079478903,-4.677333418350742,2.988438204564572,-8.968816940169308,21.163354349965886,3.130670594354069,9.033637397536117
-0.0074184932667592605,0.01552554033544638,-0.021764331177722668,8.991099292553887,5.975387969209043,-2.603861346446255,19.385649529884997,2.888397154121576,8.086443301525396
-0.011079299250712712,-0.016829647421595113,0.019131972369023913,8.668452534567514,1.5750024835178564,-7.195793684700113,22.09609476817861,3.1645144216862153,9.44662425211274
-0.009462263333721434,0.004508336525622499,-0.010016862035573445,7.257908281412746,4.137529288593878,-6.04510997747647,19.939091971149345,2.8508384243467844,8.39033993970612
-0.017615231470905136,-0.005270084662581267,0.01480513604381313,6.157362995841687,1.8806182678957235,8.241851257073105,21.72900831802503,2.849948392473429,9.252258817761742
0.013915295417710454,-0.012961920968217973,0.005480317419956783,8.75701296038168,3.3185042639153313,0.3801446880430355,21.096199792937515,2.9274814121091204,8.942545026431207
-0.0068803704974564756,-0.010531564377545894,0.016199757704120292,-0.8504898057609509,7.187627719057705,-6.864420094272365,21.91380169430381,2.7730657785351656,9.311831188578651
-0.015289047237907031,0.012990631328150485,-0.038129630322308296,4.900219307705605,3.503345772685414,-2.8281630515552987,17.48654182411682,3.3961231418175455,7.373999430146581
0.012438004975639714,0.00855408564074716,-0.02557653091210555,-6.22899483787857,4.80871494312294,7.3264911519844205,18.403535669844928,3.1883210266366966,7.80551760313384
0.0024295911843475494,0.005966053165568572,-0.016200955415516204,-4.4332551634213075,6.67647876668406,-1.5076001029043553,19.177695291057816,2.206696433291238,8.118223068431345
-0.004040539415687012,-0.0004690494218808315,0.03455089447809578,0.7090722461003374,6.69398813900392,-12.763855857087698,23.190268002282885,2.5866544324491243,9.95310203542277
-0.007808105938425687,-0.017215103127287256,0.007835066614909902,-1.832781112855999,-3.852096009271886,-1.2533233289847985,21.13508820195466,3.1590448820721346,8.929687432417756
-0.012194224998309284,0.015283314103423994,0.009080770036385521,4.2469530702643645,5.779327286088169,8.263991697532187,21.25494647661172,3.6605807169489935,9.090341074136145
0.002130252550679907,0.01483421136151437,0.03312949153397419,-1.0330982375233866,3.517320589707939,-10.65260050304284,23.06794219483304,3.122826599607855,9.838363100449973
-0.011433444109088411,-0.014738209426386359,-0.0007383756130616287,-0.691134451886029,1.6762262109809267,-4.082899486205299,20.28465340072368,2.8874697815454957,8.60931213963751
-0.0037869772521091534,-0.00567535462771338,-0.02163777217949913,-4.249007163924723,-9.696394221300492,-8.670937752229163,19.15445172343034,2.4359150334534685,8.012242676767714
0.003640675005036259,0.0070866850934373955,-0.039357303902783816,8.407563368172099,-6.641135671960963,4.83611265842876,17.82087597046383,2.445016097015485,7.408173922132952
-0.008308331421647597,0.013517936238683841,-0.016565344291195102,-8.418088250504308,0.5099505672731812,-5.757938812524891,19.45632564040877,2.9002262895549715,8.141378124443888
-0.017486622424303367,0.01180332779911673,0.020307764530054978,-2.8509293957484916,-6.319862650708852,-1.893380444096291,21.969634538044517,3.4374009567942903,9.440995906181763
0.010782064059649848,-0.015721676311567238,-0.011770676241779895,6.420995750380392,3.5942777611978176,-12.483147136798841,19.666100098392672,3.7251746264361447,8.312530094803254
0.01512985234535084,0.012073553126923414,-0.032184889226042276,-4.270239597142056,-1.869668893156888,9.419364763777846,18.202008711028096,3.609356143795957,7.537930787986145
0.001664824886077474,-0.0028953868207410166,0.0032625052256699955,-4.1415012359671355,-9.306972428110601,-10.26089303227895,21.198168140625658,2.3925856545576796,8.90592389317414
0.016719784226072096,0.002991338497673846,-0.004026051182934705,1.3013223170870063,0.7336023528884699,5.4816506928819635,19.92381324569514,3.332990177011254,8.432788964423136
0.0054183322317946855,-0.010309526728351722,-0.03742124193752842,-3.9680653840561275,-1.0288666976724965,12.42219731866076,17.520574676126675,3.0549057069697407,7.3408459332796046
-0.005567625215479408,-0.01448976097051705,0.03419981327714986,-7.207833034315008,8.950193580519855,-6.200489332010811,23.922944060673775,3.1500111233525354,10.084593393968776
-0.0036573005544084415,-0.018982162645853708,-0.039341755047049544,-4.414382703027162,-5.7348298516720835,6.279444582057987,17.39712221798533,3.6361943593093913,7.336567995768382
0.00717880862849123,0.009986995945706834,0.0021742561712710246,4.845918170609146,9.525190611571361,-10.466037166764682,21.30166110276891,3.116178341849568,8.914863422003897
0.00865320549268846,-0.003297876827028392,-0.02702128104150564,5.514543539053298,9.336022236580334,-9.32275180871476,18.68046486724545,2.5033425884388207,7.827866236783519
0.0160953551850478,0.012296961778962032,0.03451014624593641,0.5765500285851832,3.9941321031608226,10.786793759375428,23.1428730485938,3.7779336613666277,9.904002603676116
0.005436703364362378,0.0038251023438161807,-0.02925294948519592,1.1415397342630058,6.487768319113009,-12.90222969861145,18.177772643204595,2.797963969139269,7.659609725992728
-0.019452454174789472,0.009305217781699012,-0.017401241995925777,9.205222262322973,-0.6511517365381572,1.1593055808144115,19.495653041758676,3.4581580667501988,8.176021669147687
0.0023227752986321286,0.0064165125700539165,-0.0018790935278944834,1.604612112043558,1.7528743127661013,1.4438341428059722,20.046218970124855,2.098986564670582,8.517611771974515
-0.009120256949829271,0.012280870184778945,-0.03870421889818875,3.835192531734501,-7.270044743782796,9.449549562855687,17.861121887884877,3.3393277445290472,7.398958412708199
0.01618448065667803,-0.006157091945213642,0.012441586967798929,5.212165551906452,-7.893376107941208,6.923613898031505,21.765504461577983,3.0931577211005776,9.256287284147021
-0.0031993766570090863,-0.0065574196429228765,0.01717956097369063,-6.515958860629583,-6.786679804364589,-10.853893610989527,22.07203975520818,2.6314430985309603,9.388140840932795
0.006505537280058597,-0.0015390877855546124,0.034076143692031526,-8.480220641330277,-1.1554254338526029,-11.029280484138908,23.325986767775863,2.5122193965305524,9.979476093956567
0.013052910371728874,-0.006752555894929135,-0.026208040135105862,1.7037454060435486,-9.499774954002731,12.09092719149345,18.579136951422196,3.1023329693992934,7.895545328680485
0.010666957366707166,0.0008956268117982676,-0.010188250250136397,-6.0852087793292675,9.194840712703062,3.0606583200601314,19.787533071093982,2.6290654330997882,8.411637964311042
0.018286863324329824,-0.019067715461538477,-0.0024420330845186314,-7.080331595876748,-0.9813764178029274,-8.238761399835079,20.523873538441958,3.888880029119958,8.732076095184304
-0.0015992128614127701,0.017699018741753284,-0.015112279177980525,-3.6810170980653396,-3.645336925198224,-0.9036246704174964,19.13928973751654,2.717045543517696,8.10592989492863
0.011200889346343147,0.0022089827184172857,-0.010148866855593484,-2.101467075709116,-9.79370180420678,-3.4203276625808137,20.08839984675891,2.712997309982313,8.433602516552012
0.009051055718078103,0.0014840398879507471,-0.0015548299682749817,-4.110629456531338,6.890088191301906,14.096328184868423,20.504911863002658,3.0582769734094386,8.685681124435169
0.0008106139018762316,0.007741883533260344,0.03316291046344919,-9.597113228257491,-7.60007487713276,6.771048600540997,23.842627055486943,2.353284691986432,10.01906270057928
-0.008187104843156878,-0.007453032355959111,0.012532738176729702,6.6289490338176655,-5.182371790683056,4.845046060364808,21.688322820341398,2.6155436815574773,9.16883544336894
0.012345780254846634,2.5180932893165142e-05,0.005840024378877422,1.4848751256949662,-2.1052372032810274,3.8985141427164045,20.68449623824255,2.832375526169224,8.81864766349305
-0.013099957558208905,0.012153458593882522,0.012730591926707148,-9.362097402088043,1.371353792791572,7.468325467052864,21.788303518903362,3.5305891755878682,9.231729546480139
-0.0063549894808576386,0.005715421270391503,-0.0049946098953864496,-6.560485768240206,1.174069737476506,-12.564536536819665,20.36595919011395,2.8835074568277554,8.535730538083842
0.010586414040163902,-0.012466680846665157,0.008853280126695416,-2.8765403646649457,1.6761148166494628,-4.415364759717761,20.950719052167205,3.0775658977731606,8.949720638145019
-0.00993805836210869,-0.01769292354310855,-0.018925950479814865,-7.044201738266915,-0.26574544013688595,-14.590146013868964,19.409333342482412,3.687323278365618,8.136752941692468
-0.0010112930396590503,0.007902363605902091,0.03577969043734613,-8.802974105851034,-7.869655234758257,1.1259567576317338,23.848631124232675,2.2091711221272217,10.085438954776729
-0.016661912193778015,-0.0012168996831679567,0.03831774023620351,-0.5373402593730106,-1.2298595509717263,-7.196185921104292,23.437017148702594,3.2886834502328526,9.962975349854126
0.019852916884032974,-0.015387570968272804,0.02130717132423108,9.565317884175826,-4.823899089986283,6.4081237519814955,22.530827629684115,3.0978051323925935,9.61410579693916
0.00708138692657842,-0.017275357524737127,-0.0307115572439361,-9.451920523050099,-5.106213169954678,5.230412338816393,18.72428202452199,3.334241900423493,7.781588891086214
0.017859118554451905,-0.018726154059354176,-0.006763429517866418,5.665528860040377,-2.437075162455608,1.1689319757265793,20.05201693278357,3.479399772521286,8.5030705963846
-0.010827710815701108,0.013589221163739337,-0.025374161788072558,-0.4246094620503733,-5.988498229661452,3.661948724280858,18.459609209736318,3.269371823746807,7.78396047997012
0.014045243472907937,-0.009866708253299064,-0.021291099105769193,6.439922266995449,-2.1346866612773896,13.487511078904095,18.731972367645948,3.167984995677473,7.9664638926749305
-0.015453414353566904,0.00044161275641986866,0.033009403656090265,6.330031346739581,9.125251600208472,14.90196949540907,23.932437005871048,3.4191144525730026,10.080817860995404
0.014431907068021197,0.006953574181974884,-0.018331341498058675,-7.231544663365009,4.602014365660224,11.73286242942762,19.20475716662274,3.5108630527415103,8.112294893337808
-0.01758548628262685,0.016926651721153336,0.031530304243147865,7.637528477551495,1.6476366988520361,-2.5303264969408072,23.37073803070914,3.6644521012474853,9.924512017251727
-0.009065193736119265,0.008895785160409647,0.036433244017005754,2.142574694992007,-7.823697544155812,-3.0671209611073227,23.52102890262554,2.761952223110087,10.038117699264937
-0.010983390456695403,-0.009758097498695674,0.027281706509708646,-7.434069232759604,-6.921327042981382,-2.3520239796473614,22.908128642713738,2.5774322946829407,9.762101887151706
0.005024302221769229,-0.0074513835908642054,0.004708686731387399,-8.729921994294529,-8.41264514507662,-0.594524274923625,21.410194734658344,2.3697417711735795,9.011471515072856
0.019994729833328975,0.017246900174010763,-0.014461832071698523,-3.733488427011631,3.0873526048880855,10.96471617924231,19.55690004708279,4.214556035005461,8.199633615534871
0.012263674432874658,-0.017552309539965238,-0.027018321760839382,3.75694941639704,0.30017066618638744,-0.5388936750511917,18.155686777499312,3.3470977759258087,7.67637713114362
-0.007984890688127484,0.0016050639234943334,-0.0038084140004974038,8.614659666623371,8.253574524387716,6.996772328137393,20.495857946020593,2.6430963432188497,8.715918985092628
-0.019662284164537826,-0.002321195582590266,0.039981905745279094,0.470568303123283,5.451190701372104,-7.048299712826597,23.76928524104083,3.4803582348612943,10.158000575071547
0.005626483982100541,-0.009709078352510444,-0.02662250908491548,-1.8137921122359213,5.6025263423094245,8.56125679785838,18.471222176887323,2.747130521880165,7.72454476220427
0.012096561563147475,0.0017676350706942005,0.0033978499293747313,5.719431847312633,-1.2946753619406426,-1.1967547801362866,20.71126693565828,2.6332743680485406,8.796045440127454
0.009376538302523857,-0.012579200543626122,0.03484876818536043,-9.56126889751692,1.3601382785427791,13.874582016017651,23.889678986643936,3.2136874452277624,10.09306936221876
0.010648206383259487,0.013325290469720665,0.0055547861161489645,2.1516555050174837,2.5832540752372264,-7.021877157588433,21.060949221119916,3.388531880932214,8.85525874498727
0.004960182777658594,0.018962924441834884,0.023856948841330515,-2.554794404283909,4.6009460735800545,-6.6297622856352625,22.346172322347368,3.34618564979947,9.537168980666184
0.019505488385060523,-0.010931222879299542,0.029481706017333152,7.6870303225238565,-6.265540629801654,3.7237520405888915,23.180828769619787,3.067111740853124,9.885686232121076
-0.011202682047493306,0.015215438917089551,-0.007533659583321757,-9.21348650914114,-0.5987140758776359,-6.653189534745591,20.28182947616106,3.2085172261369834,8.497870630694969
0.01446536551152455,0.010390096922863114,-0.004578709769632046,7.696153791178983,5.124138311780296,-11.74073908301307,20.8857594440342,3.6413567076987814,8.661092713237672
0.015071684061308713,0.018694130061250817,-0.0330746305740654,2.916153592422429,4.9344243869124185,4.222162734546778,18.056409275883187,3.614575765381121,7.563329852753058
0.007533850226453344,-0.01768588091460927,0.03174531701086566,-0.31032258535262613,-4.168182607246136,-10.493814801971537,23.368708618317577,3.7180625606349085,9.840430794710057
-0.0014657953362309899,-0.004306116234470286,0.020773290378654635,-2.3235624585921606,-0.5633286370750525,2.11647216616975,21.817121568809686,2.149584712265635,9.32883517562698
-0.00636965823095725,-0.007212458675113061,-0.014208790970148311,3.801095128315806,-0.903961573959462,2.173543742640504,19.084559600197778,2.4615083066674557,8.096534705377355
0.019301571485672662,-0.010725829846154498,-0.03459022388244531,-5.309681815310505,4.042335154486963,7.644263312025739,17.852414220322352,3.288238690248039,7.521559351496048
-0.012415317917871592,-0.004652450251195943,-0.005846508812019084,-1.7355867907082043,4.140017818174115,14.158178611018215,20.218706426665396,2.939562685783306,8.49610137473608
-0.011343564575079821,-0.0009660061958534083,-0.0012133580090070706,-6.427086067693706,0.3266497248091138,-8.27186138667745,20.64458973143523,2.918323839781267,8.670726757318782
0.0031670606710534448,-0.007651028789412822,-0.014839391845920664,-0.3716513699678696,8.869763904541497,11.499062327151034,19.76774685163414,2.7411489639133273,8.23338002329957
0.006816300746774563,0.019653388485974633,-0.012344182950071003,-9.223483656435757,-2.8762865747556603,-1.4402374897692578,19.811366979785152,3.252445721752685,8.315367803629227
-0.0005471043474669611,0.013225766263512007,-0.014961307736581747,0.372158672551798,7.141202667137907,-9.523594495136683,19.357561385912643,2.8091876740331125,8.19964526174223
0.016366160929727157,-0.014518828130296924,0.015370286263175957,9.014840515875882,2.141688054304529,5.548939571898217,21.828490906671682,2.8643023388673203,9.308539978942266
0.010700599341460375,-0.01034831933958452,-0.03204185224621642,-1.2648056620272268,1.596838220649806,-6.903779777312057,17.606814595652715,3.03166192340239,7.446448907528087
-0.018247991629147867,0.013507883146441375,0.020087871086168177,8.924547317774781,-6.925305783214899,-13.999613360478854,22.542856623791934,4.251545552097392,9.608738072709054
0.009554342424449906,0.01465357008882424,-0.022229569722417884,-2.4530425156196696,6.949649740667979,-14.655555631725791,18.798103542818435,3.77912144425331,7.96997049023231
-0.009316804327262243,-0.014809407457258787,0.035827909619694516,-9.113680336565515,0.6548234355938938,6.0576377447596705,23.6884567388477,3.303909414234353,10.087294940672933
-0.0009933803568040328,-0.009489099832972778,-0.013531477054484223,-5.53429173144105,7.09448986651423,-14.914975848000559,19.871015363529168,3.2300506519297274,8.315458030122308
-0.01496595745572868,0.014665769442703373,0.03848593543136807,-1.1449980626897283,5.4697561384263,11.55402746741676,23.721989059361455,3.9680212239776202,10.094532287998799
0.012864711227082663,-0.003179670088904664,0.03035677522232306,-0.8256243346377605,3.857890894810893,14.55396887506702,22.906323521155617,3.289397003574157,9.743079862908342
-0.006036538720592288,-0.004892732041540837,0.018977102780218115,5.127456842047415,-8.2897402876006,-8.598903024778869,22.335340377358733,2.4356209487446243,9.449872223136614
-0.0037521960003943228,-0.003479597874896063,-0.02971285720984674,-7.024762230518091,-4.163626160133385,7.888097623493515,18.26672104229588,2.4517957689388674,7.664223846365189
7.853557213403223e-05,-0.01040399061245782,-0.02418991898862185,-8.704200158495814,-0.8844005976496163,14.583830045805342,18.927093322394704,3.258004893708189,7.940323789421435
-0.009082269871616817,0.005192803613725858,-0.0029438616517938956,0.9729159266926768,-5.511069101483395,8.180744418683176,20.244329027919964,2.8794099090227228,8.562756932016308
0.009710966623431974,0.010460042272097455,0.005820613512819685,-8.277858171647933,6.396644350859933,-14.57355991335302,21.41691592055364,3.565052886800678,9.026643288457912
-0.010326966820983548,-0.0036587190603331633,-0.015499924815020123,-0.016739368335569438,-2.5954006277110198,-5.044191200097766,18.94615000020335,2.628573676932719,8.02437843561239
-0.009466686329264382,-0.017119286135990175,-0.005256544856950901,-9.374245731704729,-8.300077607869943,-9.626058663664825,20.40176277160833,3.2859561278697336,8.703462162091613
-0.00719206303412916,0.019086767670240767,0.023617637017682942,-9.580335771707167,4.673971011384788,-9.956522825714938,23.094403839752708,3.134615746721212,9.66506870746466
-0.013525103752243708,0.01074946450720423,-0.024006851774210684,-1.4632916735966788,1.547013336366735,7.1717863086116935,18.356702212857574,3.460033567180401,7.746849739397588
0.008566616497836299,-0.0047976262456916885,0.0011391596965966769,-3.934181395645801,3.4874552343871557,-2.343774667742828,20.365644393432607,2.33811027099469,8.68898606886726
0.012017892068442237,0.019989642719245086,-0.010514793673765625,-1.9957755920278295,6.167136386401001,-5.8379781842980645,19.740975706406676,3.8163806414792965,8.359148776093228
-0.007407803808804547,0.0015867929644085114,-0.010368786926095455,-7.77706903661662,-4.1009415745406885,14.93406249641026,19.97452903689981,2.939027108628767,8.401182571146876
-0.0023052841306034806,0.013934765462635158,-0.029770527512547176,-1.15688101695849,-7.7406040533062175,6.750818228737302,18.051654205577645,2.9011802267263875,7.669230088524427
-0.006822988915549022,0.01600469324934264,-0.01154387107596187,9.925259038429559,0.18897414647974564,14.302601044016821,20.29676046397608,3.6446614728222304,8.467836637018465
-0.0029770294457005797,-0.007586145890472436,0.02314275897118124,-2.5679000566063976,-3.2996838907090975,11.585593458794317,22.26938000068955,2.9031592615989172,9.4741459301278
0.005141550057139427,-0.0013571292258121523,0.020881838874847312,-3.924152001148209,-6.603740463171368,10.187925966211836,22.426359998118,2.5268972631674886,9.480752522628505
-0.010104749039747412,-0.012144798918437547,-0.013522507715153474,-7.418417925181471,7.487343589826022,-1.0495508030098133,19.91641261168665,2.7644029956304936,8.358410249262928
-0.013845803554073784,-0.00031626108969550967,-0.0067483999568145395,-0.8818532914301933,-9.949784069109613,-5.274494828798778,20.200542892511947,2.99075705014855,8.518341583234221
0.013531319763877152,0.0021555140925567443,0.020705520944783833,0.04238899247152972,-6.565581873734143,-12.117619094780974,22.505486301585243,3.241486055702254,9.483997329559932
-0.010912925140881295,0.009840394418671402,-0.0031798625251053467,-4.923070407627814,-5.820226116894716,10.518844825138594,20.280344473791324,3.3945362144249223,8.61133347977374
0.007309561122999075,-0.019805576538517618,0.03761176752153688,5.549630422639449,6.1806524445234245,-12.201843995983443,23.67113470337349,3.987244495370691,10.11291925458873
0.006047555457498532,-0.004988295722708154,-0.005533288940194808,-1.7609603374068143,-1.5346703356678137,-13.564596012179791,19.93078898091325,2.826220257893048,8.422908687155326
-0.015540619272675263,0.01449312113050871,-0.036109437494399564,3.677461509573556,8.303338580726216,3.028666133717696,17.747896730030824,3.60085637950577,7.535854249460571
-0.005742427836796779,-0.014558993292723175,0.02542262451781411,-1.4921338854955852,0.6149630418538656,0.2376997414923192,22.351676428677916,2.9616558600454446,9.513122974101766
0.015275422662073431,0.009068554469749485,0.007902958044576053,9.253952513417271,5.5708542641308085,-5.093742328851604,21.84863784007609,3.2942653423376425,9.113536593943193
-0.002785009747790862,0.0016463472104047035,0.01958233332408059,-0.14971059367266903,5.9454212975499825,-9.261722165713167,21.949172073237357,2.37410804259711,9.381297729583011
0.012265549993265245,0.01098266780132363,-0.00938725120032239,-7.293868118058569,4.19709988770542,7.9376931223053475,19.829272544998876,3.255240905791936,8.405070128165866
-0.010576829213583232,0.006641379422583266,0.007127641941242324,3.187765662180272,2.2337905194092365,-5.952940322104173,20.929969695081674,2.96974904222659,8.899112368472654
0.012205861819054597,0.0012999623312718207,0.0051102141958339065,9.30046113416265,-3.7216315884165807,-9.175728274649055,21.052628697052704,2.9335260691529577,8.984564689430988
-0.011073395198029572,-0.002557808775036318,-0.03184496895909858,-2.6526105156641,-2.767843751111732,-11.032953840808041,17.770756198753936,2.9943047404625713,7.5021407211054765
-0.005698761991448311,-0.0019932475106134093,-0.0331321552151992,3.8179704104395,5.2117536439436645,0.2426941660758466,17.704640808027666,2.090502742206558,7.4944547183797985
0.010352632690161893,-0.003654251015347717,-0.015580185237731622,-5.810034338515351,-4.09444644970889,-6.785356713252149,19.28490142603918,2.4758483820054025,8.168029636934058
0.015836756796616846,0.005241340689111692,0.03170601040866374,-8.976295872848933,6.169746031823628,-13.920369145978993,23.53594030825629,3.62393939270244,9.972932354258061
-0.009093206851864379,-0.0015313434530617662,0.03129569977784837,-8.038287784784366,3.7144257793232267,1.698846178507278,23.359466261783957,2.274642004291563,9.877863401045639
-0.0028312557013685374,-0.010568145772834936,-0.012871737719897719,-2.171372923562849,9.29317375986449,-13.466410110282153,19.695735116807526,3.2110003576979254,8.34289890797886
0.018060788037080566,-0.009531651154105588,-0.037116314694957825,0.9983875042619879,4.4411734074261275,4.932601796801251,17.407071278317787,3.089387286646827,7.3059405660102295
0.017195698327024524,0.003914506082781797,0.02065879614189685,4.694361283036205,6.566103482589611,1.6499788840520253,22.395557020129214,3.233706205939694,9.470274752718705
-0.0197944693659459,0.009047625506396022,-0.0108075446227914,2.157425809601243,8.694720846690377,-10.671210340440194,19.742960085577945,3.9455199075010112,8.450022564486321
0.018270597243709778,0.014759477430243525,-0.03691513266638759,-4.322421740179443,3.7973987691109166,-5.627926706034383,17.406197673797628,3.921036877430517,7.3823549217191875
0.0015552064291303354,-0.0031215606415879588,0.034726741627912,0.1445202093921889,8.107949873952535,6.5003313330097825,23.59849753717331,2.168869177737719,9.969495632519715
0.0071536824417591585,0.001725638017093245,0.03606609308375668,5.0649803963919595,-9.52502748192883,10.514009712881734,23.84442895815316,2.7758955941794907,10.12034869297835
-0.016232707331593415,0.005100721195634313,-0.0010583430647685896,-2.035686688485341,-6.44950027170694,10.134720816441263,20.326206439579945,3.4246625485789517,8.670781724303705
0.003965444772231805,0.007669349080477859,-0.0005847353461311128,-7.505001684407782,-4.237259719605495,7.177818102362195,20.79483617890899,2.4905722612747967,8.71640686631599
0.01265184377357335,0.011923995638429326,-0.015440451052995848,9.522978700727165,5.110299292901281,7.05260462211298,19.677362270543696,3.420113948738135,8.2865099848648
0.013582578563692393,0.004074010885112087,0.0024410398638382985,9.55966983052798,-8.291072129258746,-10.793938208101016,21.101118154182185,3.285330013727992,8.997962546005326
0.01865319080989938,-0.0019869050973409137,-0.007374358358817744,7.304758184843166,6.967599723759669,3.9332039480253975,20.192006580529576,3.3173771461680244,8.505851085889747
-0.006408903837209042,0.014799756421304256,-0.0317674143618376,3.072930698108898,5.201147321278066,1.4080269431312367,17.924690102235402,2.9722177393468416,7.578724406967308
0.0031600314904679863,0.019054016569969055,0.007632176471870887,-1.0742939161998457,6.937357801322204,-9.140638411002179,21.212694742079638,3.3599770746061037,9.020649100420863
-0.012869360831384062,0.012549974708887867,0.023931205593441314,-6.921915262671774,-2.512430408775204,0.25065232106689805,22.476145966815636,3.186071355921387,9.568886370996703
0.0029067323012953172,-0.01649573854749619,-0.02459218711490551,3.1234959146235415,-7.584516522326739,-6.039571418887569,18.991116465934542,3.3359372590735408,7.88894930828779
-0.011865769417705016,-0.01832787592241899,-5.542409125973424e-06,5.471894184842828,0.32158295320497565,-12.76028248479573,20.325121481854758,3.5595276684081654,8.703533085318117
0.016225852363452333,0.01439023638070749,-0.028603876352693458,-5.517066903474197,-0.9130506892457895,1.785211764835374,18.411117781549038,3.421489945881024,7.666737553601767
-0.012191760771830857,-0.01742158449800677,0.02693826761080139,4.401402467491309,7.019768829153769,-6.5374517082158015,22.984378833518818,3.198548086313339,9.755416837303972
-0.019750524586566655,-0.0002399440350696197,-0.0061178174461398865,-1.074987159883543,5.901597729323676,6.191027401851908,20.248422740037597,3.2323689600791456,8.529574114420223
0.007329883174764823,-0.0029186165023872453,-0.005865873793899773,-2.9728471073303826,5.768887992716802,0.5841545372612931,19.920908624350147,2.17338956708536,8.455321559016566
0.017308649307127073,-0.00961301273286642,-0.014069127227916232,5.506496013406434,-9.587436752035366,-4.437978756778049,20.11455252277169,3.0188406062166147,8.388788974071517
0.019629167760361426,-0.004114421577585573,-0.03613080506523781,-1.042295580094395,-5.6753370530194935,-8.753337298376177,17.932183004134085,3.1693066111811423,7.48097763591672
0.010493221598975165,-0.010318756933192721,-0.02549974172644869,-1.0347436630891345,7.38571487020657,11.59470241957828,18.749697079422916,2.836034804660401,7.816014526558797
0.012518448077535594,-0.013150693628881762,0.017468210378057958,-0.4139129078306709,7.017834429760882,13.987324191122038,22.284056941086295,3.13664234398262,9.364471684176827
0.009547390799739791,-0.01050715800943045,-0.036728446629376695,1.2448653544130472,-0.6840284214840864,13.921618795996984,17.284162482207893,3.0479107572036996,7.29456599251166
0.007437928964643792,-0.009209868568341122,-0.03536164021994103,-9.303688980216894,9.768533976013892,3.07167270102887,18.027949810374867,2.5033082614884026,7.598428628035165
-0.012701952711244413,0.00036502614712178097,-0.02717561484638502,3.785148751211798,-6.675327663723499,2.1561576382311465,18.39401460255636,2.6048321019891607,7.7266191164001805
0.004767340860718325,0.01795546541277838,-0.004883636576034786,8.794785224732887,-9.980427255722017,10.684213990429022,21.293839406360657,3.1055052303888235,8.811989104861354
0.008155746949876065,-0.006159828790400824,0.022152930798506845,9.643768288256155,-0.8091643259953294,-6.615515037809962,22.45627444516012,2.5930408544355266,9.554940004963006
0.009949663454137152,-0.01858998961626857,0.026928426805851786,3.7675011192072496,5.868640892451332,-1.6867738002511583,22.796310479709238,3.43104387453376,9.66839628587413
-0.005993973469544382,-0.005744251948550182,0.02115248068783432,9.230761190822903,0.9430298812733504,-9.648309782063844,22.43201339882412,2.4702118766504664,9.511500693875593
0.004694201238794535,-0.014620995114445026,0.007982573174272728,-8.66996350611595,1.6318916082115535,9.846026550589915,21.414659050471432,3.253262829649171,9.084217984193902
-0.0020168292618984486,0.004043436565821977,0.0002553128408527561,1.0802546587475366,6.129072166076625,-2.9810694548009984,20.371624795551174,2.0896179941651525,8.682790759729189
-0.00951757367594258,-0.010333678261714897,0.010668231515121765,6.500903128272064,0.8207084757148131,5.038410150694872,21.27640658238501,2.9022260954566192,9.071666464112228
-0.009352640779783813,0.00754361857977779,-0.02586624066374145,-7.47689268654625,-9.886041052779904,-13.948653353294869,18.69838984131314,3.1971043684490317,7.921171472066372
-0.0018716713450371222,0.008868529832181133,-0.009777106559098102,-0.7108898403433912,1.9500564059853698,-14.362826011749576,19.53451005139545,2.733845096643146,8.263279326037935
-0.011111079301220532,-0.019478314513049787,0.020614247621176543,-9.60624265447972,6.8456911714381405,4.4628288008631465,22.847727573874558,3.581710478472334,9.649297943343482
0.006353227372808322,0.012297453473789594,0.002198565091591831,9.949435637789975,7.364727256037295,-8.367538134116552,21.64961905640277,3.097394705522628,8.977076308444174
-0.019749578431382295,0.001623925382900765,0.03581415870174929,7.75746686208284,-3.5802558981773203,-10.124735890854398,23.568813354445485,3.7892216854656082,10.041006392705855
-0.012140292048073494,-0.0025072233808599714,0.030397956232536667,-0.5735892236068825,8.577515818415272,0.538166031266087,23.30766423080267,2.5444261161301185,9.855496457379445
-0.018529961632354007,0.0036939605857289892,0.029963207329426887,6.270865908383474,7.761722421375815,11.712866260231465,23.445088751908912,3.6080053289747105,9.929924790246584
-0.0026077045975755678,-0.017042105667740854,-0.021374131511004063,9.140420797634977,-3.215988767208218,7.5482412848051155,18.905399776165684,3.4518356246855193,8.003060460504805
0.017066688814698788,-0.013584874569742583,-0.033007660133537835,0.2329694679481431,3.9253836915376894,-12.536685984123817,17.613259502813204,3.6676845148299084,7.4619767024556385
0.003028686640364507,0.01366966735028664,0.004479830632276062,-0.5628621609760831,-6.698310605556175,-12.214938407538526,20.922024029627643,3.2057924398278574,8.879986092584225
0.009931887011567681,-0.007445057485086486,0.01234797135688221,-3.3072326189564656,-0.30423389915001486,-10.18447194843339,21.29865776662861,2.9295318343383303,9.083856623229215
-0.011340834539545881,-0.01347621818766315,-0.006122441366816771,-2.488279758150414,-8.643053836003642,6.11770203705062,20.134881683965382,3.2774481689296864,8.525801691661393
-0.017876013848125726,-0.005119584595549665,-0.022472493263699118,6.235569782624598,-8.717457170953043,-3.8270053620113327,18.900457404981694,3.161292353077469,7.975401322630188
0.00013420550210884244,0.0018020628830629493,-0.01646279517012472,-7.1587208864481084,4.8982708312725105,-1.6208593587689801,19.324247057268966,1.8350948219399288,8.131459545778695
0.01101823024477579,-0.007165356458743664,-0.0012379294338177027,-6.278201745977152,0.9476254710739003,-1.1225726103319769,20.39498288276122,2.511199568355913,8.657029402500973
-0.007294997123093894,0.00947548480271871,0.027720297025871025,3.225973590922486,-2.1181184418900356,1.4776221399790508,22.722536193644544,2.7043901840113715,9.631314002624826
0.01749658401817521,-0.007706200125191517,-0.0072255224260344905,3.140467002128105,1.5835005428279807,14.000967102177281,19.674542551470868,3.525904176843391,8.377266965287301
-0.011841264225826681,-0.014811650051679295,-0.02277690864074434,2.098385422219515,-8.67001813002041,4.0722287334801095,18.848448975981857,3.2797202051259697,7.9211792807422885
-0.003991437628640876,-0.0008278088024349685,0.006902307691941202,7.116948604398662,-3.757455574435733,4.966738945690999,21.258004497876783,2.0627067294706167,8.960226623717478
0.010941447996381325,-0.019307505539503812,-0.010284633896838757,8.179770533875054,-7.054265336250076,-1.6699742425053223,20.16906166082938,3.5526568167957175,8.487559776078115
-0.0037356950906118694,-0.005068317034279497,-0.008369738339803028,-0.9013446226647908,4.884461525609998,-2.018137004520522,19.706397553739826,2.138575543290044,8.346369621546367
0.017059565679423013,0.011185799332454577,0.025777544522525904,-5.183730094145931,-0.09142822666831485,-3.9963965482523474,22.650090471069234,3.5490383909766368,9.60339774945577
-0.015031217448628818,0.006027571751946258,0.025909797066573433,2.209703418741986,9.491967877741875,-8.722809045910882,22.85427317061748,3.402222106713139,9.748017358759588
0.004857185938760833,0.006208244413748846,0.03381333104803932,-6.092940080596652,4.004975849789712,8.438353436646135,23.155471275835524,2.558730837387352,9.914048117084961
0.019772483048253565,-0.019060280922841094,-0.018494681487785894,8.488861458195583,-0.14651519194788776,3.3031259673301356,19.01501259609531,3.440261207036715,8.115508660798044
0.015431065149602952,-0.015241794840633949,0.03849064696455418,-0.06922553571745738,-1.9472469650212574,7.536477605328368,23.525147821684214,3.009749968241245,10.037329274210988
0.0018676782786580942,-0.002178701212253085,-0.037351597498847235,-0.32843864365659314,3.6424591616077695,-1.59930018004653,17.1711853994212,1.9765674833059408,7.258683959104473
-0.014098847931231711,0.00025906184740898466,-0.03071544212177746,7.1838340841671275,-8.116453820238874,-9.192589594192178,18.207357171060764,3.286935763079521,7.700168296874736
-0.01691447790864629,0.00997994736930314,0.026231720117095382,-3.3544668187477082,4.383333145497046,14.464730789919994,22.708753513876164,3.9919696793887396,9.662362799145807
0.017122811354454846,0.018629233424658,-0.021876640242516093,1.1922211000594256,2.293943856269177,-7.464826679424865,19.01019865626899,4.115941721450051,7.9119104674722465
-0.016766902766782724,-0.0024998300636805137,0.032798996749302874,-8.65372555296587,0.6090145068747894,7.551997441735516,23.427328588341553,2.942686588248072,9.95926378665269
0.009829415201372246,0.015789740444614852,-0.019521251569004257,-2.682739093005546,-5.655926256992981,12.562640318554891,19.192170277184513,3.4408073284237095,8.037501737960836
0.0014680891462515652,0.007225617683794372,-0.01142131168531444,9.284745103547728,-8.698309614863003,-13.5498004478897,19.901342804015066,2.868350621750015,8.490362413365553
0.001128017373607581,0.009229408945752842,-0.01572495836211635,-1.6229254808691103,7.442366116763502,-2.062791531306562,19.111249308574195,2.333498823743365,8.138687183802514
-0.005269292793902824,0.010337029968324484,0.029584146831926568,-3.117187438949969,6.353216865513595,0.27852070258458284,22.90264599566931,2.589702649965375,9.757420799718938
0.007814811168419276,0.016453328617801476,-0.006739265658472,-8.75519674632486,6.074187594231109,-12.77709248594073,20.401462909557825,3.6995670208766507,8.578387096489235
-0.0014948671823863807,0.015844165609200298,-0.02316148213890652,-2.6636443319664638,2.761182301272342,3.832722799643051,18.396472757567565,2.8277094327336587,7.785060831573201
0.019279196741133483,-0.002291434676318982,-0.027116766110682422,2.985973181148431,-2.977368219055929,9.548603469462918,18.19916455961983,3.5828765466298953,7.718583470492221
-0.015619471105475215,0.019561862322884403,-0.0195031447771185,-8.759759250576035,6.695965493007474,7.46730811372214,19.359927205345098,4.1130616671363285,8.13581773730508
-0.012122996115238394,-0.019642843929277287,0.03994434946623828,-4.676562531285578,9.365424099643093,-0.05804433870669712,24.23759857980665,3.4362224907086203,10.301540653219751
0.012994167180391075,0.015273548225493826,-0.02827613508119283,2.502943346550822,0.018056707532839056,-10.109976184067797,18.40900312575567,3.7962027694204847,7.663854872439159
0.013778334672926894,0.006795670109851909,-0.0020975927572595074,-3.228619457512421,8.852769401133667,3.3094186573156783,20.381623982298766,3.0696724989901734,8.672829060797078
-0.009474083796215123,-0.006893832999491388,0.002771148936314166,-6.8230816580904445,-0.3967188410549056,-12.835170123962811,21.024928097108315,2.8385868900162974,8.847816628104548
-0.018110984344527466,-0.010648189559013291,-0.009664586050594046,-8.351329616716752,-7.539840209012702,-12.113330268407617,19.941348998758773,3.376679042438553,8.526082960078925
0.004981205376373289,0.009983904714035131,0.03675735085344969,-4.470007765818984,9.840847873471844,-10.440306358537487,23.739345886909664,3.0117223275956038,10.121894264353601
0.007026202962869536,-0.01137283205397579,0.018976141773355687,-1.4168342110711425,-2.6662582773011634,13.096193258642934,22.00108857161578,3.120414707933858,9.333213551664581
-0.007612950200573678,0.01276892807486844,0.03969660381945734,-9.596692050829812,8.759916945153819,-11.504641328872736,24.62809330314151,3.10196979961436,10.31209911060658
0.012421711770588224,-0.014552084837310093,-0.0034771367414368273,3.05391330163674,8.463169948899537,-0.20562590513713985,20.46477390057403,3.0737877859845915,8.614373803753546
-0.007187246213219844,0.007622812264528746,0.002237105054167389,-1.107370611023569,7.74671293337682,-3.682866808146221,20.68228277283148,2.6099002337991903,8.8056747351904
-0.017274667423960714,0.016777405919713783,-0.00023786277234164738,-8.124528568863184,-8.812473202841737,-0.6606484289708785,20.681955068409668,3.689224129753839,8.829443676090868
-0.01475835822246991,-0.009284323233554393,0.014058191961877048,-3.8386777068498734,1.7888006474546785,5.921490532732104,21.578288915381854,2.9567843282622466,9.189375639033248
-0.004731496855032758,-0.0040005943037200176,-0.035538377909020896,-3.9322738411397857,8.034672581409545,14.576480572069965,18.10057069779517,2.7611349989834673,7.52298161409502
0.005933031671544849,0.01225863738738742,-0.010869684609405416,-6.744723540941749,-1.6271316423688464,-13.587603286725829,19.50892698979581,3.3803752466138386,8.32298242910665
-0.0009548776088901048,-0.001273513970344857,-0.03152507760308122,-1.5821221573149593,-7.958995455133255,4.936599091200588,17.92174034303922,2.068109319964135,7.580046963503114
-0.009881061488000284,0.0186964835478859,-0.030041131603688716,1.8192874372437284,-7.8324272298177195,-3.2565848572085176,18.28584134523024,3.187904206492437,7.701835684045161
0.007634030748250847,0.0013010556554455856,-0.006533833471613432,7.632678407891863,-2.4826620660566645,12.197886924519075,20.24637044547504,2.920849814004732,8.51109201575822
0.0009338370590615229,-0.011424687021269234,-0.005803240404316103,-4.437690387303455,0.336537378036482,-13.196605241505342,19.958482953771924,3.2588789954077613,8.470702925630986
-0.0002398389506418179,0.0003950896829046126,0.02023237553140088,-8.43212566438652,3.7944362860926617,-8.898598447341545,22.55050735800294,2.110806050331421,9.488023792140492
-0.00471226603998578,0.00021214303915341112,0.008123267058456868,1.2236336576756823,9.786630146075886,-11.277669291481043,21.282338995182347,2.5942529608749227,9.083357156940885
-0.010430576107351253,0.016655601940911733,-0.000739792622889146,1.3391906231701043,-7.238825333382644,14.495090940387556,20.91919453408861,3.9212165220696193,8.772854078549049
0.007452064400435145,0.007362812323801253,0.01447055985904399,-7.523483684697945,3.7493267989721346,-9.708497318471348,21.87195681430285,3.001516832804758,9.255611416171813
0.004355363579307072,-0.006632702875092926,-0.029033548729478102,-9.035944515441487,5.787247701966752,-14.63404575311811,18.76296747418097,3.070719040858148,7.803875061192912
-0.008070952083319023,-0.009594828891886965,-0.018193076515930332,-5.741503854665919,1.5659289962446898,-1.0644659468693067,19.081839183282625,2.551918388061698,8.047297672733086
-0.017776124928975474,0.0028763817999380575,-0.017435595889970738,-4.270410348794655,-5.714934373039706,4.317841650305706,18.887967975243146,3.1407287623606437,8.080733601565289
0.01887503516219315,-0.0033991260204376816,0.012480632126697783,-5.677825633409741,-6.215352856488872,8.964267098479922,22.12297263006584,3.5042654979003207,9.268803968951678
0.014157303612384802,0.0053832231871854715,-0.021369787701475264,-6.890049637416111,0.597648162523237,5.054714369383355,19.00615307308754,3.1485266498988747,7.95183714934871
-0.001980987674872599,-0.010993788383265835,0.033467295010971114,-2.570879578370871,4.52971297299359,-14.855665706230317,23.312528688575924,3.2720729226438934,9.896909322118198
-0.00446499888701383,0.013399916239018938,0.02385434916674139,3.691307425286933,8.74801696349332,13.981884802034944,22.77716061636762,3.3726401553625123,9.675109283682758
-0.016903700818832888,0.0025484964368330185,0.021565954837603228,-9.561375439450854,-4.459821517455449,-5.29514298053215,22.550989400779063,3.2920180517863855,9.586381878424831
0.012853269103451453,-0.009644429781219058,-0.039969515678840016,8.91373332068093,-3.474559979326517,-12.160335467598603,17.439370346832987,3.2581512218700244,7.387614889975688
0.011252252167286075,0.0022131974625434064,0.03841673799856019,-3.002109584096506,-1.7717186981146238,-2.241052970886061,23.509554751165346,2.596485360980895,10.003416580271155
0.007646546583829589,0.01647358061938516,-0.016623775856842275,-8.867832621636168,-0.7247293455504789,13.767408029636474,19.66814984445905,3.290948273009023,8.190224552120231
0.00934798734564251,-0.0016110463536349387,-0.0023174462454460185,-0.11908459101474911,-2.809160275934042,-12.493982001469746,20.257385550142093,2.774590433736188,8.552742641426923
0.005691864268014674,-0.0009603691009704741,0.015512833146951871,-4.290120076248527,6.164693635945643,13.173176821153714,21.869885842805292,2.676375686412845,9.280482048067835
-0.004866755848217932,-0.0015133714526939061,-0.03824851494705797,-1.0674931667832865,-6.383495066066603,5.685607514234203,17.222048782801345,2.1760732899915474,7.2949861472169895
-0.014759291367820233,-0.01861380177834106,0.021699000502416306,0.3637527822240614,7.053005449231275,-8.233047390214729,22.52773860001932,3.3791663607053146,9.572976571813715
-0.01647358678889217,0.011809988095392066,-0.010816707836492273,7.410021373335084,-2.9113469621175465,4.10291801455277,20.10077670972718,3.49955757935118,8.385752997579456
-0.019761709409847263,-0.003706953680302112,-0.012226950430630198,9.66195608802165,3.1268856281104718,-2.2466210160331936,19.722534488583623,3.237498098183406,8.36663573932633
0.009660922522708292,0.007336630558868008,0.02613797561690768,-3.632809655890945,1.5038925964464926,-4.961200280211358,22.358581535909877,2.905701846405013,9.558588150153572
-0.004043116141518439,0.0018410996952557268,-0.016555928757414975,-9.670164728001357,8.974817330917322,-1.4120874020863425,19.76097143514818,2.124294753331753,8.256103690193646
-0.001912283860420555,-0.018191302898559476,-0.019204771371825052,0.2908769885017861,-1.1283573559868145,1.4830505120328006,18.78096644183792,3.2664525310742016,7.891366143364017
-0.009851373422128589,0.002645791055048252,-0.01405937634559878,1.326894439489143,-9.013806514987671,-8.789959701210929,19.563263008439,2.9362307579610074,8.24584427541356
-0.003029365514306978,0.00622265911245588,-0.013052105520065478,3.3061118713652284,-3.0470385949819034,11.939109177932394,19.533617517794266,2.751641439521037,8.196864256302414
0.017032011580593278,-0.0126858484444295,0.03959998255977392,4.123129078480531,3.3437788975202913,-4.2723447299428905,23.68645344968087,3.185738807590092,10.08069180559224
-0.003960668347496359,0.006110249634101107,-0.03636301713019474,4.266301022594174,-9.804981704721051,2.0142229035605155,17.81745231338993,2.3048140913687387,7.490887157089796
0.018148802539427255,-0.010521605184936016,0.02238333837677081,4.830752299320341,-0.5951232227793302,9.683914834253486,22.122058104775295,3.283850283214698,9.477289727057737
-0.01871702619742671,-0.003238961898802954,0.03965539580324367,0.3641655208371031,-1.6055933093843322,-13.76529006147324,23.596892075147966,3.719109742490907,10.032369210894036
-0.0058101492075964874,0.0010582239978269119,-0.007796845495534756,1.705611134431937,-4.078972787207153,-7.781895286571351,19.655322674975757,2.5265529398362356,8.348296385900227
-0.013802235375585035,0.007103684666675367,0.0006980760885003726,7.97257128836074,-2.8246552283286412,8.205456077024227,21.044160656163296,3.2588609221410705,8.792298148440839
0.007069514299502932,0.01484896657219963,0.010829240518130473,0.7210035561396548,-0.41093143758463846,-3.1704896550429797,21.196262416963883,3.08067163269147,8.983696043564315
-0.010195629808930304,0.00630287877624864,0.03568864844477413,6.307359070501185,-5.921077623065731,-3.2553905921434705,23.6607039040645,2.821442531259553,10.02505673698421
0.019906334888035993,-0.012648299209230177,-0.005086859091990054,5.096724180097583,9.157921585380567,-14.527412549410862,20.510395007747288,3.7153013721814534,8.639619458946576
-0.005893409606074141,0.004136135097574531,-0.02924129732712067,6.455645861346653,-7.865005778381587,1.210556488464917,18.457476736802896,2.2728884917270538,7.726710866670207
-0.004000464471184368,0.004884768086872323,-0.007191922222822521,-0.9496482237866317,7.384225703447232,-9.014583731566576,19.897933217017137,2.5465209373435087,8.460673407943048
-0.0030119566801118138,0.012681910106906499,-0.0027545129298148993,4.8512955279948144,-0.7003002319210552,14.983144839398076,20.56372060817575,3.270186107250537,8.621505031172035
-0.008538416473202526,0.003875125236596482,0.013226123239112805,-2.404653742467959,-3.8013086737415414,9.807732753198128,21.36343658739608,2.8635044809587775,9.11317037000128
0.018242507977685046,0.005094237093198534,0.03586049082217604,-9.761935480329436,9.765410516081058,-10.618114357072555,24.06762079536834,3.6067109167651976,10.18620227608383
0.005554677769129365,0.01428742698152555,-0.035190118599089215,9.582532433559987,1.8318049608186637,-5.977989393992802,18.235934175198587,3.0838789358675034,7.572391047654305
0.01921940975487318,-0.015492585643305162,-0.03840176086781516,4.1323861194874,-4.403414404763444,-9.980372420201848,17.917332660107654,3.7667721898136395,7.440679567578198
-0.016594735443463904,0.0177192056658589,-0.0171019420152292,0.9392833456522247,5.674210902481269,11.72768463214431,19.165380280193574,4.246207479040662,8.142520245695373
-0.01606078994334348,-0.016420255976422157,0.014161625593504583,8.936610868969797,3.57426061390958,4.827807974965424,21.853827213795476,3.539041620033952,9.322324453476691
0.0148770999544033,0.011047793699243504,-0.038821592345820645,0.15374033682642896,-8.75194291188259,1.7926926120769728,17.506962876411368,3.217180906623565,7.403297688172473
0.0034210721788077436,-0.005300697445070229,-0.030444964436756823,-8.349899148867072,-3.999497440753581,12.685002534226292,18.583159467462,2.744647144080352,7.712697487123043
0.015317680758823216,-0.01720795449398963,-0.02899711783251754,-2.387806781197579,-9.298341218247739,0.5362587744427323,18.74743676061548,3.3168471510262876,7.844251158304977
-0.002729391208999496,0.0011261636694618951,0.003232495064478008,-0.09445710296590981,-2.7364921106945905,10.1722059189423,20.447419845202344,2.3634673965222572,8.713006288609275
0.0025129433896356433,0.0014819656592641034,0.014567732941513187,4.680365988361858,2.104289715303585,5.828957484431388,21.49930932671438,2.195194500433898,9.168111824662258
0.009439966975053681,-0.003352545465628364,0.019822025041459357,7.384748745333017,-9.196995674168758,1.609251953044204,22.48234309275977,2.402113461952748,9.5529190608856
-0.01818885493690335,-0.006764058053494186,-0.0398080960839198,-7.811436224402608,0.7171442254379929,4.508751220025374,17.557505200200204,2.765320314387209,7.367385501382146
0.0030561801097211856,-0.01110086489726974,-0.016802624484299526,-3.901215616380025,5.3677078907825475,11.729084745904675,19.335510484380254,3.0549075148689684,8.117646134961742
-0.008634813265453532,-0.005145761664301297,-0.03555948984831305,2.1246956394345986,5.773704052126281,13.098278355781673,17.934169197031284,2.858977251707054,7.462283931991869
-0.005620109787878285,0.011383396285693303,0.005074211908331128,-9.107995600890472,-2.695699097307611,0.5871029177281422,21.047400983480888,2.680022950067901,8.927047021130148
0.018609551363899576,0.005042707408059916,0.027320766382711616,4.450787775394069,6.782969419990479,-12.534168805857584,23.244829736193967,3.634360430967911,9.753812082874946
0.0013699515621778957,-0.012011053316799579,0.015965012513638452,8.76210681389809,-5.1321771146846995,-13.609601951624683,22.02149377971979,3.297515711701257,9.384285309005087
0.005500741428962407,0.006235270113670501,-0.027193662701198686,-2.091426336540465,-0.5050101054962379,-14.09075943428585,17.92771219925368,3.04229948566806,7.624116451208542
0.018788661034770133,-0.01551251763620208,-0.037536267039546205,-6.258075443271944,-0.3678833745254213,2.7894332535507473,17.828297646364263,3.11849703168007,7.456079348303937
0.012749575792651343,-0.012165933580501354,0.02803996532168395,4.303493775809724,-1.1435844954249497,6.48942285436895,22.49732538072794,2.7272009578330283,9.65900816967283
0.009159788062521025,0.019074545223056145,0.031714567886587004,4.523695571200035,-2.4700382469291178,-3.5688610781065204,23.11853019988736,3.454593964333908,9.858962131924851
0.008618772333030121,0.011451419355022956,-0.022390880845182873,8.416652101319738,-7.196024274160429,-2.4860153394652205,19.140642368376472,2.982954740571414,8.047627634213486
0.005986344785481507,-0.008072696693112408,-1.776929966066515e-05,-1.522641650857043,0.16760213221744813,-0.7606692103261103,20.12546647320496,2.4715862289721926,8.575538605665006
0.011529671396568356,0.004489556850389577,0.030461481744505324,7.805672015148247,6.0855135450186815,-8.098018271995437,23.567513652255446,2.947351728556315,9.882904528477601
0.011550248610831242,0.0017335811714867672,0.03423163384089408,-4.762452989297774,3.9817678470433098,-6.418722540359026,23.201559320330265,2.7724728200003512,9.906294579483763
0.0104702566633154,-0.012220409989555515,-0.0060598309819325305,-0.4472503798635721,-7.321298141115973,14.841160200460457,20.183154578814722,3.27371272558396,8.568880975525387
0.0011427702615664469,-0.016168828347928238,-0.035543005306253,4.896980165067015,-3.157071386507311,-14.268620061984402,17.865023351716793,3.6804037154943616,7.453641479324399
0.006250860157729479,0.007067382402748776,0.0038646292905812896,-1.9519044641682548,3.592155718563033,-8.782495166808255,20.580278497303144,2.853423595863814,8.7664363128541
0.011967464789936048,-0.016343926037750457,-0.01705435975107436,-0.3339401199596139,-7.591975072537891,6.1879294679038495,19.39633950797235,3.1711177086468667,8.18141461717891
0.013081838099033283,0.015618481027800581,-0.03254396234077976,3.042683559715849,-1.5150051159449678,-8.53952396578645,18.018666502084,3.747368160068996,7.526803136106616
0.016679578945147402,0.011401654853378681,-0.006108210023297304,1.7668349668064316,1.2654814587021477,5.563881401544492,19.901582356724777,3.564960799258771,8.403875111707551
0.013907705439910472,0.007088727780842269,0.02084177646030331,-6.7243262000707515,-1.2254076200853525,12.699670698809161,22.649505828104036,3.525621707406529,9.494681053847513
0.009312448562530693,-0.0014501630460916765,0.010887118173713926,-4.375120585621703,-9.672236285191575,-14.098470306394102,22.030802202305946,2.9065232102135514,9.23393124878855
-0.012342050372735995,-0.0055350861186372665,0.03426403202374833,7.831268581728516,-8.303609358776491,-12.658755529641777,23.58181916460155,3.140289408078736,10.057141476514834
-0.009400698740269648,0.006749682274062238,-0.02150345874971121,5.8838359073931095,-5.0363595029545305,-8.397777521823214,18.816382385616606,3.0392410655539153,7.959207383496305
-0.015523101979254043,0.008224259208128745,-0.03570607002128371,-9.009515426537046,-8.683565514412576,-7.364172826900316,17.722509747780798,3.4101181283473725,7.562525206632556
0.00855759162785771,0.011083852052830676,-0.029091913975963887,6.889294075068371,6.620496597795235,-3.5064968962207033,18.66586532371525,2.952182704236964,7.753959462830912
-0.010515922690436125,-0.0005396274756891938,-0.019855067246203034,-3.54992497568301,-6.225960834876241,8.995775070093714,18.80317820802347,2.699519598177564,7.984015201705251
0.005541217207759144,-0.014393904560036593,0.006928275167843084,-2.1142736940440816,8.965285710549665,13.309822272372088,21.65674205890976,3.3168580746148613,9.04640369759933
0.0032197211207079385,0.013267847668522108,-0.018323631524984226,-7.5920596938430185,7.104816273044612,-2.999299955886512,19.276977825169336,2.751499177694802,8.107085326187907
0.001587932896546379,0.00978055112767014,0.03638616130756842,-2.694879561767678,-5.544363268170502,-14.423219220304176,23.495693942486174,3.0054115551058325,10.003136380559845
0.0012616457713951826,-0.017141127287400654,0.00048638235255665796,2.424724660188529,-4.95146652264382,-5.741542357589033,20.76040669054074,3.342491693000018,8.70926046475618
0.012493865518619699,-0.0011319055321069305,0.007415052193174204,-7.073379992868334,5.230834499956831,6.935485128957666,21.07333660722911,2.9199559448647037,9.0163637345919
-0.014756112682033442,0.019334737180351207,-0.0350633131140847,5.082277824280471,-5.921049499553543,13.811325806967368,18.577710534466465,4.292525167540801,7.625164980159381
0.0005307245557375981,0.0027976273133644564,0.01678897306507831,9.710573762160902,-7.227769986514668,10.516784524681544,22.648591403987997,2.320471874442898,9.458185361235847
0.017078724025594686,-0.01714773572145638,0.00183281407308869,1.9041877037838404,3.5390588851152884,-8.845748091327124,20.474758244728314,3.7767078414630544,8.70775137572306
-0.008098798969006902,0.004688602203384438,-0.01998675914381523,9.424970265746126,9.503800201782127,6.037728472687654,19.35653138214089,2.784969144948222,8.18804306224499
-0.006518894228762262,0.01700881946967393,0.01620140283039831,5.909486741043647,-1.7172263016155735,7.515718604131738,22.182186275383035,3.361833468249025,9.327683342806841
-0.019705725115072396,-0.011771227577090664,-0.013988078051474437,8.215085872429615,-4.307946244799917,2.312149191340918,19.619452194608314,3.0539532582471858,8.250362962559658
0.007926533896859787,0.01700339814755694,-0.018549762724315473,-9.52523544677266,-5.761744476918354,-2.850397425245129,19.418933116161515,3.24587859731398,8.131207481139421
-0.013343135728051077,0.00464379887144133,-0.006934570268434005,-9.104879509918911,9.254182089362786,12.203977506046925,20.392045802411026,3.409607716796896,8.650692771582474
-0.01477430763920207,0.00014497453842596264,0.01934738262434761,9.405152099649197,-3.941937810387466,-5.392232199566244,22.347506012003212,3.1368006258153347,9.468380536197817
-0.0030857428224021002,0.017088350022051748,-0.001930983877820494,4.315786277601838,4.156223651634452,9.621828222015427,20.320078636567157,3.268731966864269,8.666540888425615
0.0015508355777640176,-0.019987756077485416,-0.03734130911168787,1.1007984316876378,9.38712160011979,13.075768705146583,18.35045260357565,3.8440834938091397,7.5159132025300694
0.015938862369800088,0.002781384697449551,-0.028470605321022732,-5.715189563825329,3.3031368953127505,-5.34084204469381,18.062525696134337,3.0865437142351264,7.6794296913174955
0.0012459748065268075,-0.015762714809521718,-0.031042851830048346,1.9112891075363798,-9.356766188790735,-1.1665536486111385,18.47352902171821,3.015523488096705,7.67468996977537
0.000982099760911171,0.005718063572627698,0.02991381977053815,-4.822485727112826,-0.12356815293312629,-10.818738311781516,22.835597610635112,2.553930923818521,9.72231742983351
-0.01511819760826806,-0.015056639658729894,0.02217673188503936,-0.3995156071582464,6.177625224893653,4.847357506107965,22.70196458340702,3.3868796806728847,9.558512950308181
0.016951615627809464,0.001793411264284006,-0.03672943481944548,-7.651085069479686,-3.509924547092293,-5.502903303992412,17.833893388733735,3.150932588706528,7.467589831396651
-0.0034013972501763558,-0.0075756501688777605,0.03713475571596941,1.6307974142984616,-1.1469041416507118,-3.1646402405555065,23.196212299714446,2.358218834645044,9.901532420845491
-0.0007186897888122393,0.015179884169191953,-0.019442055429654923,-5.998840016711846,6.085520300841377,-1.3217417472702273,19.067112113119638,2.529574330524305,8.024248369684779
-0.009178795606026854,0.012501232729844974,-0.004252841124164158,2.939668380770561,5.560931985093003,-9.899708016605773,20.314114806244465,3.2066445335597136,8.582145290214907
0.007681142239130138,0.006459715348311329,0.03722128431608918,6.512771262093619,8.37652416988172,10.714608437251645,23.781246841572095,2.9922855532793786,10.14762136605131
-0.009535499233852494,0.017634363008334177,-0.0030919048798974114,9.932480567908605,-3.042925410035096,2.6557687785435284,20.910188485702047,3.344779060993159,8.749746022956524
0.0005750121979871403,0.00845306646861145,0.022752346526134497,8.697258336323255,-4.487431486030156,14.596190420411222,23.076127794325455,2.7715812042191192,9.644037432615516
0.016421782516746555,0.0008972664111480157,0.00185134595484205,-1.35167905077736,-9.601280904707178,13.005468279454611,20.998811386024222,3.589300301464013,8.909449388951897
-0.0052988666879433665,-0.010093114044819775,-0.03861725257283536,5.5623645812334015,-2.9900869965319448,13.705729315662953,17.421392523695477,3.2337864918579267,7.315896757642643
-0.016252152641330255,0.010147402950419614,-0.0072295063160776815,2.1610546714624412,-5.387810298019142,-6.56382035602612,19.913477786782124,3.5556086275897174,8.435338856031995
0.017596685489757482,0.0041377145123145664,0.014045683451094214,5.10959162493419,-1.8989871640327767,9.15369136401942,21.639425976983667,3.6095518510299827,9.199417043505656
-0.008013541621193112,0.015389638509156093,0.027092422263916498,8.145568971762604,8.436721473137084,-13.501672844607604,23.737867974368115,3.3905369374378638,9.897709805408175
-0.011028264003728135,0.017960873149764033,0.03568260388779645,6.225484434822672,-0.24796142667004872,-4.0781052134644415,23.531876545952752,3.241869971190707,10.025810271119276
0.012908312138762621,-0.01826615475922395,-0.03182107008673927,2.255553142381931,8.802019838580144,4.9734292802674105,18.37247816058513,3.155391961684852,7.621803308736991
0.002495764649292031,0.01979166978355926,0.024580570624517635,-9.046185266203501,-1.9837221496904611,10.023804180248533,22.917765022468437,3.0811190609458037,9.651731614477026
0.019263145646057755,-0.0033092769884276313,-0.006502006977176969,-6.7199082798119125,-9.770803467999587,-3.3934292170858065,20.473247186113472,2.9815123472203995,8.671088342735505
0.01599284884324861,-0.008204147609399972,-0.03653661489236174,-8.816507099615887,5.499487999817443,-9.543845472342545,17.805301796570106,3.0888796955371562,7.517144188603826
0.004673793316345223,-0.0045636342322244155,0.011896731269477955,-6.864007369701721,-7.3192585835241,1.5053134446509517,21.808732427423237,2.110840931899466,9.203857690359412
0.012089158067572183,-0.010762965954474867,-0.027644825651551175,-3.3915820553027354,-9.611211857672355,-14.138227625275743,19.130209631676653,3.414467071104952,7.907107965437967
0.011790065666595354,0.01593240078629211,0.039421770964965346,6.782114913847696,-7.747034082349133,6.2621790222396605,24.393570745382547,3.3289017466774697,10.268969291087116
-0.0014997810076036212,0.018869035714630906,0.016846887078308816,3.0818681518677487,-3.026198166724119,4.778263125324894,22.0299739411599,3.0400351804106096,9.301867902601956
-0.015141238714356797,0.009820333181994201,-0.025671514704813738,-9.696383124190106,0.8950906712770124,-7.356278717628077,19.040023917158422,3.433448309481776,7.8894354247145495
0.015416065352273443,0.0124470672929065,0.021233723478968715,7.700334896509993,8.224091793207691,9.370869262887513,22.690932214774456,3.737942931209924,9.617965005594968
-0.014762305540556837,0.017041168145794105,-0.03797937407199396,-8.717927130386357,2.31937285594298,-10.372501539380533,18.129784443190587,3.7217104559750305,7.449288864759452
-0.006306864702124515,0.0067918041753310746,-0.03988310039223181,-1.3526974768082773,0.0003471426620897944,-9.635877340296304,17.073709627987277,2.8051841090671847,7.1403540487298525
-0.000402152304283164,-0.005519705960548156,0.027792656400577702,1.7985298179580056,-6.291829996683225,-3.5415913879266334,22.84997850969494,2.253548975074369,9.678714513425843
-0.002071259486126853,0.00468021258889317,0.02366686671663531,-2.479657776326847,9.206501889582839,-7.3472209029412126,22.512335328724365,2.3047925970036247,9.609859842994112
-0.01053904947630774,-0.019358935050376416,-0.011230621263372386,-5.721583159576666,-0.45497084066006543,-14.808859247644687,19.918547945538,3.8117249158040574,8.381921946955357
0.018787952124285637,0.016129386394122484,0.014662894880697684,-3.4916018915223894,-0.14301797187618703,-5.395153903507277,21.692014503275903,3.997985766154991,9.178482613135223
-0.009228570811177316,-0.009098031439320508,-0.029601161063633807,5.018085783813435,9.950121384921392,-3.074085655968485,18.54967001637353,2.459703713647203,7.777447281253514
0.012158195277753057,0.016401668205805294,0.037152929691450974,3.4438416887762955,3.143624397678469,-1.7284561239399743,23.710524049383956,3.4020330361640037,10.027147949237564
-0.013518222586844271,0.010147821916749782,-0.03646314739852862,0.5313554783948771,-7.647904435376955,-5.342452391568637,17.492807079230417,3.279575182317604,7.418664209337854
-0.012888553901838953,0.00179672582536659,0.008826145126792175,9.11908118735921,-8.29012695811822,-4.008605046235726,21.71238644551373,2.9813833721344047,9.14896334216442
-0.015550211141689817,0.01868969878715258,-0.00843621039214771,-9.503510943908744,-3.2973567722580155,-1.3525072301716552,20.095543800159838,3.645257122810053,8.492083879496601
-0.008069865257461926,-0.01769806663195885,0.03221798785308529,6.938186529527332,-4.258806559326011,-12.661222373949986,23.29431060719926,3.5415899261889665,9.913879663719998
-0.0011075742185437977,-0.0038235471756624673,-0.0060694365797183125,0.22820656514630322,-0.3875428784150241,0.9942027574363177,19.52473389945507,2.0473779918602,8.310297939156321
0.019884742932707113,0.0012363894904310994,-0.01766066926912376,3.1691415784133543,-3.770686313468432,-13.979329816146812,19.22795251816558,3.6717214381407546,8.110515020772093
-0.01668288095798829,0.01938775178512821,0.034898927935311776,-8.91243890799393,3.497585988999365,-7.841941794307889,24.040734040924406,3.803416073889139,10.065228822878884
-0.009483555891144087,0.017230578891541132,-0.02589231854039431,5.655661808650446,-4.801188656374931,-7.4714711566063565,18.63114983145393,3.3072376596904998,7.85215208967948
-0.007976123717279928,-0.0036230547974488436,0.033706421100952046,2.256302661515459,-6.884811619956663,3.1717160045453205,23.21380824481455,2.2368758812650276,9.899765281699278
0.0031193134885198516,0.004747807141698857,0.027574708564327026,-5.920034979099378,1.6771543211238829,1.0869530671324519,22.625987689554908,2.0643224813660384,9.652518947050291
0.013061366748111512,-0.0038652948185052965,0.027395958769887478,-6.5501801609724275,4.4913277863702294,-13.713644067287335,22.914833567579542,2.911773378923388,9.735106525599662
-0.013227641665955412,0.013778357261993498,0.023284434561767438,-2.7700027692788716,6.434700195189716,3.3787664168929723,22.446486987455792,3.424791107250601,9.55676239477405
-0.001615457070574023,0.004736422132144532,-0.025813065021573697,-5.763673017723681,2.4987450421128905,3.058318034381614,18.301009103025848,2.1885718568356114,7.735524622050995
0.018024311419271282,-0.005226960673631265,-0.0378352068263107,-5.743378828335168,-5.35246752254997,-4.642952391004419,17.71846619810452,2.8103526240094747,7.448196298218063
-0.01901659888721155,-0.00793453368677481,0.026943945825003028,-6.6794138886545085,6.792011889997259,13.156767239974386,23.153802408861647,3.261622175693153,9.831398405079142
-0.010298044297322404,0.013890460725713007,0.019342444050718097,1.7403751670439753,6.490093874860918,-3.089657195887419,22.076787651115048,2.9904069476087773,9.42176443518911
0.01563325948740812,-0.010194032560847601,-0.0271727070844394,-9.818685082698014,8.61892505535036,6.041547300985577,18.582675651307135,2.8869700315184184,7.911382328621844
0.0076214489883964405,0.01264783233704166,-0.016644089988325915,5.924178613696032,6.413181785292103,3.4658238081623267,19.451088008170395,2.824312236745566,8.175742229616942
0.017997880820853792,0.005620266799194008,0.031204257028555248,2.433882950686117,9.06778922972926,4.208830838151485,23.180591796431408,3.452135002303976,9.887834222173199
0.01938250957806664,-0.0011400009495776652,-0.02782609671116279,6.708839594030675,4.849446124011916,-4.114689344730261,18.589100310706584,3.01404292033126,7.735696841142721
0.002632527983663726,0.004771295627336546,0.006911239099929037,-3.785743744058932,-9.048767731390079,11.801181285265024,21.34527207800673,2.5623323194589642,9.032165895321084
-0.004776235253711217,0.00022719633470740658,0.001881458461377529,-8.561447248366926,-7.60131740566009,3.1874459006478055,21.04187470281464,2.1107808018164556,8.861815061890397
-0.000906742658285678,-0.01433374551715068,-0.03915278622736997,-4.025349400247671,-8.285221235145046,-5.291043254413511,17.7244502775599,3.034673735932874,7.375022822803568
0.013141442635549627,-0.009821752745672874,-0.019430786614920263,1.3467884479201366,5.08025187703886,0.9061597093570626,18.840251604662587,2.6544398380164074,7.941988448661983
0.01165024896233691,0.0098481143147469,0.018234077952567755,-4.294749205758929,0.4180837433682818,-4.5894398577053135,21.848125513588556,3.158925489430793,9.290112895528583
0.008137490903369671,-0.01764040735266909,-0.01585573286935281,-9.412026337590351,5.566963010550959,7.102852333756555,19.45168784506987,3.272250730738217,8.287260647205937
0.017339538008379018,-0.016696683345751778,-0.012005151186845968,-0.055248842985250235,-8.5056680131088,7.889804556665446,19.91583784055144,3.208491389121939,8.42614790823403
0.015401867529441223,0.01749167972745196,-0.011773582714566615,7.258975047159037,-3.389028906999256,-5.027053541113165,19.799456679704388,3.8063252221639488,8.391573989305941
0.01662068942026861,-0.01349800077389617,0.03058489938727709,-3.8349827058558716,-0.8742338441938955,-7.427158448065296,22.927864701455224,3.394939236227077,9.793706334037415
0.0032196089677799973,0.015793844223249174,-0.034967054121917716,9.183884757085576,-9.612132698165984,-3.5287812198430863,18.39458944401964,2.9505716669981505,7.686966851039276
-0.008968031633923141,-0.00927757654484505,0.033771570518169224,-0.88738420254845,-7.0932909558279755,11.323833113409169,23.197141803471762,3.1283179739096307,9.919362502240201
-0.00147389062244372,-0.0028977907603061,-0.03956794630584559,-2.0669999678265683,3.1090755270273203,-0.5602513223392904,17.010512693396397,1.945012224083088,7.1891137016028495
0.0098978272237242,-0.019746551219167355,0.010553896475230265,5.590431059342924,3.580374253607703,-9.698605141111592,21.34078940794997,3.9075839968620065,9.095064130303616
0.013116444566189055,0.01207160315874906,0.029929775323605308,1.5863481833539872,0.6426165301563351,-8.368926282030301,22.945342920774358,3.535428475551749,9.694670732737034
0.010411484719559185,0.001076426461089807,0.026035226077834796,-7.528674235974869,-2.119043580555065,-9.791370161875113,22.69535220328236,2.851197642675374,9.67207845129339
-0.012783674184297468,0.01134879762156529,0.015054803706228477,-3.396846746763593,8.428371942614472,-11.386158356627826,22.108150785190816,3.4851874195395314,9.33952084678238
-0.00831999391516495,0.003942723936403533,0.037924192128826424,3.0182665976669654,-0.6873140200487722,-10.327756604060085,23.35444656444662,2.923093553677271,9.977962864433671
0.015085470870036876,-0.01807206582516292,-0.029132551409908898,8.429688377386693,-0.9140247348248316,1.659744291119619,18.085066046346775,3.3519292038506543,7.719480328919866
-0.018028490644328748,-0.005623483596617943,0.02066058950239502,-2.3348171459851947,3.628402397436215,-6.829931009596118,22.340286996771297,3.2730839084451984,9.445209398419662
0.017470564149324585,-0.011592597371891467,0.013951078867648584,-2.353755569987639,-9.106937589314544,-2.5264871761312904,22.206177639269864,3.0502063002205486,9.347350795883857
-0.007166050819289321,0.019698054701991246,-0.0188949153455901,-0.24651683101653177,-0.8202112226354163,-0.07088712069887215,18.82526878798734,3.213107487409447,7.936500797210057
-0.0138665116059038,0.005162702482365455,0.03306341874187468,3.645676878180195,4.6675194518411995,-5.563887445469252,23.17317106586196,3.157863606851537,9.88713609795016
-0.01991207804375678,0.008106942163841845,-0.03728904681269343,9.875603392420128,-6.68846821760567,-1.3685086370610424,18.160660023750484,3.6306263809033585,7.526350789184864
-0.01328820896281921,0.005871824780032474,-0.01912671564667577,6.304933138292974,-4.468907248436,-8.166263174897644,19.04695225907523,3.3133508309940654,8.044955562017902
-0.0007938456937481055,0.019336760618398088,-0.009562529613941325,5.27809201446447,8.483347555463162,0.8265455063956839,20.222200067300612,2.848339129095913,8.500260612971932
0.0028238499761824402,-0.012218639125968407,-0.01935218935617728,-2.888971891805607,0.10613636031018814,5.541149343590007,18.682614071695294,2.8935966195261273,7.928948505967883
0.010300052764310518,0.00930682162102845,-0.03907179985770393,0.07418545578750013,-6.228593321602968,-10.816795683929746,17.424132792814262,3.3777243047538956,7.322246069252849
0.015151882823707604,-0.013631637123336744,-0.006769101583627854,0.4140680126333489,7.293192921761509,4.226277682243218,20.152681989590764,2.843323447504188,8.462147234641922
0.008212110980384657,-0.00698100158332482,-0.014632814604289487,-2.880050777742669,-0.09290969018424278,-9.49043658204813,19.07524700196222,2.835821442665182,8.098879834057046
0.011433708902795794,0.009898601624381432,0.006113311369964014,3.6198428720099542,-3.3187908582630072,4.714036069019045,20.96343473110735,3.0670792867257726,8.898823403909207
0.015488219671111237,-0.012498581889592146,0.012877519673462477,7.138101868638525,9.481230741627108,9.378482997349678,22.005493245553637,3.030730844389513,9.295469921310731
0.015965034424872366,-0.002281457128182871,-0.02334294946373232,-4.274731889157306,-6.200387682288251,-11.723571365709333,18.955217430509663,3.1761383633864666,7.95308741364642
0.0024375398031892814,0.008597921480224011,-0.01418949521268707,5.987353594091454,-0.8157927540903565,3.585250046026797,19.385148302505975,2.2995088006682245,8.178671160381652
0.006533877760627714,0.012927760251685936,0.00959256013113445,4.952386115593617,-5.885905213683507,-2.128902653761994,21.441546360217856,2.9055322084021444,9.093057411981807
-0.005625463167110288,0.010009633225364585,0.018662744300213065,-0.20319718441051293,-7.804604655473915,-12.09740810658944,22.154938931092836,2.934332293889805,9.405634226857305
-0.00037135417544334817,0.0019760282882613986,-0.013358521998221295,3.4079494070677327,0.6295613688368,8.871284504009292,19.21543000051343,2.226801994638747,8.135269724612668
-0.019894371103922587,0.01812809941564732,0.034441496307035406,-6.853494421853412,-8.276329467819519,1.848201897802511,23.459303048041416,4.03581319521624,10.061624540181528
0.0013248460224130378,0.01721852238365258,0.022150953154624585,-1.027962795233325,-3.104794062232572,1.6144586592157708,22.084734006728805,2.633840256098141,9.420374055629393
0.011658576238809778,-0.012771679406540963,-0.011923029525590271,-2.0836267049190322,7.624464190513017,3.6287666647359345,19.742063543584116,2.7597753821294857,8.291386510034693
-0.004839546140918553,9.297257471421044e-05,0.024437132676009853,-5.0821922942296744,-4.84675258371796,10.285334563514137,22.597986615658044,2.4411682921222586,9.57782669708152
0.006998409396275069,-0.0008126943540553086,0.030616448618429125,-8.907451543247213,-7.355390001104423,-3.958338746336679,23.431550454177785,2.256034951142574,9.916078037424803
-0.016020932361602767,0.00711929247207943,0.02408097211179202,-1.674610285231184,2.621234405459866,-5.39190983669531,22.48857064107129,3.361828666344296,9.506114644906782
0.0032349893933303064,-0.007542356386089324,0.0008327856247095575,-5.863442956095593,-0.85708343055658,-1.9834444819106682,20.46707041147448,2.445889606003241,8.708181443711878
-0.01797116855115345,-0.013295823058635078,0.015364622098426615,0.5323538804496266,-4.217287346206586,-5.643600823050882,21.73172408972695,3.0102045850829557,9.19281324299107
0.008335642447076418,-0.006764195272156605,-0.00364109971197088,6.137763695533881,2.604633456527708,2.48755320600522,20.124518943379073,2.2853182359819284,8.538967877083984
0.012863918766708417,-0.013002503957582436,-0.026245587940589246,-3.537477218657836,0.3480741527915914,9.441810698509617,18.441232238299577,2.9930641023038196,7.748731719267001
-0.006958176515877433,-0.0017204462497438823,-0.023329688694307373,-8.22217589575944,-4.578806493591083,-14.405627613094218,18.712037966158128,2.806150980319038,7.956868115373332
0.001567321590249398,0.014542919563083397,-0.03327076285476797,6.044443245963151,0.2016425461790483,14.89092626862741,18.17158823311976,3.106588261267223,7.577439285015852
0.015126227926887625,0.013761078582520254,0.029134595244550872,4.249580644120321,9.692544936806044,-14.222093944337939,23.704754786762955,4.004239228423481,9.925902612635173
-0.0023807745966995877,0.017481008129257482,-0.019612392479034898,-6.550947539971565,7.563400995177297,-6.564917169495818,19.275807731121755,2.8023039352366164,8.075999494132882
-0.009746526815449416,0.009395221120147124,-0.020356743139478058,9.857790270287769,-9.885805566538878,-0.6210359952930347,19.654559030580764,2.81090777704691,8.179428511715878
-0.017840296942448305,0.01280134804918678,-0.01838696744162184,9.610198874813069,-0.4711721162909335,4.66834065468316,19.552830028300463,3.6575406189654682,8.174016321188027
0.0193049960312132,0.008819838186695496,0.03213466233091871,2.88131456790582,2.3394905201877787,2.4530701096150445,23.1386259877413,3.553012812365467,9.80068859595794
-0.008387721694774974,-0.008936908691933247,0.03477735844580324,-7.135254211012548,1.4791320939293513,3.497701667546245,23.458649003345805,2.7030172378811277,9.976833686495677
0.0018402821243531618,-0.013375600202585259,-0.027169746194359468,-2.467260250398578,-6.046399460153431,4.362395968028832,18.34115443427379,2.992812185714562,7.732292339922985
-0.00471165341937895,-0.01560237155394947,0.030069074476833706,-4.534152507667835,-8.190097541471333,-7.967148631788,23.323581425914867,3.1743257500874993,9.860166475102085
-0.013962347552225945,-0.005961609851859588,-0.010827269173836803,-4.8846380807957,9.225450550763693,-13.528877138420958,20.31354421959989,3.285229577492264,8.492869995906352
-0.004988683881839293,0.015893106563999383,-0.026982217751547716,-5.314950662816845,2.989727080539277,7.873365555502794,18.235994028935682,3.241077388703465,7.703890317460696
0.006487955113519694,0.01370321712109002,0.02646554395187612,-0.28427312433977114,3.802509686006484,0.7370164931595369,22.460529282411866,2.7947951426771565,9.581352139827302
-0.018242174761555416,0.005237764929876286,0.032386828407110345,-2.7951014813899766,4.096540879507627,11.725228939725806,23.20284844961795,3.67498886323706,9.869459544119218
-0.010749159156035094,-0.016444262440879234,-0.036162060994875504,-2.482766198688921,6.356730730054728,-8.521660278442665,17.817477320335136,3.3422917280991946,7.491628700886355
0.00895276640954518,0.01619695981359737,0.0017681641126786676,7.257110061640368,9.936523661565214,2.0907821591784703,21.352384882264026,3.0143621784152037,8.954555463119917
0.005236164446463586,-0.016358585117510864,0.0251244983353403,6.775013032587889,1.2526171613353672,-8.581383331442689,22.520431385765363,3.48599151078992,9.60985638517944
-0.008487621099330208,-0.002146527289913394,0.013120022657448667,-0.4676567654365389,7.963584547535348,5.5327257826269225,21.882201331372173,2.384299823150742,9.211769624617949
-0.0003841895546925593,-0.0034698156347757747,0.027179897491788972,6.83123190531861,-1.7659007397431665,14.527153027159489,22.91407392891121,2.617389353871023,9.694045091996369
-0.001397169473700926,-0.018222641424252534,-0.005853960036190674,-2.576277680005341,3.858684766527583,8.667714378413315,20.218607591586427,3.5652303559944487,8.483557774621739
0.013249654468946197,-0.0094760369459196,0.03648721928542987,-9.217154244625817,7.147141270173286,-8.60092782079295,24.036374047495695,3.107584390072961,10.151579657748508
-0.01568162342369571,0.005843538157293594,-0.03121780874959005,9.293805588998733,8.71213823143102,-7.3304090100515324,18.703671875696028,3.421198274221092,7.803821482315442
0.010190359475554984,-0.01418325262783057,0.00018223638176466384,-9.535769333270496,3.0934670814209007,5.378260408833629,20.799074591360114,2.9142157061542746,8.831385998997293
0.019276138280935957,0.003834634822341639,0.028679841996548168,3.86078557804802,9.13954613160417,-11.55275467148603,23.378296512909483,3.5518002376565,9.83934037934727
-0.00200000470284592,-0.015295689557308895,-0.03449227655911934,8.43127720004783,3.6639317345080986,12.46771455880086,17.90051336518851,3.5345588573281006,7.554894453539263
0.0018731326103063987,0.001869811389761146,0.021611317371647537,-3.1006005298535078,2.1444993112556645,-9.143139125958818,22.104341868259603,2.3062620420480564,9.394456300481886
-0.01814631104636422,-0.006318003610004754,-0.03832834086226985,-3.0917147578354793,-0.4817343847347004,14.736180393599529,17.323785009962705,3.2083571692692217,7.3205474960859815
0.012998432791828118,-0.0015839978882363631,0.026006195770401037,6.758488944896964,8.201459180919244,-1.2468323993457666,22.998136820904296,2.621139646922089,9.71349900981778
-0.002882613061278773,-0.01613292597359198,0.023781834675296716,8.379693064193866,-5.902652497911134,10.804332282981726,22.759367844340186,3.5255730266597833,9.6508362685151
-0.004499524890619914,0.003888711490130113,0.027610261765692444,-1.8983416173134913,-4.467159992006129,-3.9370415047324734,22.54723096251552,2.283214086663441,9.623218253773839
0.01653321877372012,0.0035054469493374825,0.02909882827552219,7.074022369503421,7.0162816240457495,4.175603114741552,23.21743326360093,3.30449567862903,9.822260940619273
0.005937458224030613,-0.0014955097204928033,-0.006179784231496656,-0.5314523663727773,9.980248577455146,4.275718230365612,20.306768699522056,2.2701690105377033,8.534521799988344
0.01133630840053922,0.00399972154719597,-0.010259524562711501,-0.09535222560168854,-9.115164077219884,12.791577606488495,19.821184822063437,3.270859026619734,8.43512599792099
0.013641373452548903,0.01555308343313096,-0.008493928635020354,-4.1474474472182665,-5.859544924209996,-9.550564910800372,19.87120815667491,3.8537877684209505,8.431704754596367
0.00750133758112085,-0.002866242731276933,-0.0023190784236234857,-5.476046394311842,0.6503578345468028,7.7594355792087555,20.332760895239588,2.536903862269724,8.59242856379219
-0.01587141648432238,0.012050717473986682,0.005980399867821645,6.899596691915853,-0.8003929327853339,0.5712921499575359,21.237761450870114,3.322877001953061,8.955228506059626
0.003992748505667009,0.009094361934311967,0.031872234067110074,8.090393921100247,5.889700076283438,-12.651626836321835,23.84062969902942,2.9787486998895996,9.96996291892799
-0.019556014196824626,0.00807143535452623,-0.028368910564811792,5.87930686403582,8.084473320824085,1.7671935883339032,18.474919480944187,3.4537296245262152,7.837841368560133
0.017741847322870177,0.0010072202927234875,-0.03182227631621122,6.418000791510124,5.661956486454704,-3.4237357741434984,18.27738359055749,2.980478365631151,7.598678769975932
0.010653184422331322,-0.012148961522121447,-0.025367975186182425,1.4735961062483387,-2.1288480263745075,5.271469416922734,18.24751536311379,2.74663044960616,7.720028648674232
0.0022880331269879983,0.0101137784545824,0.006666534502372257,2.9836969383180723,-4.529889332559209,-0.6745675827510151,20.977137914097927,2.4234043819913955,8.910834964699564
0.014906864798716817,-0.01148069343562924,-0.009449425608522483,6.988077318880659,-4.474138827462939,4.398956297590072,19.755900354700085,2.7479015899947,8.424364956836916
-0.010461035922925776,0.0014195981588514643,-0.035944808676489165,1.5314964401026891,-2.1930179307256736,4.208014087931176,17.402035676388653,2.5907014080394974,7.2951920841682245
0.010984906898192696,-0.0165206382663255,-0.029594812191664967,5.064502243744416,3.274632699848116,14.101131373062604,18.23902104670405,3.4808634602529698,7.651209129685961
0.0040940150893091325,-0.017222333090190355,0.02094440191056398,5.363976087514894,7.477202797305559,10.55702408988649,22.698919283372877,3.468273632376927,9.540786937798172
-0.016162008179946993,0.001251311784962822,0.005757707738625918,9.639955618146146,-3.833402733434843,1.526471337161496,21.404460159404778,2.9518877063506292,8.988632532784635
-0.019619557505315993,0.009667569361184628,-0.017483092985584373,6.3221577941055855,-8.836901924720715,-5.944977610675467,19.531506415116336,3.8356459875550137,8.209548362918774
0.003765923331462369,-0.0033765597340399203,0.028541775349266114,-8.225076089187095,0.6981377591705655,-14.254131352395103,23.073201372091972,2.7130578122658693,9.786756000435664
-0.014554353676005695,-0.018210758132377138,0.015278669091033682,5.713326752819794,-0.09315139366222525,-9.524918907414932,21.533896276723503,3.3364652541344824,9.247875994986575
0.018122942875227598,0.012440695299802487,-0.03362159547878961,0.5315265726901828,2.692601117338979,10.07262994461971,17.706725476160873,3.933780486832348,7.4451465430983825
0.01361612593375849,0.018221895227717156,-0.03148642870407214,5.986293019291541,-2.723023044348098,14.492135308766233,18.479301038606746,4.009613106465514,7.702204773508682
-0.004970281728392605,-0.008791387439338773,-0.03354506125218051,-7.433229530858809,3.3895728870861124,6.557315451437937,17.841556299976464,2.7859870062411143,7.550875520789352
0.01314477914358218,0.009726335907105775,-0.011084808335116759,4.674615119686873,-6.817596943867558,6.159354692031421,19.83815449169196,3.2654077483453356,8.382362635137182
0.009545924174459298,-0.0020066596086205438,0.000651775679626071,5.613734510030158,5.104095991570954,-5.348500666525025,20.725071334196908,2.344732339867812,8.72522705894236
-0.018473180327101428,-0.006153828587451752,-0.006174109248196745,-0.9972716843111069,-8.605465051681907,14.68540450659421,19.96427294312965,3.191763927027196,8.544749248319825
0.008149979933736128,0.0075395386715404605,0.018631715370349043,-6.68786973625541,3.4351498753669656,-9.394570503573672,22.11500477929011,3.03817830539291,9.38226402519541
-0.007186555206985327,0.004312646491690025,0.014332860776724334,-3.021100624620903,-9.022836062335982,12.229256979825298,21.76488348208545,2.904866385479765,9.283992029732255
0.012976691132784744,-0.0010285195814151403,0.03492978396010827,6.855234766513757,-7.445863713805727,-14.877207351831899,23.840837781167842,3.167562243038984,10.102594322287189
-2.4253061250815305e-05,-0.013123527284115592,-0.003126143386478243,-2.279492126956873,-0.2064555521937912,5.661810679946669,19.99843184291279,3.0126684758901754,8.496025694052852
0.003954408705237122,0.005297920927842249,-0.022201266292565584,7.537617386725714,-7.908750875138759,-12.965655083643055,18.916407769993867,2.8825173275304836,8.049119897735102
0.01598474014397396,-0.017273824790047246,0.024743021036566275,-4.4353920500653965,7.567814025633382,-10.092147486757757,22.659982036576174,3.843622461152724,9.659589584557748
0.007133681360024791,0.017941136531963216,0.00979029804049427,-9.862110314033396,-1.3419563318570926,-3.7238914856471066,21.559207475720996,3.2862287468009437,9.118489251054518
0.013013402048096093,0.0039052698719384098,0.0019558730103171607,-1.1473641591809525,-5.323159430631734,-5.20181316613191,20.68146454532341,2.968402218028413,8.756664789352401
0.0072143932046713835,-0.0005257698879196498,-0.00029634662461759664,7.041837628186254,2.518361137739788,9.178653655696404,20.414051864400474,2.6924854130465445,8.695644166725133
0.013661060844746987,0.006667958357446501,-0.012613194102972444,9.466082127243855,8.351455559956758,5.158728091094819,20.033992819951454,3.2557660072738765,8.407606177096042
0.018812513465050345,0.018681518794060204,-0.035998682428468,8.011994410544347,-1.9575698078313728,13.303185577071162,18.248492338105716,4.409370685673622,7.604742958600365
-0.01275697365965522,-0.012556479633584292,0.00406565447355927,-1.4846356360134045,5.6429232968112775,-14.188784780720505,21.06104500539735,3.220559973344975,8.905066365705594
-0.0037906590441127014,0.01447791990935218,-0.03624932402605597,-9.681268522631338,8.958933649593028,-0.6114099760566187,18.108508219533743,2.6827421468475703,7.541076444143928
0.017452536840892947,0.00015976596716705746,0.0037911844020247776,5.833014745358682,-2.304482866858617,-1.3583443816036436,20.76608031653466,2.996001411719799,8.838684381045526
-0.010019623404170454,0.011402878897811292,0.013476956742918482,-3.8694569970972736,-5.885437112344949,10.755688421552527,21.591289451673397,3.431479529794374,9.199839991834574
0.0025706711625476768,-0.009525311564985817,-0.012741285686807772,-8.250804997677468,3.6663787557505696,4.734182076277708,19.55658223654977,2.6279576102813125,8.306676377214467
-0.0037084265599865614,0.0011034345043616257,0.027869086829957,-4.41596759037763,-2.82483025132475,-13.808128720263962,22.59881309584986,2.6108219793840375,9.67304985028196
0.008940732228470773,-0.0024321799894276228,0.016039979659011307,-4.827481906109854,7.289775192040143,-2.9846493471451616,21.834688230629837,2.2008392917766066,9.299899856337419
0.016216394468599907,-0.0019686233979842316,-0.011915674621393615,1.630774018037382,2.4822695397120693,-10.892374172597632,19.50113903011724,3.063161004501881,8.188512806030243
0.010291970234985414,-0.012553099033802098,0.027595965934893225,-8.48456513030321,-8.241662205422557,-9.988591422229323,23.15527089099066,3.2906036496597766,9.873924953831244
0.012799495311881477,0.015174680165790305,-0.025702179094380037,-2.807581811531678,3.5799627119993644,-1.5121803102796374,18.217899025630654,3.3925443258195114,7.7299013354195765
0.014625652607472724,-0.009617628649549443,0.009656115946099969,5.033502069775581,2.1183669448159286,12.484239533822812,21.08216278600964,3.1754427781787804,9.020102480412989
-0.015585363278641046,0.010126639273991066,0.018237573045930038,-5.189699565897692,6.885210332636632,10.736406787188074,22.214367343646796,3.743673939684952,9.434531059222115
0.017526814325300264,0.018995158775787644,-0.03410204483503197,9.780913173103716,-5.30356671285916,4.47372197020475,18.55524270589082,3.871296204773954,7.722256739547953
0.002866049472692995,-0.019567919717321778,0.01631405808639405,-1.3217728866678833,-7.29311849068689,-14.495966270303526,22.47673963524187,3.960181482555371,9.384373197811373
0.013502275550932374,-0.004642385807433938,-0.03237212201604016,9.137990178742264,7.92449026961987,2.401663521109164,18.257247002406647,2.7787119341725903,7.649407586486846
0.013481826001817753,-0.01564124680092324,0.011474964782658262,7.5654607627559365,7.817994723498497,8.88599913826517,21.78914347584416,3.077471522171477,9.219797989535607
-0.01316367893468165,-0.01956103208261891,-0.023792459590133444,-1.0768652648546357,-1.9539446277672248,-14.740378987825817,18.721844431434896,3.755909129118863,7.829444069402597
0.005329228711121809,0.012333382505284766,0.013257350451366542,-0.19447427949583762,0.3959001024474258,4.125333817182984,21.22785800362711,2.5993180779273724,9.034442530964968
-0.006077405552813499,-0.00015020591566223748,-0.020476337666131644,-9.143249185011458,5.47209689749911,8.943188313826127,19.07162659280412,2.498247327781472,8.067332682421164
0.012177655930340672,-0.0007311487647892849,0.033118133604352375,-8.974988439133757,4.263672889594133,1.7971564589149587,23.3617155125772,2.663485968310086,9.965576288123387
0.006584095703229327,0.002613268321663812,0.007921284398202798,9.271713036848482,-9.92308637728264,-1.6843664515096073,21.74607211857746,2.376840185236609,9.176563865608648
0.006028731131379705,0.003938725401338057,0.014340782340412792,6.127654264187193,3.533031680535853,11.245456949007188,21.606377022424617,2.8150834949934955,9.226879471538787
-0.00799686748242696,-0.00944275062277618,-0.007415882473937992,1.0270256874546142,3.525858688465176,5.2869298632034045,19.906610274118375,2.8228485612617806,8.378865845942146
-0.01067977386938042,0.0008253590368639957,0.03903555694084757,8.521158191957216,-4.283297614892383,13.091911922305432,24.27269172414057,2.9285042846475684,10.191932484378068
0.002991386188740966,-0.009716176996714716,0.010827372364766788,6.258915487982449,4.882782685607021,7.992204167411657,21.417948989743888,2.75579631526979,9.108936411997037
0.006163366126233895,0.012726187864456086,-0.03238451992827933,3.1746577101086757,-8.329322690427015,-4.74116082282783,17.955891333709182,3.0121154888812542,7.622607370823747
0.0177021671352782,-0.008882219439235816,-0.007136980478856768,7.820918053866816,8.987076709981501,-6.6560597752738,20.436557469734915,2.9623243011077105,8.565001836110655
0.007663103085446217,-0.014827288373003995,0.020940947232216074,3.1321468895687516,4.533768068055204,-3.900938311630327,22.122379430485005,3.1884308529745176,9.409777942639494
-0.00010450029233119093,-0.015108540888201434,-0.01632341926349077,-5.8481561084680544,6.730612410017429,-9.410011581076255,19.554556479536288,3.4265954306563375,8.20411035632687
-0.009366809431304387,0.016295377289259724,0.028964608401942794,9.677377690315915,-0.8108412152816591,7.993786282668335,23.444807969572885,3.504869973589809,9.875477832681094
0.002205804351311822,-0.0035823671586321035,-0.01647120391172966,3.7691460408781268,1.879822910819227,3.5417339721104177,18.850955700506212,2.0696509490111397,8.021156223379831
0.006574547694501182,-0.01215389868160638,-0.024209967294153333,8.462209328892808,2.7671505322372543,-8.79071906819286,18.709152389701217,3.171793291015409,7.875107823941434
0.0031918040832245795,0.013938037020740732,0.026317632348371596,-6.9263003255136635,-4.2007205655424595,1.7511501353241101,22.8426702420189,2.5517745258843836,9.65848337447913
0.007224179018488951,-0.01905476876622315,-0.028342529680865685,-1.4390294801439367,6.130549454224134,5.348303959341585,18.493137250112152,3.319952771722664,7.69387804248375
-0.001562456110356738,0.011461319937828143,0.0014430642322992154,-7.647304493463222,-0.49440723753846605,-14.938188115093766,20.831095404071103,2.9219830370283004,8.79112311111435
0.018031064976152405,-0.01185892755922975,-0.011864325356984892,0.3348593598909808,-9.414586628315284,8.388177106695398,19.93828073144918,3.186384824572751,8.438055898925578
0.012461735350770786,0.0011099984001719174,-0.02154055768987969,-9.942822798658097,5.352513323733291,8.26488815886842,18.9750034759735,3.0254304199813093,8.051300753120087
0.0009359502379545047,-0.01904629996616016,0.0013812271675993915,-5.9813000091697965,-7.328623140037225,-1.6823431063323575,20.87429846302585,3.2644891808453016,8.850869125330092
-0.011926933343846162,-0.003953516547774538,-0.008482230778713004,-4.744106636695062,9.860985030293477,2.572023076658688,20.241663751062994,2.4285443487135234,8.528350765683324
0.015882701754447715,0.019642099020308352,0.01952852354035202,-7.420842049365759,-5.262347945688517,7.814156993983261,22.71266027953329,3.7496860297177053,9.50058440737
0.009678881657519019,-0.016292375562866734,-0.03804966037817839,4.664109586586875,-3.8738015503875145,-8.778230332276578,17.724998250543653,3.5872879546392302,7.379610228494933
0.018254996402770198,-0.010110702509006905,-0.016458870784247202,1.8553587023275675,-6.020268798818707,-7.018512447434656,19.60411519977502,3.1663428354006413,8.190497118742499
0.018379729821671884,-0.00420885220559053,0.01596124517732339,-2.740145031255599,-4.71833976676395,0.38772642902827137,21.911690390519773,3.039026239998082,9.295007752478769
0.00021053815240173676,0.007131095681759975,0.020904940334015916,6.956276658011383,6.75724417639206,-0.8332298701073135,22.571503194726347,2.0871021722295344,9.524744502059539
0.0006515769813008505,0.00044805401102994066,0.003379606302068093,-0.9951354606092409,-1.3166262922606968,14.066115800297599,20.531885714585957,2.3982672090414607,8.71060051727686
-0.004034854929514317,0.0066642872216969365,0.03109341309495702,7.099855243820766,5.419110333024504,-8.550355990987043,23.481517911759006,2.589533961950326,9.886911513318001
0.01741932408516728,-0.007672513651285242,0.036229101619153804,-3.39308126545901,0.5938606066969676,-3.7118246294259656,23.344376702747642,2.769358953658965,9.955910653196664
0.005785966891122613,0.017446229191684457,0.012093163623778595,-5.65427250431882,-6.339250119587265,12.924656131347703,21.91955181228455,3.153662872929179,9.21029270919357
-0.008430510588767967,0.001640002617561486,-0.009630121419442254,-2.6480474009042716,6.874012801985646,7.366379068767472,19.88912581612073,2.674756250523002,8.376053083287458
0.007137440547686308,-0.018192419807328393,-0.02669620590702427,-2.8060277444803887,-2.7901774795223178,-3.3643747267994364,18.42561498728702,3.4236406867045757,7.732695534948578
0.004963156244727398,0.017508169719659922,0.024458809913355216,-9.376704571656997,-0.38189698580243103,-5.632314453661149,22.621328576580293,3.2135906007674553,9.630997120807796
-0.018575130985178823,0.006081576588130754,-0.031250825269587675,4.770997712424448,-8.615575593423241,0.20513034630116422,18.357185749036223,3.341519012282351,7.665188577753085
0.0035309067689019633,0.004030306053110864,0.019915949014764733,0.650996947832919,4.80438747735251,7.904230306054142,21.983431302786947,2.413825799366421,9.357615746136187
0.018784974245350725,-0.006764855815173413,0.001287364520993449,-8.30765820703094,-2.7664749870070544,-4.410337903205733,21.02226612255263,2.816366868244546,8.861034667919363
-0.01765758262035179,-0.005514638768908075,-0.03122391237964515,2.469944350564422,-3.569449685442965,10.780581781313685,18.010214299916026,2.9417844517175733,7.527707953248016
-0.0009909362750651456,0.018210024027973806,0.03693967580278821,5.859059438816722,-0.8673632483783393,10.868550080370852,23.85984703803318,3.2574967020313506,10.076332553247772
-0.00041433999886252015,0.006334786835901825,-0.016423382898633418,6.380642575706148,-1.5055495817080722,14.929437465780289,19.482353208557193,2.7517172199876456,8.144975184118916
-0.014003027718886986,-0.011909640267890103,-0.010938127490299002,1.0496226376695343,-4.94015828189845,-6.576134702403779,19.644395140990294,2.7744431097337503,8.258537382588193
-0.019860756509549535,-0.019603309260558314,0.013714563485345277,4.839364842533387,-5.267726929905415,7.87315687681502,21.690354262635243,3.975226970193036,9.219813694331409
-0.019146769252360096,-0.012665600007657853,0.011501422190169183,6.689312287576005,-3.070688640753554,3.8724508164929254,21.564358148652527,3.2006957060588386,9.126116046265254
-0.011890662605062162,-0.00703356580389781,-0.017731608203741162,4.1257858506072775,6.447412067516552,12.748781137517131,19.51541064654652,3.05925593276664,8.153104389249956
0.010776782128123889,-0.014764539162395689,-0.001445814296881176,-1.8604024967581552,4.70768597685602,-14.956687114181667,20.230851017080763,3.788919090720687,8.633294150165982
-0.018932956489255155,-0.01842273338553475,-0.025206385288637848,8.172794425467881,0.8287376586126864,10.932697463320768,18.671691028544256,4.0396019123795615,7.916432826645407
-0.010955235736099094,-0.0016237885171937888,0.036837754167095636,-3.067377120825439,6.925912885577841,13.310764802816173,23.87117483658091,2.930364137373395,10.082002471322857
-0.006683627664007234,-0.015954870522126074,-0.022425031271588392,-6.467623043076756,7.003964458898338,-5.673332890377749,19.170015093387565,3.243014713646666,8.023216171518996
-0.006640664769528248,0.016044300426614016,0.014856590831051987,-5.767132438342834,-1.0237953696703617,-1.6484898911659585,21.65753057474335,2.897904271800722,9.194585487144359
-0.0005947825169786772,-0.019017964945404288,0.022255204003459587,0.444441735899721,-0.6998270726102049,-0.8534203720912288,22.15408320758326,3.2434963120034714,9.374314159069453
-0.017886121588954272,-0.01855573309436759,-0.00396408067157597,-7.130628665860563,5.526156294584316,2.6623724375339393,20.692699339103655,3.572548104657185,8.73604246561807
-0.015867854633623422,0.004076180758133988,0.013753217398980805,-3.867402807338669,0.12332905652237969,4.701228883451861,21.53572909657599,3.1110753441922587,9.13847599036465
-0.010132015641246203,0.006404594118555179,-0.025808573323535054,-1.9548167466467081,9.598962588583486,9.880588295865778,18.88181097799782,3.1851506045761413,7.881197534676389
-0.010247023431540759,-0.0027929790458806163,-0.011435173601433899,5.256173368103543,-2.6284766159332147,-8.980654339620553,19.40802629237958,2.852747538037763,8.254367840906928
0.003931340129868292,-0.00732632833133077,0.03450546431220957,-1.5027697910411497,-9.246465504136818,4.639353718530689,23.55497915665762,2.453423023368319,10.002183632758983
0.01909612194541019,-0.016254644256519662,-0.006733178341371875,9.670517017665027,-2.2951200242530074,12.79037074396107,20.15860710831839,3.3339815251580585,8.589316553521126
0.015370659893556269,-0.008923690418209373,0.004484333213383651,-8.845070504120198,3.889325659496288,-3.7653812320981146,21.033500876902057,2.851434949448452,8.958542844519508
-0.00945614735987514,0.0180635021302443,0.02633457127372981,9.954593621828963,-2.7918923490327874,-4.251987169821046,23.10828052452971,3.1743149626899823,9.795639963711098
-0.014811950772402774,-0.01877768823618548,-0.010613333532440369,0.009663012818821315,-6.901958498557416,-9.730905502155672,20.017652520458427,3.35636935604497,8.351906028776801
-0.004375020637270613,-0.014272804162132103,0.029326777407533443,4.543361533007364,-3.5004302591906677,5.288714732715764,22.750305707633373,3.145662591182845,9.718682423343083
0.014394952917050088,-0.004913906734474364,0.028216801674031393,9.238782450728994,-2.9213337556122916,-4.793152273622313,22.898661036424734,2.532794380888884,9.79158506159702
0.005293377614272381,-0.012429145790777679,-0.033151764573715325,5.556115239361159,3.0225490128774375,-9.091315113430571,17.754448374942157,3.2013026875587904,7.493164559370007
-0.009723519254857682,-0.01745119762141849,0.02098502734021973,5.291569175083076,-1.2763966953060013,-10.281041233108438,22.092681108346177,3.3895063322208423,9.43463134642405
-0.015902430085117998,0.019423647860524095,-0.0018277092915740048,3.7654093639199218,6.976345155924271,-9.233338504709073,20.786503319783357,3.8878477088546597,8.764718659534667
-0.0007342426125477169,-0.0028834217555443256,-0.018664013292578226,-8.463319159540001,3.3369724641625904,-14.797849004835467,19.490442329375195,2.67673740039987,8.127606150318407
-0.004740860784710881,0.016365562837678194,-0.004720874609973516,9.86707556235189,9.725031387159174,4.485007182781441,20.931556358952598,3.1058328685007774,8.784858454803333
-0.005982259631722249,-0.017793141089192048,0.03218654524562494,-7.34705731302741,5.130158587662738,12.79233938028868,23.380441709386364,3.778062828413008,9.975148944979946
0.017372740790151633,-0.007707631940362064,-0.03283120586870608,-5.655421139401204,7.866535356306194,9.054216254092509,18.04197724464718,3.2523517886013815,7.618639994000545
0.004989174309583056,0.008991540994085504,-0.03350062115950658,2.2785410468044667,4.368819157151581,-14.991410738798761,18.00795310125529,3.177125541353811,7.504906068415608
-0.010802675168083744,0.012572961661155565,-0.003258417969830306,-1.1904754849666173,1.778354944895879,-1.8264445651048504,20.09951868468732,2.9604313772897086,8.481317508082652
0.01830280730266032,-0.013833479930003178,-0.0020220905368266012,8.302301503795785,9.688033095789585,8.494710666695447,20.783250038887477,3.180411333313689,8.783496462878054
-0.01175189953955827,-0.010513036021106079,-0.039461265029131935,-0.7564880662193918,0.7606559410011258,-6.560936792193008,17.137907219009694,2.6694430608698223,7.204160885283055
0.007241832520576114,-0.016932922400758374,-0.018433499977888436,-6.134469144522823,0.9815795855384373,-11.520343465291244,18.996873783012106,3.7246848709319433,8.082840358077014
-0.017672486392140124,0.006646264352534553,-0.019632443457239104,-9.927837718180221,6.799124476770547,-1.7461720011526616,19.70421767043062,3.314607108048094,8.175934889776487
-0.011269397584216212,0.0070066808179160105,-0.0218660334514054,-8.497429951861044,-6.823114963417267,-9.880516428057023,18.753731334848315,3.1501669298281456,8.016687882524916
-0.019451000725892304,-0.01684424304200899,0.0182344601387167,8.751346120363642,3.4308983120689884,14.481512788317264,22.41773905253912,4.098353023720492,9.52747861628326
-0.00018559640476820127,-0.007726347877330127,-0.01842832415626372,-1.4404035655951635,8.803315966985291,8.55676132606822,19.43280176587193,2.676078159500755,8.098895367145348
-0.019573966183946714,0.003090748127462701,-0.01331506462509183,9.942728288738358,-3.5328993393237296,5.389985706978411,20.013858392895635,3.2320087458605693,8.333295029740487
0.016244491359165402,-0.015233324677148913,0.02261370330425965,6.961784008422278,0.14180529080658388,-14.671163312274004,22.479772546791608,3.891027444827446,9.576843957805545
0.0003256565735054312,-0.006783825543166958,0.004330559545373737,9.936115664507852,-8.757432587125397,13.138870846337323,21.614659437949147,2.7952104368768897,9.04373656188137
-0.01869848055543617,0.004444836117568681,-0.031323835376797594,9.338012995209091,-4.6373152203754024,2.877265107955452,18.53245242521601,3.198086407940835,7.681764624862741
0.0025769449483474607,-0.016582132612656692,0.007050802952447269,1.039337603383924,4.523596643270743,5.0726705039549245,21.199070698387853,3.193238345590809,8.911785413248678
0.0017695738489823566,-0.01299781823929981,0.004533307280313842,8.684512000731246,7.063949008754403,-7.193736999087209,21.214147066651844,3.0708491677678635,8.968319149135539
-0.018092662255643394,0.0041610494886109885,0.011215870865074029,4.578453555632212,2.1332752465166926,9.105148715624438,21.465993801967233,3.44518042354326,9.100676209931825
-0.002485846315414618,-0.017308687028428728,-0.03628972749398062,2.6380357069756073,5.39929838223577,3.726584959330978,17.821357554866285,3.2938989006038546,7.407559901077754
0.018880766972835483,-0.006377078953425265,0.019794438553273064,1.7385399161782171,-9.844844390885406,-13.960110602727472,23.09300503437154,3.2579147354077427,9.615201720782498
-0.005791751463956399,0.01965570847808824,-0.01223648449256463,5.992262467217371,-9.283753444722842,-13.103652621749442,19.867573737557002,3.3622178474960376,8.459098133769666
-0.011121708123212084,-0.0059891845547759195,-0.03549735841042235,4.413375245204476,5.850921139980423,-13.109701186911922,17.587381606228256,3.027288347785128,7.481993275983934
-0.01833144357114793,0.00573111249863964,0.009831913464317929,7.111250186836976,3.281061199099442,8.943802166263517,21.454436891447386,3.5334962441586137,9.124643730840283
-0.002027101084648108,0.003962014552822253,-0.0031568115300410968,-3.1655293565550853,7.686363517248196,-9.886717881063642,20.385684159521148,2.4047081121267446,8.622506209503225
0.008419245169280689,0.002629438184026816,0.038806238341851616,4.684406331447576,-4.569702889129661,-3.4241441459934734,23.59100487194807,2.5106749992202313,10.089251396785272
0.0063477267815728045,0.010077885340170956,-0.026249714103554426,0.4556960462209645,1.2988752567591462,12.343515313313091,18.065654450578712,3.034865169110792,7.652336930003397
0.005718170931577206,-0.012707836509820575,-0.00520975246046633,9.052110242254052,-9.678887441471193,14.226236876743108,20.671636183485205,3.275324480069421,8.72537233316599
0.013803830553416396,0.007038283335079137,-0.02168220871589113,6.5416829035240625,-1.3578387172796234,10.65117210209846,18.90381666255106,3.4939676763006977,7.955721591453924
-0.0028921891112727756,-0.012106534259264024,-0.004678000614951605,9.831712807934622,-3.9959459148551124,10.837770946169957,20.49047580153825,3.190221067939942,8.626695708077255
0.009958484044254728,-0.004098580401076447,0.004967307968943367,3.9857829849524933,-2.7543355679492336,-9.932949594990966,20.82456641630067,2.635120722797219,8.849103033120848
-0.010196474310716398,-0.0003096573214853883,0.03393912365559749,1.7568004375752082,-3.160315411042685,14.869098178459957,23.253043953669533,2.9609867006035686,9.859671182466151
0.0149763570254768,-0.01673473336087005,-0.009026172551229596,-8.90564370721477,-9.611543204817487,-14.968475914721422,20.627937971856795,3.929982996676671,8.689816951112117
0.013842571930446506,0.0047819024164061745,-0.0012957141520765492,-3.2187047830311633,1.7596946389720447,12.740051411178499,20.433894451895423,3.4791524651530708,8.610157307644242
-0.014840821867700419,0.013772381058088711,-0.0013099914712628308,-9.310053149568125,-8.8692975721974,13.344857753186979,20.948120695947594,4.032020540045641,8.843984927499006
0.014068336869125123,0.017507645222391014,-0.027996216391561052,9.479346730577,-7.66524699783967,-4.24934431638259,18.89173042270095,3.6940882466478215,7.9391142810776625
-0.004293229051117665,0.012301420485869293,-0.029899296669817284,-9.957997916649955,2.7356934928739367,13.032461252540639,18.15857774677403,3.259923151564084,7.724194872789467
0.007386194101846769,-0.012248352821535104,0.02695119917964301,7.517795759894451,-0.20765900889656308,2.8633204117490614,22.58105517337563,2.6490822512604097,9.6700239302758
0.003020819968216803,0.007262658278054376,-0.0015467011956286775,-6.309951964164677,9.736670683373884,-2.8201573484978066,20.636973365726146,2.376175387867429,8.735773402395695
-0.006024245201427374,-0.008385810459664298,0.010159653647063074,9.97807851838325,-8.356670829790536,3.63518101668722,21.875678097985055,2.5705468296659015,9.205625022838456
-0.0015580906014083275,0.01284735005881785,-0.030320971169319907,-6.450748158122406,-1.247121354304337,14.920939477317884,18.197433557105803,3.201834521450857,7.6272861442920155
-0.008481380386176364,0.018300965752882276,-0.006981427360713902,-3.0884449530871194,-5.443253538678558,-4.567551748382533,19.73395037106653,3.015119628725415,8.441129876401323
-0.010600567108492408,0.009194990576497055,-0.021627073020241767,8.47376988832401,-3.4227899970251574,-13.834254856355695,18.92493238273564,3.5062003972704447,8.03090745093165
0.004109859061503903,-0.01414053277100161,-0.026146671079546754,9.311368612847449,-9.937829590062389,-5.2563279159891465,19.054887478530663,3.15273426125486,7.9701113056531465
-0.007233970341826233,0.01088236080739819,0.009475868249185393,1.9427637782378397,-4.315535176013263,12.952748519955644,21.456062969864963,3.318061441766461,9.031031541227676
-0.010665032509684518,-0.016933711148901333,-0.016931075860972474,-1.1327127716272027,-8.014361566428246,0.2948977252697631,19.376835942135603,3.269974474210688,8.120701508811083
0.007651907232919787,-0.003598074174369196,-0.009819446611456097,0.21731504194206508,-4.719600600601995,-2.897985671480134,19.668626483661317,2.232669031614009,8.30085672649984
-0.010110599258175843,-0.0004895016559831392,-0.029092684230994204,5.992930807408134,9.733367832811162,1.2234056567342648,18.5422127470584,2.4240189245319197,7.799655487231039
-0.010173883062299556,-0.011654990125351513,-0.014889411380261858,-5.6870650030233305,9.506571579183273,-4.504822929713766,19.79542757774668,2.794971990475883,8.325841922901665
-0.012798258484595504,-0.004133319103445589,0.03170968660249338,4.760548674785635,-2.781233473944898,3.3205864542079055,23.088448536376568,2.4251518042561266,9.791336149316043
0.0076114104765645715,-0.013971969940238149,-0.032124786777817396,-2.2688527380979817,-0.47785267006048393,0.7461602557093912,17.68658809802117,2.9148749793213296,7.47498384208279
-0.0032272583619204036,0.012021095654988618,-0.0029821089523968183,-6.773689052490801,1.158058098934994,-12.485977109378405,20.486304101519046,2.7806381814192727,8.604602583045748
0.011337194082449289,0.012005564790340307,0.004040294542789626,5.21180400087702,3.3327810773913846,6.4698595830723775,20.917060640046305,3.22664883916318,8.856888782000455
0.0042288143167819835,0.0042276964789632575,0.015781970097524176,2.076066823726146,-4.495168972164731,13.76282582395061,21.7564966970788,2.7773918369255233,9.24515292468709
-0.019048864827219066,0.003098064256326024,0.005359504521967151,-9.987455041638864,6.888659054255395,9.224233528499212,21.47690944265484,3.5319426453205525,9.086316867347005
0.017934594622369928,0.0007285594091044137,6.510469686882986e-05,-9.89085633304311,1.1947124112738692,1.3609419837876011,20.966058326363054,3.1689041168697942,8.81647126121929
-0.005544230526402134,-0.01168793329305951,0.012214898624269221,-2.728708158020101,0.5139086643765509,-3.856330226632661,21.282162426392297,2.718091050175602,9.05835851302575
-0.0138658506738481,-0.018438132278147557,-0.03802948906925981,9.22123256448618,2.779357349130116,5.962082790770204,17.649097383036256,3.7245663206795543,7.459117368830224
0.006434879290051897,0.01376120906279282,-0.013147027099705059,4.749004880534159,1.9352284542310105,6.283594894927145,19.419014170399127,2.8809240225085913,8.223766699630312
0.009926575847883395,0.01403152172955945,-0.01541826613422078,6.212733138480321,-8.084424003225745,-12.551705118829865,19.46854405874658,3.6710644985970005,8.310345864955801
-0.013574209789798229,0.012828266191304134,-0.015338369373961856,-6.678599033193839,6.4983742912331905,4.223566744786076,19.556718036981742,3.454636778433225,8.223619612113346
-0.009647466756709537,0.007669555816943015,0.027469529570451214,-5.900533124798462,-3.82411074959281,12.661138369667647,22.830900985700055,3.2960294445356193,9.702209872317592
0.0136337343101189,-0.0014125376858174048,0.03658540331273046,-3.0204590708215084,0.8994905438404484,3.31219514354234,23.362689245551458,2.8573076208400883,9.936199676325435
-0.017043354872875605,0.01089788072984776,-0.006788715025506001,-0.8221834078918135,-9.707188819430815,-7.659698469578398,20.077653564878553,3.671362258601563,8.545351726325123
0.01522193363462154,-0.01552714997393303,0.008861400815312177,2.0802950681015613,8.802724844561894,0.6945138467983778,21.5170504011263,3.1581926243978726,9.062768544364776
-0.008298123642850772,0.009219107710746285,-0.0006445046876052338,3.946543100722481,6.982034570258026,0.9348867651067785,20.51316597989077,2.7670508255409154,8.724076678088222
0.01567391548898951,0.0008182729759396434,0.016959726701190316,-0.8430021773116376,-3.4114423346682283,-14.296037111231419,21.95162227413547,3.3953028324464545,9.289428201921327
-0.0026905985835042057,-0.012384235722556843,-0.005248373123273524,9.195493342916343,4.695736634291652,-0.8975537435519794,20.223004007945978,2.6794415651210577,8.584972727207793
-0.014051807827650822,0.00552439037004487,-0.03251197791955358,9.626052901893697,-7.2228323137423605,1.8107721809600363,18.52574963251724,2.924192146799418,7.675433004348936
0.013055492725033428,-0.016703564400740247,0.012350351477635864,-0.1831706180920456,1.4326234840138792,-0.7266432056936871,21.306393796291786,3.2891286937148054,9.033608471231469
0.009134395108792853,-0.01844955842259743,-0.013862012424154947,2.295592692351647,-9.136737744352155,-11.050908187080035,20.269247677666566,3.8477237881944677,8.37636488838408
0.012149031042925303,-0.0004799933819847786,0.0029161790936853213,-0.9573746375971481,-8.103693227949513,-12.563782524904836,21.244605273857832,3.0577549286713595,8.891384299749594
0.0015602288047924795,0.014374357121771052,0.002374265666478824,7.6057399096561795,3.7634165898898324,6.522226848237754,20.91450126258209,2.705192502420872,8.864835704516727
-0.008424786455840697,-0.017966369016472132,-0.014502970011635207,-8.719678957877301,-0.1882242068173241,-1.671584872941537,19.622817774692443,3.1963593529750685,8.287942218917308
0.009468197238959815,0.008381837927157288,-0.036187130953217295,-1.5659751600278007,9.89611016631618,-13.761296665928667,17.690355722911374,3.3553412522553963,7.512106940229876
0.001902277492473424,-0.0016997506155286557,0.022305483894034292,-2.8056038308707443,3.0471732277010926,-3.2034575767604814,22.101747166832176,2.005322401058026,9.418290716161666
0.005415870476028258,-0.006437139173094311,-0.011483287574070963,2.9496478365939804,4.892378029863099,-2.2878668625849485,19.390990815154613,2.3896135590654266,8.235136024426042
-0.0059285607454792905,0.0003232571069560382,-0.010702121158208008,-6.3856567689790396,-0.8479937348291866,-9.906127279772017,19.71417650043488,2.5853230282828354,8.31335747068761
-0.00701489847571048,0.019223263537631808,-0.03416605868177111,7.097745017410851,-0.516300196855239,-2.083648630751849,17.99420056821488,3.0843547376669087,7.569832829500083
0.01487417243844193,0.01109474222781449,0.02843828308388959,4.18469783198093,0.35196228771752835,3.945369318687753,22.793753740999072,3.3373240591933486,9.686079070055946
-0.006389731580351481,0.0006403651894772572,0.03195064968257041,3.5547566565566875,3.4008423369325502,8.064451302689932,22.948720074685667,2.4893076344825604,9.805064465601069
4.866553346574015e-05,0.017647911300075,0.020347118633920462,1.8494296330448652,9.635599546400012,10.616219960637736,22.457411652224987,3.152334457822186,9.546976335731808
0.013806474848425527,-0.01067003282061067,-0.0344675474236719,-2.0236255458877705,0.3004635902987385,11.90416324521707,17.734801910679337,3.0585777889396355,7.42810179150357
0.008565296812773533,-0.019393024254776327,-0.011803183560903357,1.953428423129992,-1.6655282122870023,4.884590547344942,19.44564379607338,3.3505260790774023,8.218010017981426
-0.0149440809320784,-0.011175494451677226,-0.016845150648487177,-2.938913042069804,7.270939241905353,14.703338438493564,19.813952997215523,3.533077297596757,8.242456080257675
-0.019197660876576844,-0.0034615820509871394,-0.004802103231784531,1.3708171044841002,2.4864022567320365,14.96210542582304,20.231129253743724,3.4140459980391413,8.52682786449828
-0.012489312817148783,-0.009082557286855489,-0.030193900604388944,-1.2177014808111615,-5.767292356259002,9.183444537479112,17.89331363868645,3.0726891861730445,7.586668959325576
-0.0057212345181006895,-0.017979575217331935,0.01388003411053921,-0.13724594271531387,-1.4021566529045533,7.298954766199138,21.43624280777272,3.5774953873627116,9.083782503979378
0.019759631047100584,0.0159556042415285,-0.019212875740184918,9.647585819379753,-8.17386874906666,-12.334663048878083,19.455160331209825,4.334008025579417,8.302417846068485
-0.017856317489135534,0.017290826945868,-0.03631689964663071,-6.097102716075198,9.814198566414007,14.119919692890267,18.17267255774385,4.491623097505256,7.612266277057451
0.005508640310311265,-0.00017948337000339362,-0.029141731327018246,3.0676366433267823,-6.633364709076368,-1.0006720059429615,18.14829552743814,2.109066535629722,7.661651204741021
-0.017092601477382115,-0.014181659770042043,-0.025480063525445136,-9.78557229477899,-0.23165406273261802,-3.477122736170344,19.048974140222267,2.9451047613881944,7.959063769669419
0.0035876290977281365,0.016281507036698683,-0.020015405472214018,2.708655117999818,-3.1960017757626265,4.848507898882396,18.93220559725869,2.642871708714943,7.967105183931913
-0.007412896730154687,-0.0038105895704259353,0.022831383283937322,-0.03874889600347586,-7.816379797355051,-6.767867339546189,22.555306788902463,2.4529169709894916,9.529692404487099
0.018137786375655895,-0.019862683521052044,-0.03347075410987262,-9.301767986389466,2.040929812105217,-3.32410462183768,18.170702634230157,3.719773996006581,7.682057988882756
-0.0027067744987633,0.009071280228319076,-0.025598801366525023,0.22053044868392213,-2.927691878743161,10.687715237643133,18.29746633161713,2.8415153836145746,7.705286797426475
-0.012069728242972508,0.014959685249238314,0.03776078732924306,4.674364283417496,-2.743123743380389,11.642883277621362,23.992221555046438,3.773910708932115,10.089631674817584
-0.01554710218080389,0.0058262496367497,-0.035268431778929105,9.978665501450376,-9.975281453534073,6.609888304434833,18.634081761442843,3.163117423259179,7.658035042052881
0.007952529632317927,-0.01996838240078542,0.002074799415130571,2.1295862680915647,-9.679341570321467,-14.808058139440156,21.727604539379094,4.122844426953975,8.98443580230328
-0.013089325328735515,0.0007207898728549059,-0.004447144183782933,9.20878418631332,2.973884746499655,-0.10237872785924296,20.327799345651133,2.7512623978998163,8.612686730843325
0.01850091957256254,-0.018540795154128955,-0.028380523531569876,-0.2859305344274574,-6.186398138964786,1.9171720242379457,18.602180599622486,3.432424185169747,7.803621892472593
0.007937583660016595,-0.010547552382384966,-0.026334797645274487,4.8757548241679025,-3.4229854403651423,-6.905674278394912,18.40771388844834,2.9901585993650004,7.750391307459451
-0.01982705191738003,-0.015114495688193456,0.023079617948372204,-1.2400478190748192,6.660077075749879,1.6875274844404125,22.79861926551962,3.3368725508751487,9.631552316166376
0.010997671435130151,0.0136975839124884,0.007315173544749164,-9.298009633115168,2.5296235953569166,-2.6218580995324245,21.20769694830078,3.2511532842842334,9.025077592210565
0.011033039977140079,0.0002002996171145896,0.01572058341648188,-7.5328354039685514,2.9126547130345344,0.5165707906966972,21.787229674993686,2.545297801136947,9.289277227865137
-0.010871384638129937,-0.015143131240243872,0.020587713443855182,-4.076752488887259,-4.617764866939393,10.145095069368303,22.162597677515148,3.5821686929834318,9.443267761862542
-0.003460772026017321,-0.004168037919098411,-0.002043039403840957,1.9803996816501055,-4.3283454026062484,-13.501246246288016,20.344049501716373,2.5646010784447393,8.587044465312044
0.013225393886032704,0.014571987480368174,-0.034730089411468844,-4.350012617074983,-4.4176150609831115,-8.240736462880871,17.736447284171103,3.7193968593452387,7.461170773368664
0.009745074270812025,0.004822935331338242,0.03265503569118835,5.28044241476745,-0.9236650598944234,10.855943825871584,23.19408314266952,3.095672970850686,9.851953429215927
-0.007693018349308632,-0.011806212289888776,-0.021020655655956934,5.765799923064748,-9.868605776173103,-3.63633473435522,19.223266956848608,2.626212172608733,8.051470590772142
0.007189648821912292,0.011266519904883854,-0.0034297317406839153,-6.894079610401766,9.846360267417918,-2.259117106320902,20.478056427818483,2.852968905048817,8.68181303834911
0.006588441825390333,0.015036166486497343,-0.03351098145361203,4.9841146748287475,7.727785565978223,-9.756989070146409,18.444986701407053,3.356318706401711,7.632056962711918
0.004373470862265524,0.014046545924514573,0.009322065834779542,-5.352797386272723,9.875167157187999,-13.972860286175493,21.64889185367982,3.386552496350453,9.174710294582251
-0.007972282488510184,0.017668381680010493,-0.03500624112893152,-3.5189083976826385,-5.115793948888239,-8.313666177555689,17.430174393116665,3.137545118785924,7.437093248189916
0.012451991521820232,-0.0030780683714475253,0.012664885378792581,-2.615957086848251,1.1649381786926618,13.762243516844432,21.51236643030472,3.219937376670603,9.100440340369746
0.016898409258243593,-0.005465253512104225,-0.008768788459888058,1.712608116011559,8.686817262956982,-6.750310015706882,19.834866675884673,2.7094247766884294,8.421952837187353
-3.631070996471669e-05,-0.0010909633030666242,-0.03351558821579572,-6.333774776004053,-9.799412455493467,12.537316162800096,18.330696251526906,2.4751407115581925,7.638727712613218
-0.011135497337323845,-0.015808355760847007,-0.012512767580424668,-6.0586567481745845,-2.799858933226737,-4.919342355871333,19.500203121336074,3.006931239013803,8.290165075274247
-0.009581139423516882,-0.016517471306279695,-0.0344548337000807,-3.7038357412347818,-6.451562202702592,-6.648703451757575,17.973735873586683,3.134628017540023,7.503142635554035
0.007445635263972506,-0.017730495280885904,0.0038760151247588873,9.325838894750671,2.203015665490394,-9.624991869171689,21.017097844963235,3.6880309394882707,8.919401271945407
0.004345369082068326,0.007401658989125211,0.014297702034418908,-6.423694547530879,4.291167949477746,9.272593616105269,21.569832397166913,2.5847513669802558,9.223718159550264
-0.013999512261430175,-0.0007131314332149627,0.00932054290577395,-4.122575712717625,-7.664020729256769,-7.44934715809943,21.351140946320474,3.080580690389466,9.073526253825198
0.00742320589457033,-0.0037673942699881467,-0.02168053299587448,0.5427827444609967,7.082491204832436,4.299102190617418,18.79852247505314,2.350256951054503,7.904748857869126
-0.003587816911197278,-0.010720282000694534,-0.03809885023057905,7.743272545934982,-6.097213286972256,0.863850675709708,17.50015996033691,2.6293391192770015,7.385739792223927
0.017879927573204047,-0.0002777704757805331,0.015406457799485497,-9.15179629356258,3.302031725164845,-5.1917370142267885,21.91532159755498,3.023414528063754,9.348504758289316
0.013794434277805284,-0.011864789749007919,-0.030068335017766838,-1.914812338529341,-1.396525461057223,2.770552572613422,17.98246750534794,2.7566617108087033,7.579393946815507
0.010363092128702744,0.011571610020929098,0.01674315738033913,-3.068413032805555,-0.5263423612657387,-11.120427613365187,21.61248824836813,3.486188740550298,9.220432425607624
0.012029087482308704,-0.015652167405285394,-0.0013217883609911232,7.108238693786479,4.001719007347912,11.667240708866238,20.459361936771817,3.2550264749238496,8.697962544700422
-0.005350146328011918,0.001980292476849544,-0.03253435338939517,1.0417850637460173,-0.3850180475420846,4.161537118559824,17.52339794013227,2.3134628577326515,7.384289823944452
0.013861909432852582,0.004926662154175143,-0.03052771497486428,-7.148247013681875,-0.5053633369586681,9.087122318172614,18.42873441881742,3.3030315440711293,7.650550296601512
0.001265375391753653,0.017301668279592345,-0.02465988607323357,-4.183268132532012,-4.802341587624406,12.821175205261515,18.69699569114471,3.1638789445680318,7.837286911772632
0.011615691457414794,0.013912767644645847,-0.014449203198697757,-8.20869320732314,6.547769789868244,-10.20369111638435,19.636893890572992,3.6734618704430884,8.28578627321585
-0.0027270417699258205,0.00897939575293254,-0.004561901680508074,-9.28726997239419,5.003914591158376,-8.809880436565306,20.673077261093887,2.4931121194283854,8.62956436872821
0.005589015441632948,-0.011153866841167672,-0.0013993098722381789,-0.00740569769254229,-6.771024640451289,-7.997133464106659,20.738917913442965,3.0360790612557302,8.67869812724016
0.01564941613018737,-0.014693504661237143,-0.027256794840942032,-0.3641620413470914,-4.349382597137572,0.2755085400062427,18.460505029534357,3.1381836177240747,7.7517328800366805
0.016952996197436548,0.011378210642703144,-0.032568261101690935,7.4007248703499755,-5.556612186476302,-3.277536781701567,18.104528731165534,3.509536122803601,7.660044682817974
0.005539121673075381,0.009518927933374471,0.012440490743470999,-1.8182633679445779,6.232385113152784,5.999305188371544,21.410299924048985,2.610371312109545,9.12508188103277
-0.010321829521484962,0.017321487299297247,0.009729165771302617,7.296310342613495,3.0025972942202213,-0.3726277076823479,21.60533405214305,3.245620117112545,9.136221746406951
-0.0011614245601020388,0.007467483713183426,-0.03593716220941957,3.9486051751362474,3.819636724465452,1.7510991040038775,17.48881615982077,2.2752018693824194,7.377991909976045
0.004885274019196997,-0.0008317883507314716,0.030749283051076833,1.8337099653163325,-9.854296463676828,14.008315455493058,23.13853419029998,2.707326596271541,9.911242081854104
0.00728987229423847,-0.016712141635994306,-0.00030038898935760144,6.1989716145582605,-0.6023569641435458,-5.179073259482074,20.341153968941683,3.3991774268890302,8.682714482953509
0.019307249449370737,-0.008475799313532604,0.005132454238035954,-7.613132232648772,-3.3814573480744192,-1.3624735323084423,21.38631574499211,2.9575027448897573,8.998016704499937
0.014059798524996354,-0.004615176437814998,0.01922196530656392,5.3002772345756775,2.840965394257527,12.73982532940618,21.919217870427918,3.2813962639721255,9.374720969567804
0.008505887666436372,-0.0009255459167864626,0.0058650139359435124,4.0946848492704895,3.5705555246989924,13.568933082948469,20.79122132229698,2.9819504544047697,8.883390895801904
0.016499901388805766,-0.009289557823848047,0.028209167405977113,1.3078599842824623,-6.356734203754031,11.04512368739876,22.859458896874337,3.2495295297755047,9.767516172981882
0.018515860868966196,0.005613280963592784,0.002319039092762036,-9.47434985233594,-0.8959192286638658,-7.887728872740594,21.015884310626134,3.544529028923374,8.888759226380094
0.015743444892404843,0.005819256296347119,-0.029343078328431672,0.31098854778431395,8.06050002121825,-1.286299221300899,18.132435184216423,3.0214295882389175,7.669962418750225
-0.01633782810687788,-0.004076750855354822,-0.018527963696148852,-8.179896721099736,3.200944207054583,11.460881136026956,19.204838576940006,3.0686691697377704,8.149567895735705
0.019732813679310384,-0.016578693797443235,0.01691081714650941,2.9010109931839008,-1.0536942203352222,1.5543515054695867,21.82193505573337,3.3014117862383876,9.279928496173621
-0.003102842313784833,0.016594261612826743,0.01224700759287356,2.4420690352778216,2.2164796425277604,-2.6220657460009207,21.452282309045263,2.6690469387426643,9.09581849265192
-0.000595759275707642,0.002104692525254564,0.014698464415092427,-1.1682620148103169,-2.1822215443027844,11.945193326446304,21.461709841417505,2.374257215342382,9.126262061964312
0.004214402188555778,0.005445926664391188,0.028480690514759578,0.3426006934723418,5.113540012819957,11.094809573015525,22.742064484681123,2.6560612574466225,9.682323560962475
0.0073329504468065305,0.007028545527823379,0.006118938296981485,7.732008090294158,6.191824605605824,-9.339141535412047,21.620342653543833,2.902532597636738,9.021168370810678
0.018249443687574755,-0.006628015298620929,-0.033533605572896405,4.848208125502184,-0.4471801866348457,-8.253736704957184,17.808385612672094,2.916233411324348,7.485947311180858
0.004555682152190477,0.012242823497829621,-0.0003800015465260445,1.8339884267215858,-1.0818747855669244,14.917238748370025,20.442529042195872,3.080319110036712,8.631932324509616
-0.013915577660454552,-0.009800094830237352,0.005162949428668705,-0.754337919610343,5.286866849782523,-1.9835612153516617,21.006561252416102,2.6279193498645412,8.895801242335292
0.010895588154294887,-0.000399519289896455,-0.03155465391380012,6.271495832490334,-6.920326235170567,-13.39667318748517,18.29748705748432,3.0263169948104327,7.69219686333623
0.011910913753663526,-0.002044167371230466,0.0010151378621506696,-8.603148469701107,-3.7733449196426205,4.612047270259669,21.120140070080904,2.783291087371452,8.828735597379545
0.0091401991607988,-0.011953241526607808,0.006504084052466282,4.087762485303749,-4.637766838411787,-4.914796208138956,21.183103950617195,3.0329232436481455,8.941646309036342
-0.003040319327730811,0.01215954396633354,-0.030844247054021293,-9.328561658336518,7.7168633509689,-12.725029188358587,18.767030091206603,2.7890405994302028,7.756242915271199
0.010588251089078838,-0.01253233328473876,0.01111423964752875,6.720009875762557,-9.618737745556977,6.386553524943839,21.861386151479447,2.8020343904942977,9.260879844405025
-0.010137285215877383,0.008021321133382563,-0.03447059549952192,1.1490625114297526,-3.0916555323716004,9.742959230356774,17.73780508231783,3.19665454517078,7.4001940919670455
0.008384460520416609,-0.010597231985567848,-0.024574143857957306,-5.394782500648523,7.607775008591485,12.931599068786063,18.857133872787063,2.96300392879042,7.911083143993548
-0.017604936662953846,0.018310329418519265,-0.004105397274684765,5.836568986195143,-0.18025000526412072,-0.7238949814559152,20.438788256812355,3.7213693548834073,8.613516549491285
0.0195396576120442,-0.01432016782386321,0.027259306807045643,9.887400208042521,2.9579701639326306,6.215503987888681,22.90266867482603,3.1363235023482505,9.765795324810915
-0.008212599105370493,0.018789095668289322,-0.02481659378922312,-8.519122014950632,-5.0378594333900555,10.994119863496717,18.81455570929997,3.7727959342423523,7.9067539554852795
-0.0019504854902475388,-0.01108039276314147,0.011424156032144,-5.049714947857131,-0.3041719779867176,-8.969316612073829,21.366915284302465,2.971613558264609,9.088321304922776
-0.00799250607494867,-0.01212245678821907,0.009410667061924095,-5.541675130558666,9.929174115602528,11.806557940584874,21.96522745842119,3.3097244582353773,9.214025492643131
-0.0011257250984731508,0.012427876755205434,0.0021979640611960866,5.317486803950464,8.929234626710773,4.1541694645702485,20.993525768723377,2.659283272506131,8.893584395409562
0.017293228426938655,-0.01313231723727883,0.022292117564737028,-2.5526443806609915,3.6084440636817146,-3.707617544591619,22.17104589676138,3.2088822880555075,9.459034426424575
-0.01326037702736969,0.01682321468925407,-0.030922285467584,6.656807746773701,-8.563833760297793,14.86855729946263,19.13073988233766,4.093252892432746,7.841094750965792
-0.001978532601451751,0.0014923161883958168,0.02811899685187464,-0.28383228240772773,-7.562530218826877,1.3855940680908532,22.819506603296116,1.897096060771434,9.707329089361656
0.01706140236881615,7.019864524975342e-05,-0.03487274053214193,0.41641536368297594,2.068812192827785,9.414591268984868,17.50926201482058,3.475914321974929,7.345810384046511
0.004358238167162413,0.01735746592722708,-0.02465245341478914,5.000366882135857,7.635385091803343,-8.259281983605256,19.148073404350765,3.2893254548127238,7.952056045829527
0.01338572982806054,0.0059907506450990605,0.03321595368525478,-3.3447678971532113,-7.513113159888613,8.991903201779778,23.50430322793102,3.2879537515488018,9.956995586980685
0.007734788975760652,-0.006794500758331204,0.023471747033269118,-9.13494485313574,8.357912983218167,3.3203133492294903,22.79757786186113,2.2639249864021007,9.67415494128842
0.006150706486651957,0.017052561251199087,0.03176144798305384,6.775795456729352,7.331376838754437,7.8229035015622195,23.497624830428737,3.023868927930874,9.968605872839118
-0.0057813178863105694,-0.0024781528231438386,0.009224432868288543,8.599934424062617,5.187840488888167,-12.233823819592486,21.722565434043798,2.662882249059107,9.127360222750358
0.0042107028353998675,0.004830964907986474,-0.036200760098715284,-9.338273261219499,0.1845329264691582,-7.43515722562455,17.664915991762026,2.5669414312150156,7.455078978633067
0.00737860207868881,0.014503965108058268,0.015512672010303555,-1.190017929115733,-8.21146050665585,14.235131508556627,21.93715184127998,3.2949745341638677,9.346595934518671
-0.014238710131475481,0.0044335115570288235,0.02089181525001166,-0.9665601721579016,1.4432111953675673,-14.523681053680894,22.241131634058465,3.594393975660711,9.382282355338264
-0.010540141677479466,-0.0002720717514297366,0.014033403537622634,-2.93466460441401,8.393436870153892,8.087160723464958,22.031211923380976,2.7385158701073107,9.277133021087783
-0.003769200725699213,-0.007413354076164835,-0.03746880525984083,3.068435618044031,-5.025399597383169,12.686792939415845,17.383788038638077,2.953167840893264,7.338006725356348
-0.0006237873270133511,-0.005621637474000463,-0.029744137494792603,8.554834935818324,-0.5438145280797002,4.766149599558634,18.13042588824306,2.3303574020102826,7.647859628261296
-0.0035960830558929673,-0.0018755021607063764,-0.03602337030166351,9.586873658437948,-5.221661294186182,13.315774875335045,18.196084488048893,2.470358571117472,7.531310888875045
0.007117392432912931,0.012978096315223373,0.01795498620879875,1.3185153694251461,-9.381052849222014,0.34408388748425445,22.174487025760854,2.8344458616142676,9.429542968452619
-0.0012198834851299759,-0.01559500925509811,0.0012455515312878446,-0.7812527379867351,5.968415982484922,-9.237490957259233,20.601606991031883,3.394985091447325,8.748166295545078
-0.005637760580475111,0.0010212678932027507,0.0131823861974553,4.502856680212881,-2.064964905754998,4.88585022940001,21.540078286125958,2.2818125586001146,9.114000333244995
0.011335752296407247,0.016872432552827516,-0.02954797272931544,5.344755797546128,2.2696365369614497,-11.982870451592632,18.670802410586717,3.8581158009047316,7.7227953516742485
0.008955097267089238,-0.01576663654156751,-0.026918572028753012,6.455021697938527,-0.12536266014126696,3.1873116781894204,18.094201235050857,2.96874368074888,7.7220743776335805
0.008389299128791387,0.00907593976958335,0.006384932933402282,8.477710776842702,9.375320889507613,10.365877766801983,21.471119689605775,3.1421885510145953,9.108150672927732
-0.0033434329297054796,0.010697236329881562,0.02553398681510443,8.678216901945483,-4.293023527843278,12.467329017315848,23.297888721038447,3.0322396074508693,9.739241478192685
-0.0013450837411542876,0.00489974936450072,-0.02638843270035498,4.387641737484136,-0.07785708637712041,2.3969545727199453,18.205541368735446,2.1481311061345068,7.68472996999408
-0.004302361264759566,-0.0002464278562298791,0.016793754261410714,-1.4705052243895818,6.835280118326384,9.604581334802045,22.071448292102048,2.4077926785540895,9.312145068375793
-0.0027530317278074146,0.01801955757972196,0.003368717455459247,-9.801165345460722,-8.017860271377184,6.699600396870622,21.355151197551656,3.1699497601840605,8.963507556434518
0.013494798606766525,-0.018146539196367183,-0.01258706225173489,-9.533976311921384,8.624718459001894,11.32212072781735,19.872106669115016,3.38010337007464,8.471683528130093
0.003766662547448632,-0.012828535543036767,0.0022821684436689776,9.603532894755368,2.549379471462835,-8.961955671992671,20.93639397505387,3.1772829684152897,8.852127598643976
-3.6998402466906916e-05,-0.00010160511583717086,-0.02803566949533854,-2.9936374461273445,2.695271616774491,-13.224062473141316,18.16986339746985,2.344525641525323,7.637928673484016
0.007360207467838369,-0.004252491974251007,-0.028958265815982633,3.3154799930410874,5.54216157982742,-1.7184815334077186,18.02597532435278,2.2163666218685876,7.623449509034753
0.00211435951449844,-0.00832447068483805,-0.009703926246267026,2.8776090229802147,-6.938351096580018,10.89444061828788,19.65603103143593,2.8433058194338603,8.377180866187285
0.011878103916561179,-0.017091651111803295,-0.035559847123623235,-8.933939754431524,-9.597702282274646,-12.871556613162143,18.445444604179862,3.7970071678424517,7.728090972283333
0.005443817571388142,0.015616938813336385,-0.010878812007808793,4.7917814891928,-3.675110184715356,-10.722222530477932,19.675723013561324,3.383991689686053,8.349623344798387
-0.006370692277017339,0.01342761480874521,-0.0268656691026461,3.741958019764205,-3.2738922069752867,-5.800160593602113,18.298727626749276,2.8430979438501094,7.722427976452301
-0.004830639532247525,0.0009584892232229261,-0.00725516310933591,4.174926991528018,-0.08977100136490179,7.005856450194077,19.796504855281764,2.34713031886994,8.366947535564929
-0.0070530322686249165,0.0010787328441344418,0.021181275723312992,0.5423957127780916,-1.2719767253870593,11.061107835865304,21.980583124387177,2.6754122279895114,9.332045508411495
0.0045966933534886505,0.0070826221026443655,0.011311213861770524,2.0654493287437568,3.392879840823257,-9.712990116059714,21.415948228938568,2.78687999511097,9.048687041911617
0.013689850701041398,0.01966814393071351,0.0036263074865892503,4.382331643877812,-0.6767549740903593,-3.9665291822881983,21.000727876423795,3.7813019328576307,8.857067335821784
0.004391109973317663,-0.010080454779334063,0.014001078390669643,7.881198772772585,6.024585120652528,0.6149531078616626,21.803753949345214,2.503160385851185,9.258914830696062
0.00040525017051312034,0.014909175975760369,0.019748413759481893,9.933293320296986,-0.584594881692432,-10.931075593038104,22.62785376405434,3.0486557698224654,9.546903113939246
0.013841471338354058,-0.005193641099249101,0.037941479206989,-7.470722592152342,-2.8782724046043295,3.4544905480585335,24.01656172867137,2.803890439746369,10.125692676758506
0.009453721841635943,-0.0019706051769393315,0.03896181154133103,8.286894308077109,-2.433839816860541,1.6617323174587533,23.811334587596914,2.454229449193771,10.132852808539747
-0.01400232816699588,-0.01937394674829147,0.02197580719272587,3.3560799345136783,3.127356068267712,-1.5720765249018118,22.387963903196077,3.4293955101953535,9.493338351166427
0.008761063722943573,0.018694831718064072,-0.016282045280937244,3.1332327919567433,4.8144470634304515,-1.0793973725765884,19.43843299993856,3.306328056093759,8.149931194044783
0.005740549342391588,-0.013825363740794728,-0.002436055430352954,4.033094034606648,-2.8520395856377405,6.817595783427272,20.10913174280833,3.018684588785184,8.573483931590145
0.011841619198761155,-0.0026420728066108533,0.023202395823362483,6.869290991257351,7.571381647729986,-12.761498326575865,22.95196124066483,2.7649377990486608,9.634078556826383
-0.0016584016272400658,-0.016309339361225802,-0.009114732814192221,8.402027826540184,3.60197778757305,-8.550038637996522,19.87102198075754,3.3630207441918163,8.43439117860835
-0.0017014990498902573,-0.007579154690666133,0.021963928185077447,1.46032547610141,-9.06509270295597,-11.875928228595399,22.82301128377381,2.7788868997155958,9.566951698746442
0.019256352918992293,-0.004960864171310329,0.021091381286322868,-0.5561181024885098,-7.48346934751924,0.8018418764606494,22.529344963871896,3.096289657363382,9.535912300925638
-0.001851819279364314,0.002086781949693351,0.004007906181794488,-8.838493646036682,5.466719678733259,-6.303553439956122,21.30203794108297,2.153038783621857,8.926189006300355
-0.015954017205425712,-0.011048507766784907,0.033701424967154135,5.707884454125768,1.7192641907956236,12.680146959088088,23.29121675591749,3.4465302047288344,9.940911938564998
0.014074161054301409,-0.01078697999726557,0.036089138781245665,-3.6090353013566334,-2.351545672415474,-6.499510245103236,23.410610798518203,3.088829522557997,9.983378853147956
0.017031019261649318,0.01007036239189496,0.03009831114457554,-5.91977767704019,-6.794780076707192,9.543731480297048,23.53473733723484,3.693985283358325,9.884828039678151
-0.006619717135149746,0.007275491383953173,-0.029441282803342288,-8.736070318062016,2.9421456693852157,14.465101286627437,18.125643313609356,3.212080885110654,7.724056229639124
0.016769939431650848,0.008366622960746379,-0.037128389392320146,-4.914588322957312,6.532487039224286,11.857886338482537,17.517491384367663,3.762460059391698,7.431735575213621
0.013904167609392021,-0.005807082153200064,-0.0025761159283166774,8.045816412227552,0.7475121108058218,-2.077018850469333,20.391896449755645,2.536647623921965,8.624471469346563
-0.006823919190460121,0.006462708093829855,0.0038976701482220655,-7.308339516885187,-3.3360603919738008,-0.5126892613348044,20.811833032222754,2.426428395996976,8.847340261648618
-0.0038305505316718474,0.015801495361695114,-0.03184908652678088,5.575630848434743,2.272626644621864,-2.8052542020406346,18.10634904222667,2.675969294059263,7.592520431178046
0.00604858642026029,-0.009164238285717942,0.027848427102847455,4.788539727526937,9.091533271908474,9.632697105602642,23.24316505741035,2.7175148011919106,9.792770215959163
-0.01778012227481657,-0.009921547307184668,0.012703331766221862,-4.05623917824812,-0.6119733504763758,-13.922730973859037,21.800329724688012,3.486693356449636,9.183408896064249
-0.011340042578942234,0.008157887108968365,-0.00803194563848484,5.684280167846561,0.8007389394020947,9.812926270800787,20.026615757671753,3.276666006894286,8.418996972944637
-0.017603607869668574,0.01836759899140129,-0.03284928177086134,1.1258295827413285,-8.911202360739466,12.56617949648021,18.551950534757392,4.379861500561379,7.696823285386152
-0.017494474073061782,-0.015023112340141047,0.007979266536594046,5.912498730513882,-3.7706598087078858,-12.938850866637331,21.184651168870108,3.2804356075384447,9.011101808810897
-0.0025763250083620133,0.005244021994111274,0.016931958905180552,4.9978546432031905,-2.442576315651235,-6.741874385562715,21.756712540179013,2.346940035349274,9.273612713270857
0.0157223072740456,-0.017573518940325127,0.0006728461173538119,8.732977990068399,8.087503627764015,-4.605563705861934,20.941093806015754,3.561479165754469,8.848857335640592
-0.014151908199896347,-0.011733729505931505,0.013017897307099888,-2.804382688746994,9.157855569074925,-12.28308605446102,22.007283219733743,3.09745970682943,9.321164158326804
0.010960395731294918,0.008035810252031178,-0.02607423341814105,-4.869561284737866,-6.339993676959437,11.982791789700098,18.849685093580774,3.2965950961359196,7.835570895890011
-0.006773032229572413,0.015048974244190601,0.01410514282245097,0.09093465860235561,-9.46302479138163,6.88361964437431,21.854310734848088,3.2410132388884585,9.295747660439455
-0.00587963617576694,-0.013178900885497597,0.012381640676151842,-6.015310543922356,7.432259853692475,-10.135508247710884,22.040843970723802,3.218062248425997,9.261219064356224
0.017747725287260607,0.0022267260122517916,-0.020914583509954482,-3.892805313635712,0.014948665001220718,3.757764406334328,18.911054945968456,3.30640792634104,7.916676108763781
0.003174157568838279,0.01975214007464714,-0.007982337691110869,0.9624795482898296,0.6588553540611741,-13.288870434181907,19.955537539188736,3.596420342456072,8.380701921122936
0.010922921004385949,-0.00014771240114383466,0.02866132001255365,1.0465937698418966,9.525041287309875,3.0002004060537715,23.0693968284791,2.657810532756346,9.778453093473292
-0.01982340927372666,-0.01729084888199893,0.03553699595018125,-1.3181536549353083,9.138682559506627,-4.137972512822246,23.925265546136423,3.249831762221874,10.14725043973027
0.0022928704603352376,0.0013352187606927683,0.03292865711424931,-8.564718254926877,0.7322182982272469,13.922936488732304,23.465981104822067,2.4945894075160657,9.946918347219754
0.009961978309584906,-0.014236238453188565,-0.03569361586058488,-9.537655005588912,-0.017514525854711138,-0.6689218655122904,17.936885351480576,3.036995635923481,7.545327642223383
0.008171725249177579,0.019463235555579734,-0.032529901435642467,-1.7858627369167461,-2.9303290879501054,4.605044446008108,17.86562938036692,3.051231200186129,7.483147893852454
0.01645873411600995,-0.0031613469070512004,0.027757302922523604,7.579315555037272,0.007422096902427455,1.8698195496305665,22.802886215625854,2.9852219794110253,9.709659673868893
-0.0010387748094736228,-0.01980267927643778,0.00011010660610945994,6.441810682696634,8.331512154698686,2.814275817544079,21.035032148114933,3.4319259725272,8.825908472693335
0.018351202650268367,-0.0107256866235153,0.026598715557061177,6.420350798875763,7.698954180275866,-11.28133154869026,23.1041695108047,3.362046540937,9.74644667611581
-0.007176355236865809,-0.01717670681266372,0.017896899014290292,1.8009151949796216,-1.0598595866701448,11.732582452351828,21.828835861931637,3.7467223345942777,9.255259887090983
-0.012481845208349586,-0.005743334320568829,0.023488128704520946,-3.305733241410252,4.349838630885436,-12.981796942039914,22.69048195275719,3.1283885565207394,9.56662691194584
-0.0062156078117104625,-0.012690803983679465,-0.03558799266437398,9.377199906232324,-8.3823679758056,-7.383536659893418,17.988468086464056,2.9087758708176983,7.569174551964845
-0.007965760999812273,-0.0035117171934553673,-0.009569601259340397,8.613068909871842,4.246416334176962,5.823513838465406,19.773202209934286,2.347368230827683,8.423878365875101
0.011712005969242465,-0.014558904192883814,-0.009169171479375685,-6.692210835338694,-0.7779350453298033,-3.4391697166799577,19.868657584166424,3.2097472503767075,8.420036033532442
-0.017989153806489893,0.0048778480995970985,-0.005008366192826602,8.828238099558263,-6.319521584892072,-8.01237903489606,20.461891794433313,3.673200126263301,8.63640691519213
-0.0055757483656539986,0.008622496321593048,0.01851191180596528,-2.2882704111849517,1.390469161486994,3.343625578547158,21.743106382085536,2.6518709342232034,9.250614127598292
0.017165521467327725,-0.0016402903635655136,-0.003392981184538478,5.0488338572143086,-7.684063200792153,7.202772761856259,20.392086778186904,3.302997676929519,8.684817457698015
-0.012811196032411078,-0.00597479074465769,-0.03191455370824901,-6.643404070724463,-0.30054149386939955,12.184857544841744,17.793676917975333,2.971074493578963,7.596097858904835
-0.01690914002712883,-0.007813453344882811,-0.014014433754619703,8.412483675531412,3.1630612801655467,-8.095396559354905,19.50212795852617,3.177474524073574,8.272540348461076
-0.0014912016857489899,-0.0035256572847290057,0.03678546900410886,2.573306389888108,-4.126873235366537,-12.912023800567649,23.48763643513889,2.5144284157667776,9.9825755531584
0.0184893549548179,-0.018435648020944925,-0.038391083392742484,9.88218249570231,8.330423253593729,-14.174435366217669,18.05539590649973,4.152159566486011,7.527798465489122
0.01160522212018519,0.01545767951377337,-0.005918028676204362,-8.9031390174628,7.243560297650589,10.10682202089011,20.128724968259167,3.396173481546947,8.609657990637801
0.010919489944318756,-0.0008232715416428456,-0.024578056446172454,5.737854381620853,0.2821944049214249,9.157032887772178,18.37072686501196,2.9722619086688007,7.788410498695953
-0.008085839025347359,0.009555453183451367,-0.026317430409291055,8.812495499913016,1.5822301367819094,-7.483632345421517,18.735729555740228,2.9895626756338083,7.841214199062384
-0.011410149258396935,-0.015432786093296492,-0.006767120615522815,-0.4818855172756997,3.8613339967093623,11.023687882078079,20.254947157072444,3.636941638749286,8.47204986986732
-0.00024780382573112714,-0.007034951682180931,0.02480423579823033,4.212331070391899,2.5722754824674823,5.4561091322380335,22.311087160254196,2.480600190074373,9.530922875383057
0.00013014338173944484,-0.003221241926638349,-0.02501360226363434,9.91873570701135,-9.517112606282156,-13.259142019961192,18.96370975105814,2.518827197785996,8.018664139933664
0.011049884362604883,-0.005724520534659083,-0.022707970430776738,4.2342896775724626,9.52715809016917,-2.414520515399376,18.803603928161728,2.4190740851041794,7.95082811234321
0.019492840134202803,0.013695588397556763,0.03777296497734602,-1.7819463187231204,-3.915706964740271,14.599143601480328,23.887276825218933,4.238236316791979,10.076124728896719
-0.015465390386012058,-0.0006217647046697916,0.005872010944786697,7.968249824122687,3.580918398220337,-0.4444162282257835,21.097842942442778,2.9035695416280114,8.968166291236134
-0.006638735649347853,-0.0059907953738123215,-0.028624850227202216,3.852076843111389,0.9653836620670546,1.654005577201417,17.87056048845751,2.345957800614352,7.586797446480849
0.005598934630651389,0.015124155275448244,0.0061207771785872014,6.759073482080943,9.44992047234648,-0.10863041459330347,21.65029470338792,2.848792864319041,9.082557156069045
-0.009163413062336074,0.016463611554447328,-0.009171408975501762,-2.85447108081293,9.805821706594347,-1.3820075278582387,19.93588408801993,3.0987705400239425,8.473312403061435
-0.0026806807393211333,0.008520854594292433,-0.00392858989925067,-7.259180603833954,4.149618485521621,2.1681613029026217,20.302494665134862,2.4146311111745553,8.572032486284524
-0.004178526432812732,0.01990282358485067,-0.031175735794955584,-6.404362543290945,2.6522096288342496,-12.736122062365595,18.31587011576594,3.1199671448340798,7.615219940773234
-0.0004323963098543694,-0.013090542187976291,0.039191232741003286,-6.604374719533466,2.4422713397094142,-2.5608115987094457,23.827925905154256,2.8716943464692024,10.127497641549251
-0.011333266130112114,-0.016977642697116796,-0.008533070075245432,2.1952976140928655,-5.911297775344872,5.31322037350612,19.827000436513025,3.503305438405317,8.37561597253696
0.01982959885957578,0.012916878736711535,0.03644371423017636,-5.170468796727956,-2.554474075274504,-4.008292031421879,23.656948577938653,3.822456381056392,10.01770518135846
-0.005804576917326543,0.004069227138559617,-0.010964338758156531,-4.366499729796107,5.7560448983698365,-4.5201896952748335,19.739764690025076,2.4462949118524113,8.307034187608242
0.013491646977199071,-0.01501862068657681,0.029670087649150433,-8.842985878929017,-0.8943231445153987,6.911739659281732,23.50297198409053,3.039595274429379,9.889989341204183
0.017663341448166243,0.0025727513217848365,-0.030952681722385345,-1.5056926927553587,-8.305909625596497,3.739333511786622,18.20845383675753,3.299185542463014,7.687102724513564
-0.0037679523108168148,0.006005005372035761,-0.03272417712603336,6.584884555861752,-3.897117860963175,12.09086069772858,18.26766860209393,2.783079344839753,7.578449390132525
0.016082166100317822,0.002579841249305225,0.0344716851807003,9.152900602032659,-9.520720490692899,13.45426288986615,24.25362219013418,3.621096126391593,10.177345866867325
0.00599651967402353,0.0032738228980829266,0.020431487374104843,6.856471417516744,-3.529986160126411,4.944111152787752,22.346870163596687,2.4821865324453567,9.452854176060516
-0.006651806014588004,0.001442576541324462,-0.029730659794458443,-2.4440486671387944,-1.321717133549491,-0.1568113106775968,17.72888035269616,2.2370510915757826,7.515171523542202
-0.01645766159620435,0.013653336042055379,0.032495837057821005,-2.603629357695729,-8.638552883169252,1.7161357459780646,23.127021329707606,3.534091809935898,9.93246530927225
0.002434034258536194,-0.004193046060813478,-0.03995599867662129,0.8267259984882855,-7.893726441386342,-0.029400832534237864,17.396111420177217,2.05255595579136,7.283023427621436
-0.0076239784922216055,-0.008381901307325905,0.03629469466014534,-1.635896075438275,-7.268730488142257,11.099359599371613,23.409768582535865,3.026714361943411,10.016801927391638
-0.012706511678035697,0.011118309665797455,-0.019089311996300058,-6.4416440292501616,-7.106428737510968,6.890011832684234,19.0687950055039,3.4181171402001578,8.0800518188624
0.015481379633336092,-0.0003912646082429791,0.03432021083937236,-5.851158410042974,4.005194147770698,-3.001827624454478,23.220053908243376,2.7421569163505217,9.939853651131003
0.013627015757787169,0.010704012811526047,0.007887781217890515,-0.313893423762714,6.882246303234034,-13.604401427555127,21.338590443593915,3.7384005149257753,9.028409161861086
-0.019440928680483863,0.003243243228803011,-0.02326122576843767,5.907375397835191,-2.2399097095543468,-7.460742902314184,18.672561314850416,3.6805752091493686,7.866910952191896
-0.00976208611083242,-0.017763580158978824,0.034806357215365964,-0.09639291714238851,-3.595267793037637,-6.584383945719779,23.38764144783965,3.2309991254439274,9.886567856652944
-0.016678075475739292,0.011069099265111008,0.03127799330687093,5.200752566934931,2.2373414651339036,-12.570603716891034,23.256095520213595,3.8938238429994714,9.853298234486196
0.0005566631913418579,-0.015380190017468182,-0.020559765838593008,4.388729667182712,4.4729317840344365,0.13264593225151877,18.85513940437721,2.933981547437508,7.945165316817163
0.017841009249748716,0.012150227499752603,-0.011815096765090606,2.3711981345041053,-0.823333842499018,-4.719325075853796,19.59561214225811,3.6687577678826204,8.227254039415547
-0.0060081491078826585,0.01748316935010345,-0.021182238225570773,9.761711890170087,-7.8218752902589905,11.986936438299526,20.01095354053351,3.556628197922937,8.21494807424035
0.01162241796040885,0.0036082335610019174,0.02123892165447125,6.671130185903248,5.037192143380533,-2.898601072102595,22.544468486004988,2.67545388145325,9.494472779518807
-0.0038397345951845137,-0.003092414112247987,-0.014242273386582793,-9.60350545018378,4.127519478152621,-1.772409569775487,19.767584503121984,2.031539621128437,8.279568979338478
0.016614900736810833,-0.004632712558663038,0.030147233053794027,2.497051105809035,-0.7591918127107604,-7.94888645659379,22.7988250572347,2.8071945892322643,9.709793236750757
-0.005186846017120312,0.015912456557128956,0.01222308563993512,3.205269539554754,6.039651638122454,3.731015371063563,21.5518071610531,3.0560581729783505,9.17192708811432
0.0009919363356191459,-0.0076458296695953235,0.0037425178322361974,4.573751623231077,8.427249621881543,1.1452395931277621,21.058106009636493,2.305767704331055,8.890734252273441
0.0072957298801552516,-0.0057620602478853575,-0.025670386045409083,4.148758874748763,-9.88281745509915,3.1131666972498557,18.776648527336995,2.2695624361546787,7.8912117087721425
0.019586079746416577,-0.008592389437271088,-0.019217512984239144,-5.752240690434876,9.864361255376913,10.526936115351841,19.321441605017636,3.4695284222117255,8.157836068829518
0.010248604952750005,0.016400848985411106,-0.013884495398143813,4.6005944759568855,-8.916125377952467,9.53683225275876,19.952168680214417,3.389987250510472,8.368621276667541
0.005273072143686764,-0.01732708848244123,-0.03538278672153606,-1.8513544498860597,3.174146508674472,14.53880653090929,17.87343648026689,3.6808757503245215,7.423338951225444
-0.009944244299799844,-0.01800836845075561,0.012979518549338188,9.052781625687714,9.783603083924206,2.1862778159835656,22.321888133438016,3.4608485953510044,9.389813178315958
-0.010651998022317134,0.008855197501019044,-0.00011472229952515928,-6.264547366818478,-3.423687414438441,-13.771259834154264,20.60868547056441,3.354898267742676,8.726851830786089
-0.017207822908821977,-0.007649197098118114,-0.027475146820896176,-6.588737786105458,-8.050660139501488,7.392791197119262,18.43848292285562,2.961302131820423,7.8121702021584865
-0.0006579903806669431,-0.005834052871985639,-0.01591224313927025,4.932080708712078,3.93085520993867,9.31335962859048,19.149835761058004,2.573130856514813,8.11318476161516
-0.0032883582508773067,-0.011183468252883664,-0.013173996099200586,-3.598294483250399,0.40691244129921955,4.278667819318244,19.1891027796054,2.847150690437632,8.161906996867103
-5.4071816058404165e-06,-0.010166272735446489,-0.03114853153805445,-5.586591189700696,-2.885642282571701,-8.296594947053016,17.92869711155799,2.8952877068861507,7.587929215030452
0.008811070811361,0.001973215708364874,0.004842216238065841,2.6969461263504932,4.999649076084889,-13.067930257815386,21.024026345517107,2.9052457094831796,8.860615525016723
-0.017643930051307877,0.01585489446489911,-0.0009598871446153609,-3.093833236090102,-4.585471216622416,-5.018861579686789,20.33902111907875,3.706804221029686,8.661541882852159
-0.01810621847543024,-0.019005807148083385,-0.014484381296961706,5.549781955162876,-3.8613553470530704,3.8751507851990254,19.324124187628254,3.713496523978998,8.19063975141957
0.010261178100325737,0.0012428932944096305,-0.005757830627312777,-3.66610127518169,1.3651709044904052,-0.4693084990655514,19.814326503297977,2.4823903095067856,8.412665666642834
-0.0011697349872837395,0.0073684263767955505,0.020609161273184712,2.0691500410055355,-2.3959161587001887,-7.103578704428658,21.874500839019394,2.3482403723729215,9.352988056554786
0.019298603719067508,0.0194094302127352,0.029897535877134528,-1.0401245151576077,-3.572341839366313,-0.6653113946439131,22.995149445998745,3.976043616523703,9.751864372306256
0.00761700421686581,0.013437611215398815,0.01095929671952628,8.771497488935996,2.0602564669708627,-0.27306328094206656,21.762186108978774,2.8877039347134055,9.178878464826228
-0.008739114058735065,0.014465538159716431,0.01724601205304653,-0.2908153433109977,-6.6474925497154675,-10.282134098136819,21.82911253136221,3.217265951092616,9.333490591723058
-0.016076526898881956,-0.002193543380344762,-0.038796665383847344,9.942108370309757,1.0194138103501338,3.92828125694394,17.60693933535543,2.7315097721602775,7.393677534513018
0.010713920186487497,-0.006163954956198304,-0.03566692331733494,0.5719726130386178,3.506000853296289,7.863587471725243,17.457557874632204,2.7316739507782515,7.329801228926835
0.0044410314410975316,-0.0012246948907018614,0.018842390549231487,-6.9748995308460575,-2.5939907362676706,11.454546195010586,22.367632222263342,2.513660418765297,9.409761126308716
0.012373027247216412,-0.007510499322653987,-0.014028460851934384,8.010596329685558,-8.250581562613238,-0.23772515322799492,19.7413863349489,2.5385144232002754,8.34483255163076
-0.006108691529956727,-0.002895791024440861,0.010462764540813928,-5.961648459345512,-8.370923196738607,3.080207332757091,21.542476716183508,2.2074154463921407,9.13751928078327
0.0172045325685871,-0.0015645124900954856,0.008276893859652239,-9.764869984174535,-1.8393751406051315,7.644238113801684,21.91943336385376,3.3538019909600485,9.140174388266097
0.012143276224708097,0.009145826338050767,0.026512380845673,-2.597957456281323,5.50720156626852,6.486613703421035,22.492621236792612,3.1507116089278093,9.629663307255926
-0.0012271215648609786,-0.002245267594959525,0.029949095063786922,-0.9391118904203068,-0.0021473640871594313,10.231349150460794,22.563211653903675,2.3520335695490577,9.636803047863802
-0.007320700984502233,0.011836238206252642,-0.0192590075258388,-5.56385012795703,5.345263867851255,-9.01498565079157,19.275862655937658,2.9577846592090817,8.04226021347358
-0.014874837027220901,0.0014872734258833606,0.02619317849935563,4.790112206927674,-6.811082801837262,-1.9469746179924527,22.802933342456765,2.9947678955651775,9.666266027968193
-0.018070606680533417,-0.003309417622081874,-0.017956226717687578,8.096188935292304,1.665163205819626,8.08731360311581,19.22952852454339,2.97871973974439,8.120926961693428
0.0035001970662655486,-0.016197763194653093,-0.002541690411663404,9.498896835248292,-5.3800958263142995,5.03712813092033,20.527780669702835,3.146653648212606,8.713610488791378
-0.012873582677825613,-0.018322038613651736,0.023539971129143543,7.075366227121464,-9.739061713641258,-2.4639099518178877,22.902011593269368,3.239863928051566,9.677142317589585
-0.012511417059005372,0.005274172884476305,-0.026964610119479416,7.782517474423301,1.8100576030446192,4.762534626325188,18.4659237869313,2.9594452560547344,7.777149580023093
0.019030977507905267,-0.008807698211955586,-0.024282888987925223,2.1137145829719124,-2.041857177238624,2.2442760570776095,18.407085400141874,3.055082662250828,7.794949993994597
-0.016014017761234775,-0.01900802537829143,0.031663663944733834,-4.01236491928451,0.353338385717608,-9.930066071555796,23.300386196077085,3.438011557513875,9.86754432174732
0.012344029216731427,-0.0066876598463386245,-0.02469818198339547,-2.799176866799929,2.337843928459753,2.116057248336123,18.252048697403833,2.5730119701387277,7.741520035443883
-0.018404308439358422,0.01852618036072475,-0.00809910234981065,-6.956602087000339,-1.4708184923945922,6.518714279728901,19.967370924057246,4.183913177496132,8.45307512230678
-5.2475581953741884e-05,0.009464776879355808,-0.006023210459659263,1.6049946397340058,4.204406372805007,1.9960601416217862,19.806030816135596,2.312211151288733,8.425214149657064
-0.01721929926751984,0.01256750409644707,0.016865008352576732,9.202492442410652,-1.3989743474391165,-1.1179553789737753,22.26064866437915,3.4731171777761176,9.408884053506457
-0.018406692988285032,0.014925028985539938,0.0154832106042457,-7.382051374159298,-4.089055875072227,13.492518073684224,21.880929371155116,4.318938663316715,9.347943676724908
-0.010262388454039865,-0.001713203348339104,-0.017293705308472705,3.5821948281974603,-4.5259438785601365,-12.065620086527492,18.977377366701337,3.0287836696685693,8.054478641902074
-0.012226029642265504,-0.009970033685370541,0.02715666285055452,3.3827879253371247,-6.550277682876184,6.391265018096927,22.712601132063675,2.9786533134224404,9.674580196372018
0.011160470060425594,-0.0011961726711412178,-0.0221498430733823,-2.439556774379021,8.823125183470694,-7.698145307871007,18.668234176451623,2.622009077635605,7.943730384550244
0.011327185698998671,0.002126299020384189,0.034657705502017834,8.868399613650759,9.76454158170952,6.573506746785924,23.855774515884562,2.98385296854529,10.108283209773496
-0.0015116513939136926,0.0069488409155776636,-0.0201772848207792,-3.366488981344677,7.265630338589062,-9.775550304329226,19.0010034559012,2.434878910717469,8.004945017829835
0.01410802661027288,0.0008163422052550433,0.03979509297865807,-0.2856543452349811,-7.971957107723398,-1.5974310048186489,24.036924803263812,2.7258377823950184,10.18159171257098
-0.005768021880153511,0.006977468254482883,-0.012068329111212198,1.2077328586428813,0.5729834946555101,3.3643219422163853,19.232100611376104,2.577864128322119,8.139551309786677
0.014108709659777754,0.011134779374524385,0.0019525689504301252,-5.332640459372993,2.327089990076498,8.332463321119,20.764640327404777,3.439264701816814,8.761110289513143
0.0179095225473614,-0.0008208315545522073,0.009495235742146627,2.853854613243765,-5.144676280130578,12.205302183689103,21.19012430118223,3.630195293615991,9.07279389057239
0.0018308949742186637,-0.017156483476994788,-0.011629738257865441,3.577528598693556,-7.8833334815318885,13.599451774589205,19.66084414567812,3.7257310880556886,8.370895073141137
0.01749581837262106,0.017965154396216907,0.01836808667503946,6.012063140838265,-6.304895942898085,-8.239608797779917,22.242935918790078,4.117860828517239,9.494008074610374
0.0026760711028395757,-0.007191611051104881,-0.03483421234470992,6.469084303871554,9.58424777001558,1.0656140098191926,17.978851071273546,2.2322439134660277,7.556117527108927
0.005715194973371668,-0.002836245062018284,-0.03621904999583836,-0.5301049602997399,-0.24056979499597553,14.770486018109814,17.35902574617499,2.7608905187392843,7.288524506330458
-0.003382631981495899,-0.012170238437726666,-0.02179460277537511,9.24408467571752,0.4495650774717941,-7.9517582472172545,18.782649698390074,2.9548828609329556,7.964403792121629
0.01990561535546249,-0.019007323244538188,-0.018840948047839045,6.715801829478572,-3.193466926646402,1.9689605054823893,19.170860168047906,3.5186330284560943,8.118356209965789
-0.015991765570906605,-0.012096677593218006,0.01158079413994132,-4.187650480923835,-4.417995849503082,-2.4292477919326956,21.387792192679104,2.8227756588471493,9.116042146314085
-0.009450312120354592,-0.013067514752916317,0.012408845668763116,-1.5690292900799108,-3.4544591372338695,-2.9183407959305345,21.425633020286917,2.767360514540666,9.07305066677117
0.01273846633351267,-0.00958435206073633,0.026132963663735194,-4.20312465586433,-1.8677969319327392,14.32759186990523,22.91832949843319,3.1179023641633736,9.657933244830382
-0.006092570839427949,0.014816200105684591,0.032880238315345804,-4.290979722816315,-7.967715554178776,7.748309918286559,23.30036538154107,3.23512618064219,9.939002087725477
0.011279013252233513,-0.017835725990083828,0.006388199984208753,-3.1581847498597515,5.605252520252975,4.313685262476174,21.171291924445285,3.1289005284286255,8.93830441330215
-0.010510566048270996,-0.015244333774417286,-0.03871393332885807,6.2479639588377225,7.076995358273848,-0.7851534727309133,17.730186021156694,3.093587608022432,7.421601029860497
0.012622229936914458,-0.0019509687125695493,0.02314424684143613,1.3214651223250975,-1.96421883158402,-13.647054866834845,22.30013722602142,2.9990379166942134,9.467796784385943
-0.007810111085508496,0.014378211764304153,0.005987883960010008,2.8076712012614067,-1.545914759877352,-4.700079519470368,20.889353786660145,2.9034028441079345,8.861864659735955
0.01583153244584094,0.011952036420676323,-0.004913209047064278,-0.9792224131228053,5.974274266671582,-5.747421420569921,20.14050200359477,3.581946758072428,8.525082960338302
-0.00914746432310198,0.019377423628673975,-0.008390924916689572,-7.721778011818701,7.461210689150615,6.736102246474925,20.121558436879734,3.634591477848202,8.49888511655756
-0.0021363392440766,-0.018373684460086394,-0.011295354852638911,8.409410723865854,9.871656565343827,4.748816768772436,20.303029958035914,3.4356301835086045,8.489979136929882
-0.0038333373113533936,0.002763398398110975,-0.001741864770893782,9.990655275118222,-4.949597568097552,-1.309727348923273,20.754049396190346,2.1618445366024828,8.731929721341638
-0.006160451986423468,-0.011667594106280434,-0.00748407308756225,0.2709605762924987,-5.305428401814767,-13.280521761926996,20.118101640346136,3.114958523776624,8.419721993176635
0.008899277004499512,0.0025104382737071752,-0.03612915269696043,-4.360351089739982,-2.2508818942904956,-6.418823834953658,17.433724778155074,2.696696837903342,7.357769853739706
-0.009499366626050732,0.014479034088895271,-0.008453370257815465,-5.065718784394253,1.6786699103964935,-7.755156815497366,19.993220302746806,3.1333234544975723,8.368901239724707
-0.011718851640588137,-0.019084556485075448,0.03132586278347662,2.7784164534305145,0.25762481715534236,-4.738784526794467,22.854542895856493,3.2368478684554463,9.755550166035118
0.005543809268988554,0.014581176546829288,0.019595119005643084,-9.754743494363474,-6.94781094395392,3.85408999127862,22.701094382507584,2.6299700055076203,9.524572509740217
0.0044210528107841325,-0.006421659577267435,0.020571454089532787,-8.016587865172454,-3.2081362172414156,6.757497450934139,22.566353059507176,2.4899434066444646,9.498045135390841
-0.008626627028841293,-0.002524682276915685,-0.007560901485911951,-6.478474727582091,-3.646482031755667,12.227782417308482,20.004012394423125,2.644653822808603,8.455871188691374
0.0039413759437499606,-0.019598783560441247,-0.013398813941924024,6.320760562887347,-1.0587156261987207,-10.02835380967944,19.456989572991283,3.809894864088072,8.242694501484873
-0.009567556882028856,-0.01241295637425006,0.027115342605875108,-3.309245098580746,-9.707117337503913,-1.2716037538178497,23.02860042207098,2.8150254485713506,9.74680162630646
-0.01984723534588464,-0.016143992916142196,0.027062106488720074,-4.216647087402827,3.4462283023253484,1.3101277808988918,22.92170795347929,3.3769999593968945,9.741125606021788
0.013986977045780526,0.006931345260378894,0.013509054340837122,6.546200333174056,7.367846192214284,-11.653968524067619,22.296710696486407,3.404034484481839,9.302269780448636
0.006855009293620987,0.00952414910544186,-0.022983119794475825,6.395467159503831,-0.6546903598495994,-10.846768985619448,18.878877185747147,3.132181171911344,7.904963966977984
0.0027886317984567553,0.011174658071572606,0.015013632066689458,8.529322103020991,9.880768063206325,7.210365723064161,22.301702642442816,2.586462829210984,9.430554441167542
0.01723169545749108,-0.015162338587779375,0.028940803298156202,9.610050528611211,-5.344058454220065,-4.922723646050716,23.227948842434667,3.4735297178839466,9.89746596027373
0.018976543129904554,-0.015157261967857282,9.500804117471007e-05,-5.624857339400647,3.68939042768619,-6.924729029626164,20.4165312906494,3.54818271352329,8.752654803912547
0.015175387721800281,0.005012745135154779,0.025570752824148814,1.569695198579943,0.5382191915114714,-7.426220895517332,22.49742595947692,3.225384771386056,9.513500630754061
0.0023649619854681433,-0.007529721455939558,0.022705876481484456,-0.9066040631184631,1.4908962882201209,-14.451117052915437,22.05974824744241,3.0159494676034098,9.410728774861003
0.005324330008731549,0.004088349804512271,-0.026793362745447587,-1.69529709554614,6.937989591595567,6.162815658826521,18.305701354165127,2.4658302154287797,7.724548277330914
-0.01778230205764767,-0.018588815415930448,-0.03996987869268694,2.391789849194108,-7.73391700200402,10.672117219786362,17.343801778882572,4.00280345777463,7.316407085468213
0.015803482390873754,-0.0031816890286644056,0.010373196935198926,-7.088626502507978,-2.3366815202399938,11.584632210322852,21.924511554881708,3.386289309176768,9.160219279068476
0.00048516433964409383,-0.010091331927508915,0.008357328108310781,-4.157947146846272,0.2892780877048988,14.873552104603391,21.10253431743019,3.202218228512108,8.974498902309092
0.01886203313546465,-0.00919638517488242,0.032249389107919864,-9.327760903946485,0.9821269364360177,-9.657621135746743,23.397424079660947,3.1880236709357135,9.982936710647596
0.004489438340323327,-0.011680846393385838,0.02072388317712022,-1.977597506386175,5.25749058114018,13.922011354470992,22.41178930902264,3.1736859742667303,9.445140772454613
-0.0060876049997627,0.009827654053233496,0.029403771347114353,3.420245527622484,-2.1379306458937153,-0.32467142114248837,22.840907461490627,2.5671995638386083,9.695488773110204
-0.015035592469325905,7.971698843854333e-05,-0.022864935846205227,5.480491440534092,2.780527412568933,-10.33348790047831,18.641908411616157,3.3629967792895563,7.889498991635256
0.0008393220490500175,0.00603629299534136,0.039200794385007724,-4.590015807885354,-1.0265180483756247,-11.234704646491597,23.537776842294136,2.583418174077583,10.05416173322849
-0.009776063067083656,0.009792674156822917,-0.037404967760505226,-1.251323478469219,2.3656638837570263,-13.2897587641196,17.534462227813197,3.3359071768402413,7.304389922444639
-0.01980872908832064,0.0006302528279139713,-0.03206991370308035,-2.4699441602588434,-8.591405664538277,0.9674218120379514,17.888888803693792,3.212763505685476,7.592642586375215
-0.017804440334217256,-0.017622048143688895,-0.023468889667251247,-8.15130524891709,8.17475319745839,3.122915772563559,19.289907788871307,3.5093290726699524,8.120874973426968
-0.015806634606728487,0.006060534995082887,0.039879193843307646,8.31485087691292,3.858669004074759,2.498769126399303,23.998207624493535,3.092094828599988,10.213176327219877
0.010457357198476475,0.0180178585142567,-0.009002078754027813,2.526379823715402,-4.159793154980182,2.1551064787641963,19.7917305285134,3.21973684419251,8.387397078224064
0.016665805174359474,0.011917824042734646,-0.0016023563330065035,1.22382393035927,-4.965545583682287,-13.227842183597701,20.443466718971028,4.010530550117731,8.670166931022278
-0.007559172542727106,-0.008727357664093174,0.008608440414329975,-5.717400966185209,1.2586414884808566,0.6838893438674347,21.211439301257585,2.548230276721522,8.997831192277836
0.007712223584023802,0.0032848190882929264,-0.0044534506722867725,9.92490812117634,-1.7538833128208147,-8.527652202523278,20.402618294691006,2.72705751703003,8.62902973821045
-0.008521665872454101,0.019793288216363916,-0.03895391876947346,9.091699601585095,-6.455378518228557,6.395445370630888,18.343475977962033,3.5893854938086696,7.536945035727081
-0.0031256516774831357,0.01707705067268057,-0.037860432707167435,4.465746900883952,7.413445646628897,7.915804913686404,17.57848744703411,3.200374756232202,7.449810954030742
0.005245540459129859,0.0027516799474452333,0.03374855741082652,-8.068650478559789,-6.651220683255765,4.7212395315391475,23.738134622918203,2.370730222172354,9.99700419553856
-0.005245500047160614,-0.017665963548244946,0.007327771857885058,3.1595207908727403,-6.8114232590309465,8.398747218377608,21.17382932628221,3.6069494001978595,8.988070441375049
0.008296080388862676,-0.017376098825217345,-0.020425996790284826,8.70698197370136,-1.4723751947896915,1.5061408185708132,18.741593299068644,3.1718634470620146,8.018050148054773
-0.016052868485537695,-0.004328577011782495,-0.017632679505441295,9.54988639728878,5.036464558860729,8.093472139650522,19.231093789956564,2.8387582262031166,8.208569466262402
0.00865872891747951,-0.014327083157793994,0.008372352725458436,-2.5215802012260013,7.983663205268513,7.689201003820525,21.52958385231148,2.9960171730634135,9.04744922919223
0.010008223620142226,-0.0017391146312620426,0.0029524152564737796,-6.781833852240748,8.902799424023524,5.394394609842902,20.89460409302955,2.6104817987695075,8.895566848738387
0.004473757261476065,-0.013149581137959467,0.026046490518916436,3.6418683822082407,-8.539225116233997,7.083840844576301,22.883901906483633,3.005484182516068,9.711803124253441
-0.005130336669235555,-0.00926413354422877,0.001979054436590716,-9.549170985732802,6.039490040246282,4.204052586136097,21.10660970822939,2.688507526786898,8.902379395024324
-0.004042953721705541,0.012935330062810457,-0.03484523267565638,4.186415006208122,6.472487479582046,-3.2585065489929814,17.897186495572495,2.534474125785138,7.506066507523964
-0.0041788451856985265,-0.0007075358415421923,-0.018391222175715222,5.266990042925029,-0.10898960113579648,6.103230627317927,18.923609526431864,2.174067883610578,7.986782586932435
0.01527096429813898,-0.005334630625968067,0.021275578022126485,-2.0995009248160112,0.7354825788840991,11.734673754414139,22.22019078956315,3.2905174192267337,9.40355582834605
0.005172641427111241,0.0043122804233556265,-0.027682482003724963,7.749752437943968,7.8068667722184735,5.083380414716569,18.548980101236804,2.4929124475428606,7.809474208696658
0.019556705576008356,0.009313602857110248,-0.0032992569624902338,3.4478324682977615,-8.150271600108777,-0.3758243691824923,20.505181106548523,3.4504438210949964,8.695510352426252
0.015915175947920666,-0.014531986556311417,0.0001251211777720529,-1.5577625914793014,-5.931986578885866,12.209984644147251,20.793601004974033,3.2448075051347454,8.792310289299957
0.012391759030068391,-0.018998681825376954,-0.0013386592194761723,-7.102947636528674,-0.2711411141312112,-1.2768966927910856,20.60440989407399,3.471083006588249,8.729537318083295
0.01668708831317402,0.012015163515862706,0.008180352018789472,0.24437501585470756,-9.001004946602505,-3.557308901298681,21.52933564436302,3.5678497688334074,9.095202274739309
-0.011935910263590581,-0.0019632870348802317,-0.036780205361675256,1.6973594306636297,0.7571012464358002,3.4005814738275078,17.232385695761117,2.4793743265412345,7.26964179472008
-0.006831098794466927,0.007437016301476751,0.03120565752692129,7.971227197923561,-3.7793488332876324,11.799794178764913,23.609774547527042,3.0228322868017976,9.901878359747672
-0.019124417792356022,-0.0008262535176566284,0.009761253166054376,-0.932458708416755,4.769372784987802,8.288157617293955,21.464046423144577,3.2423033550253515,9.067802659695147
0.004458055251317684,0.011348228790954196,0.014495976766262499,5.389904244664335,-1.8027812280148652,0.596891183161528,21.706749286736212,2.555885600424259,9.209247159689394
0.005117070061708161,-0.01733694935314353,0.022600738493960458,-8.274435593495841,4.444901806287145,4.569637109533204,22.55525649932087,3.178106076613171,9.608289970868807
0.019498592141641218,-0.004073481007350468,0.010666413745298114,4.1200339919340205,6.694595640741877,14.746626340883115,21.48535102503528,3.835303803762015,9.134952053926902
0.018367424707239833,0.010764681447862579,-0.030530694133923442,7.233875081505076,7.457893083929214,13.754647194337814,18.314813231667667,4.1842528472051965,7.765726397962552
0.011331889595091914,0.015566169906865188,-0.002782095819329637,6.464411643465315,1.6663208204889486,-4.533887613327206,20.641806996766746,3.4302244955881847,8.653523016336381
-0.005110310817431279,0.01553830963181593,-0.01083015526054365,-0.40967351920514083,3.8376721363575133,13.02334614331388,19.38411514030093,3.474010946455672,8.272857255807665
-0.010576166597678124,0.00026008294119923836,-0.020658633471346964,7.756471568716563,-6.722962474653995,-12.112398528901158,18.935392080063387,3.149412350866053,8.053797389245949
-0.014921755798956857,0.013744176952001707,-0.03417067854905412,-8.226095528823425,4.139833352244612,-8.387898194027038,18.41070856040515,3.5638108429096267,7.580758870719557
-0.00833274465604715,-0.001081793569188142,0.030402353874421827,-3.1196624495474428,-8.12798260899896,-1.521813617666476,23.0683193577638,2.3318989025866053,9.812630621332831
-0.00527372754632803,0.014221646878506324,0.0021897822242940707,-6.5832286011721735,-4.697815277538025,-3.520329833739094,20.673069523379954,2.626147898364873,8.788223814541963
-0.016784421791535022,-0.017660869009637797,-0.012444551552384785,-1.8372906351911116,3.4275698125511376,0.22330988909111582,19.641391381051914,3.4080412668113564,8.291015299742547
-0.018320041530437755,0.00375706444282577,0.00406572820343902,0.17249992053100804,1.6076235372729286,5.9604983003188465,20.62834276103939,3.3057545621985294,8.766763339283665
-0.01749169481494263,-0.001884723356337964,0.024357989897922115,5.454781774981237,3.607732405837641,-14.187444763943978,22.592976985714188,3.6736724504078997,9.61153762888059
-0.011773124825177308,0.014993262209823794,0.01625526432315824,-9.64659064676739,2.59302943629541,1.0380650916793392,22.250456817956962,3.2906672678785536,9.362481763889567
-0.002305730997165023,0.018052426681246545,0.02176498053253706,-9.314772895986028,-0.6640373610806432,-6.222310364623096,22.488112634314376,2.807669004682601,9.533334673390554
-0.0017484512441186088,-0.0004028156054820091,-0.024777572364395727,-8.799389143844575,1.8215431449838366,1.2300234360457694,18.61082746873958,1.835469514160691,7.8509018698207615
0.006463504361491405,-0.006153059733788484,-0.025684688766667386,-3.146884372114065,9.048436048758855,-7.0324185579911145,18.47140494730635,2.664696781689549,7.828680037084047
-0.008208766407289358,-0.016504619075445124,0.024733234218588578,-7.758983973625115,0.4311732677174689,9.875420990823606,22.568607844226086,3.606066988972649,9.663533111470976
-0.009849927487001064,0.007121835660879178,-0.02932651091180132,6.897349679932802,-5.458622264817869,2.763536423813836,18.505275661168394,2.7703082332194526,7.703613718729556
-0.007895899535396272,0.012829332433997188,-0.03780307171400302,0.19824142388596044,3.1355411511726956,8.345179490153708,17.22884738093507,3.280845382704627,7.2826001304903665
-0.013063178544134604,-0.01256224005173152,-0.003552499843014055,5.2988069005384535,-2.208993690954726,-11.849268565020221,20.077778616963005,3.0016704888751575,8.55348030166352
-0.0065640688150329085,-0.0081934596759764,-0.01850081068005373,3.840394649049623,1.0337680712098525,8.525678341949735,18.792344501669827,2.8449928083365434,7.969597315368098
-0.007127237790183857,0.00024143268571690316,0.016150885274399965,-8.98255268490188,3.1614257631924616,7.3041150231628045,22.030281756302934,2.479559426828164,9.34870549601054
-0.007954279713451503,-0.01815807168909931,-0.03643584630353414,9.378095527756358,-3.49052855364532,-0.22915562361308162,17.612132411926954,3.277471277143092,7.461871872450743
-0.018952174906689784,-0.015667991239582554,-0.004420035117739127,0.04443488929605266,-4.5695427452830595,-3.037692187776985,20.159948400449952,3.128432225147193,8.494916397613311
-0.01855693933958965,0.008536476957390127,-0.005523909660758976,-2.27287756184793,-5.506873880463257,10.544774931875939,20.04370278096172,3.7932504964600064,8.5104453191705
-0.017476590513157517,-0.0074079000292515094,0.03415497905680449,2.7799381093423747,-7.839908331388936,-9.192083021795309,23.51232826421512,3.2970245771219755,9.964612646103548
0.015052445305486935,-0.011371428538482702,0.024283464831340522,-7.464848461719898,-5.240846503394614,6.257531337579863,23.122900029421885,2.906074302252157,9.70233666512605
0.00449885274780187,0.000858600864760084,0.02263097347928795,-7.886908650358421,-7.027689899740064,3.4683231737234905,22.790299176608578,2.2145718940942727,9.597211014813865
0.012188088533034078,-0.015610592491469446,-0.025424703754560143,1.5930680626341704,8.979445587666937,6.789751683452405,18.8896261407458,2.995206371901422,7.84976309993462
0.018822754146945533,0.011744008423493827,0.008780830431746593,-6.16053787910392,3.010605422025117,4.051588294920464,21.375928207879415,3.6317217152795798,9.040836666034634
-0.017551758184297054,-0.0073641189931420836,-0.039797784090182566,-8.627936191991717,6.667499336723964,-6.611442040411486,18.180499619404102,3.233161185706483,7.491986380175303
0.010627186629424346,-0.0006930785106211181,0.00885845316124774,0.28175305340511514,9.402672500567949,-6.618406215913097,21.281838932052093,2.5445596411441986,9.064544039146572
-0.0003045764521581243,-0.004974886213569531,0.027786762141507944,3.3534156921379896,-2.4662731431157585,-10.83969854327718,22.59061185004857,2.5575138001543003,9.633434824625036
-0.012177702632233474,0.017832372682537786,-0.012162048636712629,-6.751854440801668,8.695086880531289,-10.27878649149314,20.194050695618756,3.5328945674173067,8.416594418436905
-0.00041433520374299995,-0.01839591424206462,-0.03671482062071494,-1.364369133997572,7.514533951674153,8.561215312464139,18.063574951114614,3.5435306767084325,7.457705650341883
0.013849607103650009,-0.00267941738501638,-0.025039696883058626,7.635009815563411,4.361571002515511,0.35351968430305547,18.675925321857754,2.7471228579228075,7.827984726581868
-0.015377542999945534,0.005205931430189249,-0.03753393682500612,-8.415367893244953,3.036706014333518,7.210408594692346,17.735399075717353,3.3167073888736156,7.437753670806204
0.004803697599866125,0.0024256011510778684,0.03975527988988096,2.0728858615208967,7.430815087675697,6.9319890435692315,23.86192130524452,2.4292560476302505,10.1406468975438
0.017719257186374227,0.007408577568847264,-0.0005543091291403124,-4.215427984229903,8.48685506142997,-13.359668628298103,20.52651103421382,3.8166694865211745,8.777597829497699
0.013857522026174632,0.015311628636930131,-0.012407528104470246,-7.121066948161438,8.281614925926888,13.153282358898402,19.550268239023936,3.738549833436227,8.383859852674673
-0.00790774909946403,-0.01552969677797435,-0.0025285253889127807,-9.35636358985928,4.307791133442011,-11.894986429070675,21.137142611950495,3.472922037841967,8.792408396467563
0.005118477413978157,-0.0006990817013005704,0.031599916582737565,5.319414958672965,5.010135250656742,1.3514457993011604,23.115531634665643,2.1291865444640354,9.826789626040421
0.00137489664078623,0.012203143086634883,0.01907110225602031,-2.857472925942643,-3.170793471297964,-6.00165154828295,21.823844662855187,2.714750209481102,9.309228166069406
0.001199641071951238,-0.01051468978534051,0.014377829691007663,-2.8384560122665476,6.886424229446742,-4.333602757940023,21.709493653969375,2.7873882599492994,9.225845943640126
-0.0188641989318505,-0.017838751003305883,-0.017796796900007194,-0.7186520526376583,1.083839127525554,-10.191184112941052,19.138373590998604,3.3302965503083026,8.072457716653693
-0.0019617752081237255,-0.007549619474046558,-0.0038933878852538684,0.8801454620244531,8.527921309878174,11.731734855787643,20.694261441008273,2.8466093829623325,8.631947562086669
-0.007001709736553332,-0.00868499021044982,-0.028378480052210567,5.5128467669824275,8.604330661554414,6.552652744665053,18.69654442023906,2.810063203057065,7.797938183893368
-0.01632479708554903,0.0012972652100525367,0.027369710287949676,6.487655528472384,-5.403343433797872,10.254206045450765,23.206908880628365,3.165419254762948,9.739785613631394
-0.008607879520577462,0.015567430866678503,0.033420513750921636,4.611630756560793,4.977959996336832,3.864522373046178,23.33595514729563,3.2467087816425333,9.938038603424124
-0.00417650588049406,0.002465539591478348,-0.002209873748656055,5.484298986218617,3.6873103374486007,5.956504496935839,20.200354305039454,2.3676315975108384,8.610782661627427
-0.013893694285047841,0.003040113560593735,0.035002910976748285,2.852939325467405,-2.3643493865022602,-2.0001936555118434,23.240869487760886,2.9458334045868444,9.874806879209547
0.0103251115805411,-0.00896964482758396,-0.035959737971533255,-7.831635519024056,2.901850630476746,14.62781521391345,17.90206308062272,2.9588590835128907,7.5201140141469365
0.0034798922383789087,-0.014078171538177964,-0.03791735477220649,-9.856242435319809,3.1637997249163003,-4.704537876765475,17.805582720094684,3.155281915018392,7.470295865884271
-0.018103686790028783,-0.011028621858914778,0.008307016284436877,-9.747920813604773,-9.310181929065797,-13.265968064649101,21.5082915283576,3.402208322722332,9.228769610335764
-0.005707301352158134,-0.0002201335065123329,-0.00271279878432365,-5.47154857795584,6.653521462073616,5.094698367444977,20.35231346988743,2.281736843053373,8.63953772774587
0.00034548012338139755,-0.009571801705332339,0.019227761526849164,-5.505420948895474,2.2249233184764066,-7.191410640624621,22.11711357592806,2.8179688323856804,9.378326350626956
0.01331212146124892,0.0028345255152051746,-0.011326404526004977,5.532344262474107,3.237123384346546,4.145497049061625,19.615274693281815,3.0223231782185707,8.27445017834941
-0.005503653144443517,0.01749044303022015,0.018256754593121816,-0.9567979389089736,8.193428568062792,-4.506986811340662,21.98853286402935,2.773272762976687,9.414011686799878
-0.005167566870614447,-0.007309594191572075,0.031929704656797585,-4.305521196324705,-1.37318042104768,-4.076609895737507,22.905688943530063,2.367155527753269,9.791178884830014
0.01201897779418568,0.011328519151457942,-0.014201144759116824,-8.569677030838452,1.313326070352547,-12.871627892151682,19.432041086350125,3.6892473941722708,8.260226205319917
-0.0007897608048740151,-0.011737496380566887,0.0008415177871065882,3.24550272570562,-6.368424194417422,-4.354550090069775,20.760926992706654,2.795547639211185,8.735551385145826
0.019192678817080606,-0.007566076809900615,0.03649297919803788,9.79043380078043,2.79646379732646,-7.3472035925646235,23.90896429467252,2.927893391760021,10.09979387028436
0.015376679001951502,-0.007321524945212219,0.03586638139832598,-5.357453862717918,4.7890282099724875,-1.4942165768757754,23.351772441846,2.6135774090367003,10.000769499145731
-0.010355147484039366,0.012313434212638443,-0.004583499711930929,4.349771466360753,-4.438907114126973,10.895019609061464,20.5511387597606,3.4845126967337636,8.575313832868757
0.010396841042297357,0.010510706525162769,0.004362967274259513,-1.7986056171904856,-3.6913203389840588,-13.471816679375582,20.74712067331744,3.55457854486307,8.818727999465693
0.010427918993860256,0.018627214474995473,-0.017180760989130787,-4.507726309517173,-3.0187422570821276,-6.325778729179909,19.119506420944234,3.6583336597973877,8.054747814513915
0.010664084705427568,-0.011840394575978123,0.03856288012789517,6.24983337444521,-0.24541813250456457,-2.14036817742387,23.53828385667505,2.9090178997627554,10.065505016196227
-0.007013807095491806,0.013440888317451941,-0.0382213083438351,-7.71497718443899,-6.944849702045326,-4.899456421515007,17.476228830402754,2.742175133435691,7.393545010798532
0.005113362930018895,0.01567034359508936,0.01822943623949482,8.605343294944522,-0.7260573029446711,-5.547697552562967,22.3108716407949,3.1137033182497182,9.44692161913131
0.008987983808735077,0.00889824244809147,0.003712175679675446,7.257169438860213,-4.668100189123079,10.986548558829512,21.282738681546796,3.170233795997482,8.92190241605083
0.0171466535096351,-0.016978069043353854,0.013676652722313873,5.317758538046304,-1.9161495268556052,-10.785795995082182,21.81959293033022,3.870846966549784,9.240363942091518
0.015149219598088955,0.00013547604685361717,-0.012053458669449253,-4.034972306973758,-8.521959800866396,11.84827807918235,20.060200233021053,3.4276538487153476,8.400988565956558
0.009314561933251735,0.01901368270695573,0.01355529896965374,5.878133374873434,-9.972856542425308,-12.623179592406363,22.050261061353943,3.8948065028158854,9.401080126405065
0.018228848649541465,-0.01447093385765262,-0.006338274262770893,8.824288802984693,-4.1270938375228905,-4.7777740007487175,20.254045262854024,3.424718434172402,8.601824364812463
-0.018795287389909505,-0.0004197641386217178,-0.02617023213231698,-3.717294726913778,5.872638819899869,7.963364269303977,18.631374102202965,3.271404232276402,7.838337621617377
0.0035261717155356184,-0.008953240649433827,0.03724739874502766,-7.230528976895803,-3.822100197617102,8.749382670887606,23.93271235120411,2.798393243844681,10.093446950407804
0.005129135687777956,0.011278916370955436,-0.033974713845080134,0.7021389982034147,-4.472818779960788,-6.543599292787722,17.487026910027698,2.9433040701573145,7.438635276386251
0.018801017613639368,0.006281968666988203,0.03682628757528935,3.300693184955449,-0.9357133428396516,-11.704278844074986,23.586542621470826,3.7226943480791417,9.990644655907861
-0.011669769888947723,-0.011125590897938107,-0.025958622342247866,8.916976726975879,1.7485628149959975,-1.50453439716604,18.353779609485507,2.7122947172041374,7.817420493819094
0.018671340422377173,0.0029496760328029427,-0.026029134082684015,4.519308174977613,1.7379617749044662,14.056087397285342,18.269861442305995,3.9283734146879214,7.752957166531744
-0.006284259770670118,0.005181805955679599,0.01916759920629866,4.546528150633343,4.699694997813646,-6.806028765193604,22.160286015684544,2.6350288795357883,9.38910224105432
-0.004059822083098973,0.018285024977021485,-0.012371392862998948,-8.638508777113735,-5.626736423605887,3.903346307665778,19.799358842050367,3.13370023278051,8.328625498281392
0.009120263377727734,-0.0032525986525563724,-0.039285494999520595,0.5182649238823434,-9.624501187833761,-14.541571191647332,18.061670439119084,2.869841696254645,7.443119274679355
0.010528798225833889,0.004032719331793756,-0.03571749814412475,2.1295237626161914,-4.0203888379638375,-13.023748781695376,17.58404054429858,3.2016327467218537,7.40883297694288
-0.002107524012030803,0.011989770263090654,0.02878888436967491,5.01287676530881,-7.281891872298485,-12.156847903125723,22.94607357770712,2.8074302594808374,9.81749536949367
-0.013926617661068345,-0.019037814804250926,0.03114367875403983,-7.510337379583413,1.2873533207100625,5.9818448127922785,23.28909575253906,3.7077636495488293,9.9122408540388
0.00351890820855481,-0.014756794610611341,-0.03794474818096705,5.885981721725207,0.18146874827578152,-2.0196897014114565,17.16011949456933,3.031814076142452,7.3027164976044645
0.0031217577939486943,0.006105439728934837,0.014360897654979422,5.756866085836865,1.1570745141642043,-14.927521363946592,21.921345968713876,2.898272459826609,9.227266987311367
-0.019996824455281535,0.011411521080088794,-0.01441588636798265,-6.072091480678985,1.4004136536766172,13.902288814730134,19.389252183278437,4.263042269373391,8.235484760096101
-0.001983597528266299,0.016667537461300525,0.02981992562820842,-2.04775041325113,-7.2327427521414345,7.486002553319707,22.918192716344677,3.068451860700348,9.803835097246473
0.01801732504759154,-0.017923327997810178,0.003118544549017395,-4.227675210454304,1.21980904154527,1.6486761427670267,20.81482222540291,3.35392213328077,8.832624620483353
0.012282136052667054,0.007358692099154407,0.02424031432785826,-7.812850899453827,8.572232215618058,2.9704323650684366,22.671475258828053,2.9143262590699974,9.67073709878703
-0.013788434391985595,0.019631232215356734,-0.01964782861176089,-0.9738692602528349,7.014584192862149,-6.4403313829163285,19.101466661750816,3.5680633340444134,8.065306631335226
-0.01705078748020813,-0.016940470969989727,0.014425479607448811,-4.877809865418037,-6.3431658785059515,7.346415136076455,21.72809593300002,3.693712164679901,9.27265553261716
0.01393748568660785,0.003289141989857646,-0.010405214221199933,7.660259978382523,8.369600585508355,-0.3402262952685362,20.15229785110503,2.8938762025954214,8.435890971164321
0.014050910633876559,0.01638452407732437,0.03590719612467106,-8.381762820022956,3.783979705645603,2.4918007821071875,23.566837740678086,3.351017379037131,10.052663096364316
-0.009758241586591781,-0.015255868357809668,-0.036906932807242665,-4.8357122636811205,5.809531285985031,-5.769865811428726,17.853507855658957,3.136232833722568,7.46877483670501
0.0007065549062354425,0.005753387508019781,-0.03236608810523062,2.994876798625052,-4.178255067934796,14.581106349765673,17.99850931786436,2.622582891353093,7.535258309636159
-0.006896326790441108,-0.008250928947395932,0.0042774159718485805,9.743431051753252,6.632935275893626,6.479697409017959,21.08857109163739,2.7606612697119863,8.989258000902693
-0.014381680966475265,0.00904151083043573,0.02918007600173323,4.920153520564675,1.696236999753701,-9.791869661616772,22.95023668444204,3.5209654750248967,9.743337745854078
0.015637610932227448,-0.0055555471575554315,-0.012721249795945147,-7.897699087505925,-6.053043126709811,6.366099222150911,20.17916853092618,3.0945260340228367,8.39346322558868
0.002573188072754494,0.004712669182457305,-0.007604797928265794,-0.21206337665278063,8.79865732765866,10.209163820101821,20.14668650407782,2.456991222723531,8.475216547463495
-0.007040938690215142,0.00026557598592438086,-0.020806747017551547,7.688582518609319,-7.801669694508817,-5.425579420060391,19.052036128401735,2.537721860016716,8.044535238309768
-0.013900731162444092,-0.0031137360686651905,0.019885116855257852,8.317073539615102,-2.09843364914446,3.2392210757062543,22.346347665907025,2.555361983698951,9.443705771126105
0.003762705106589305,-0.016048923084398283,0.029539107549594983,4.07861688351737,-0.9533007139661329,-8.228298585862582,22.805395698470214,3.419040915869438,9.711025332642429
-0.018768084632247117,0.019651697045347732,-0.028064998673337973,-3.0387581665518715,6.671254485653915,1.7013972002777003,18.508018475341864,4.027632698930498,7.767250575534749
0.003949796475513918,0.0037686756829392078,0.008254670935930325,0.6272503711345383,-7.303925751826446,0.5442942119852106,21.195729838912317,2.1319014585635063,8.998908187265979
0.004627491895564197,0.008366645214424415,0.004426120225055168,9.460417090957623,-4.025969646378067,2.8665478245448526,21.319094460065518,2.439815886239439,8.957769711572583
-1.8247117185111322e-05,0.01377703341938689,-0.03523393470765192,-1.0685429616885127,5.120565413690487,-10.801854733043342,17.574674884063995,2.943301306187253,7.427559107514278
-0.014159987378128656,0.006479552464734372,0.003415458532468059,7.5604129345421285,2.7912118547453613,-1.894064750774053,20.94275339970455,3.0730432508867693,8.870800760930164
0.0025958653571759617,0.010927310625561563,-0.0029409391493779025,4.0239073956939855,-8.830023032445213,-1.200211999651792,20.473302097564034,2.5307965862298856,8.681761805339905
-0.0014750581586464376,-0.004577844628206221,-0.007861407021697762,-4.358354776319555,-0.986467256180358,-7.800372654405484,19.6526290723578,2.399177751294086,8.360012970009137
0.0024478618448274675,0.00016311296407118397,-0.017640939839834734,-7.793609242786397,-0.06352780118288237,7.464985593862586,19.193770620796048,2.1836752728812234,8.087123736820583
0.003239262128272063,0.004614365558951016,0.038814402745746955,-4.640935912461385,-7.814287918102851,-3.629147037689041,23.77787835725892,2.3069565049015583,10.13256672626413
-0.014201491166149344,-0.00815903193504007,-0.019118954110662837,-9.097019135539828,-5.915963755385409,-7.637046178038901,19.117970126361318,2.9138173670233862,8.146218461545146
-0.00393793118935859,-0.00828675786723604,0.009326746011685885,-0.8785864985623064,3.2978779682537436,-3.8570599908786534,21.057539276155207,2.4730976350366114,8.9539031795582
0.01965932802808713,-0.005197039974001512,-0.003338851086687099,-3.656686568218106,-3.5997556623143083,-11.68782804831357,20.408829081778617,3.2142440775117374,8.629783211220595
-0.012453542704638982,0.008074407762607788,0.004100225133472912,-7.335694036865541,-5.4726349205848805,-0.45292592517641594,20.87237433888375,2.879308143726988,8.890124876091361
-0.019126276860817297,-0.002210149894472782,-0.029904470864002865,-5.106309417406109,-5.994823292014182,5.701512823801242,17.939120450093938,3.011857564242446,7.661718176221305
0.00676536224164781,0.01244469754004059,-0.005348049510062285,-5.68627361378052,5.6538082466003186,11.386395435346113,19.937330814731215,3.0153604835178736,8.53615702570306
0.015658413963005418,0.01676281537344566,0.010374871673731807,-4.808871384382513,9.030581987234594,-11.17787066694739,21.491881566154877,4.12443364985677,9.200657482146616
-0.012345442968643639,0.004091841633932419,0.02163149669601918,-9.829011351517714,1.7549137937428032,-12.931696312370928,23.006044958711982,3.3342005000623622,9.608738887280252
0.010064775333987582,0.0037749504848608624,-0.00870654684572321,0.16440480988041273,-1.9605352057540681,9.079044676306715,19.624538322138743,2.9944423184940487,8.290461893251099
-0.004808237849531376,0.01275798535592591,-0.00032346710679890395,-2.211845011457479,8.014039309178528,1.5734850604378074,20.514992477808303,2.763557338240522,8.720600043255747
0.006312330985287152,0.0004235210790870074,0.02452783216749562,4.484325037223806,-9.687047316005772,-7.7496957095686305,23.014550459616707,2.5092920416909537,9.697755498707487
-0.0043633875370004994,0.006371075275022866,0.02261487952502795,9.253643500284596,5.846207326417289,11.31020479294964,22.594022274047905,2.8546289182256697,9.642061091959892
0.0031288682532577515,0.013031872124943698,0.009846421286886217,4.735666151823301,-3.764647372341587,1.7696369310587485,21.42826616427241,2.5207723756580718,9.058761057293252
0.011847512256328071,-0.0026414731045357083,0.03149012505120204,2.812030465332869,2.6564331249753295,-8.965195559450615,23.015515951206797,2.644312583779814,9.75602900643115
-0.003966025796115633,0.006069655057837794,0.01821074981524142,-6.232326029055875,-5.339542568904663,6.661621943460641,22.1474347317458,2.554528267012561,9.370963874224415
0.009788867612829804,0.0004136805708299558,0.019491416511923695,-9.612919710890079,5.345738120013905,-5.2595373940450845,22.47182584812823,2.5449214820216652,9.498302669628325
0.006794321554904132,-0.019803266182439612,-0.015894100126400214,0.005506926308411764,3.005976247767329,11.733102313696143,19.40351529492318,3.7120448825865577,8.086966194418688
-0.01141716751743521,0.002725585595663313,-0.017464794769864966,0.36223863208243934,0.22421986814063644,-8.719534109499705,18.857884862335165,3.059888883097315,7.940672076374843
0.01115871547997543,-0.010904195228818372,0.038960828007630434,-8.784044325644842,-1.8324238344697612,-11.008559098722259,23.884151270275204,3.252975147507614,10.198919197682349
-0.0044415608470085525,-0.005861383632709707,0.015703810800182134,-1.3366473655368303,6.923208302720209,12.932270436387,22.13745026443292,2.8174254106479903,9.299102057908252
-0.00022372023381554001,0.014076744836714863,-0.03564888462446818,-4.645433672795873,0.9689422851725826,-8.636732018505217,17.556436533840007,2.849165383377728,7.361093290102538
0.013033261048066593,0.018045158754652738,-0.03340346451203014,6.981923296943869,0.8618702239060934,5.780974319890433,18.030825756414508,3.547755534440079,7.598973914997749
-0.017471417081268807,0.019436104959417905,-0.007381683648747153,-9.19515348525504,7.808636595808551,5.813596627249424,20.457258783341018,4.144450485338591,8.603402503548104
-0.009741905003688217,-0.012347567839873808,0.010721859668610521,-2.308945680765957,-4.826324840356846,0.1414495400513811,21.326810057898815,2.861627131801897,9.042464391774228
-0.007187341949374013,0.01317454277328969,0.0165844236144794,-5.3409879019295525,-2.2923856839816263,-7.825624485791972,21.795365856359176,2.9057119573655465,9.263901667613862
-0.004105130634616629,0.017864162174781015,-0.03572610311396711,-1.1511193734179965,-2.0624709270127113,-8.227913713092807,17.31600651419453,2.856886291065142,7.332749638369666
-0.0030612850555964237,0.01971409488718723,0.02935385339309205,-0.2173315550535353,-8.271439671816374,7.625710121906593,23.090642473998777,3.318842581849895,9.832472679769149
0.01787076260854416,0.0026841195373341134,0.026559610602743096,-7.464011088399927,3.2197885063928773,1.255952825733857,22.810580057518408,3.1962191083819476,9.701596628975544
0.0078157100874654,0.016802389366572284,0.0212077458262521,0.13686508534638087,-9.17540714948166,-3.5494120852451196,22.470575604470884,3.2571940833763238,9.545894348636791
-0.011298628251616885,0.01447488900341502,-0.03936446522951046,-4.5350246827665615,-8.126540947275643,4.128995307159514,17.30526615731499,3.391222373684555,7.347985460186275
0.01697226519490561,0.0139363790732096,-0.0266797381012195,-2.1674184243118493,-4.85251463333859,-8.708753857101536,18.346942163915525,3.9394175887487224,7.756208210410017
-0.0030613785443743685,-0.014782167096462597,-0.006262793536833101,-3.7003808303445584,2.487451703771015,9.674092837884803,20.035203309670994,3.372479461547824,8.456907774457763
0.005735692987414769,0.0016581941973447256,-0.03606920615111598,2.568472623651232,-3.638020268419644,12.939877388060264,17.46850516366106,2.8088615961815466,7.371795986653911
-0.008984427888223383,-0.015271719244761615,-0.009506485379876823,-1.6211962301219707,7.834480029315081,4.281420440021687,20.192153779568454,3.255293482922366,8.442983351723884
-0.004080878503970743,-0.012984803801451434,-0.034208876157742214,-2.0704944047386764,-1.688770751613296,9.44581357642225,17.48092701959775,3.2646971420608715,7.394562013592252
0.009071555772600291,0.016901764606390094,0.020313221650607435,8.484852451237433,6.137492398510684,12.610523004469613,22.51580182254829,3.5262517760540795,9.59256541435151
-0.009536492926938091,-0.012669843312192654,-0.03668282263567707,4.981053732238452,3.343326623834919,0.9530224305475112,17.523364985270927,2.9243688937389334,7.379106274301494
0.003512968072530695,-0.00879941391989766,0.01391728413955512,-6.047975999697906,-0.9566013273208931,0.5802662982100664,21.61195040153989,2.42844400028248,9.186691041864908
-0.01461226093499501,0.019611660416597208,-0.010917131806552877,6.866561957069727,-4.776313482210417,-13.38615027225684,19.881321416423855,4.098573603392325,8.459006139833697
-0.0040068092300640755,-0.00664966633237552,0.02159076760295872,0.43258387840145573,4.137573303223112,12.18037452426191,22.34693930565867,2.841798759930697,9.433627937719903
-0.010685294388360923,-0.001577626638236601,-0.008317975681740288,0.3164844134713647,-4.048295265662625,6.301141910979922,19.588732092252254,2.515645360173416,8.316318745570221
0.018647216735824198,0.017903491528196484,0.03764697642487196,-6.563680224741757,-4.387399297980872,-5.762296916474169,23.86217695048397,4.110704853256113,10.110445224547409
0.01824438738615333,0.017413821154871372,0.0035593003499557185,5.224511446983302,1.0135407342284424,4.665956799508969,20.97791275146259,3.8379108150081636,8.868615701955406
-0.01962377058695059,0.013664666376201114,0.02894982609384967,6.315886303655734,6.023878366965366,6.585617294208756,23.091461764008997,3.9401163109992487,9.857921404411751
0.004969291887765296,0.010895319500476789,-0.027246141873912305,8.907164819638961,4.936080830171285,-2.661540081198087,18.83023075677088,2.6917448866873914,7.833368110051627
-0.014360656456783666,0.018608747354045264,0.002379972001167581,6.181445848245367,-6.311961736002177,-2.1623288361838338,21.214044418315332,3.4795628353960777,8.905987622003094
0.014160708596701297,0.0012923247058346382,0.02617789086541889,7.624754957483901,8.447010521911597,-0.5667307713783671,23.132367784107743,2.8323777308950917,9.746113224799712
0.015290171438155486,-0.01660935753950174,-0.018359100890595795,-1.5231013128464852,8.319831031940293,11.224351215870108,19.485076794883284,3.2296627915504463,8.118034002606096
0.013745758597414403,-0.017578752800113322,0.02816839356094463,6.136274630270741,-6.1816466068660825,7.937143630476619,23.012838087101116,3.2372225146315707,9.810363622427325
-0.014635911446005387,-0.018971169354421828,0.011078980329463167,-9.986275176477488,8.993307911008031,-4.5754337686169375,22.51548605496134,3.3810822034987473,9.393922358794685
-0.013714443326025267,0.01333554967909607,-0.009206162788590468,6.666955414246495,-3.9464295461999814,5.228639570795629,20.257047447316946,3.4735574055138336,8.443081300725005
0.012669360630697481,0.005754863245690602,0.01696315329012519,4.453536259109093,-6.847365352913992,-4.206835982207821,22.02130932424951,2.9972975877062145,9.367846278543945
-0.013416649385256094,0.014322950691450797,0.014045643151479749,5.523131405758868,5.614125119289588,14.776463940862527,21.736419185011112,3.9952774489818554,9.311656423885173
0.010106015172594698,0.010149612705671381,0.03284562806399036,-1.6395985252636116,-5.0234992590253285,8.764695667285668,23.228882530137412,3.1286821586593154,9.862032331753168
0.00937933662432626,-0.007995854742506286,0.015283855815014749,6.178870326052287,0.19948568986840698,12.486932263834767,21.648774800938313,2.806660909507115,9.236789809757802
-0.017563885724016223,0.0038964699259427214,-0.03508049930069835,3.402760298077121,5.9260541065008265,6.173788186418005,17.81081013668625,3.3165981879952873,7.5009112692991735
0.008591788031685439,0.016396261981819513,-0.0331117878814342,3.098430346166909,3.464785736625757,6.374884401584733,17.83251378346347,3.1317414932807885,7.5125348537973995
0.005005341393445474,0.018692245717240128,-0.030207622114813183,3.4465410653481854,-4.532126320734459,-11.27162600761363,18.084093467690863,3.5530195082335156,7.66798561191388
0.013545668459113484,0.005014517127860264,0.0056524333918947095,5.586631996072782,-5.850981975467242,13.374129102873795,21.295182094475436,3.5138790945345986,8.98592890734157
0.006107419804408983,0.01856237296514186,0.0005092212633496795,6.563104505355387,-5.040287928924839,9.246857885111243,21.15649144085942,3.138528219012538,8.843154916261595
0.012973868867976062,0.01042645244141531,0.009799326286100273,-2.7917291119005716,-2.521648683036865,7.527514480209643,21.39332993462675,3.3039905884227823,9.000431464123805
-0.00804784953612367,-0.00388325791561377,-0.02909495101265419,-2.3068079575776874,1.2062178543683384,-1.8566781352745494,17.932927067566347,2.302407377167758,7.56020471586794
0.009360193217117861,-0.014981098518429915,0.029570679542656013,-8.785692148823475,-9.185572750882976,12.3590831621764,23.98335993166672,3.4760015789930954,10.009741579599217
0.003591882481090547,0.0027026880761472152,-0.007568679051325293,4.374972673491355,0.32214678223677495,-11.022744538349452,19.872394527038907,2.5576667369904182,8.376580372153109
-0.007198678559832961,-0.003992094748122187,-0.004245317989580791,-6.366811147960425,6.233932808114844,-11.671656153955396,20.67461751048527,2.702905972390111,8.636570778145472
0.010597034896740205,0.011293634730821182,0.0013476421035434893,-4.776239871123014,9.30382065337513,-1.9011332626351702,20.659888545941726,3.0486028648592174,8.821649268116987
0.010048478519061634,-0.01987115669176033,-0.027735096660863844,-1.239365076468868,4.079727673186673,14.383029054128528,18.578492132920235,3.7889160355299465,7.7160838857107965
0.006614033825806689,0.003628540865915717,0.026369210080425164,-3.8539631691965788,3.850348418803417,-1.2589260772636184,22.46924173885252,2.3258026188313843,9.59128211275618
-0.007891951249550088,-0.006628666723893173,-0.038594939269815026,-4.594948879123186,2.880859145900267,14.150791195099941,17.451714648741234,3.0271247029858337,7.332297777212743
0.014818476628537424,-0.0008960883087536925,-0.009191854458828894,1.8460689488473143,-0.38974741841100347,-3.4820928720612674,19.53751456065393,2.705047619595644,8.26330564538694
0.004039238295625781,0.0008323157109184007,-0.026578733271644835,-0.21025459308483363,8.649833275289904,0.930828247232915,18.435735715429026,2.03199481089418,7.7643995017721705
0.012036215801789315,0.01716743066723696,-0.03895747547929388,6.100732778590988,3.1321375899354713,-9.816360974099965,17.991646239074797,3.8113794429362438,7.41188229782656
0.01562874418700511,0.013760142790096967,-0.019362947067018466,-7.156855695658628,-6.011908971939306,14.641516289363544,19.759357678453746,3.915722585497714,8.156609131805757
-0.0012945687329610628,-0.018089750967874144,0.009701420154436625,-9.728198170490804,0.8617736285456434,-2.5293182774670893,21.65367455136666,3.2631719520734968,9.170276102607938
-0.015411187097208866,-0.01473133225097758,-0.011553852943893324,4.029211986993541,-8.077151523868576,-2.2919288915996887,19.8036545390484,3.0145682330271715,8.327557416844279
0.013669761209402626,-0.016108155352783617,-0.03232263969256583,-6.060323476115686,3.548936956411774,-1.1187179801486646,17.83191005992958,3.2785259411082257,7.589295275270927
-0.008083289439797215,0.006768200947545832,-0.008463266928031163,3.1536685932287156,-9.792055162635174,-5.466489171599971,20.00109784363546,2.7607278589637496,8.480467877749557
0.014058525274465866,-0.003234620714459315,-0.013665910911915286,-6.907423858127522,4.128546784962772,-4.5769140034955615,19.367299285391198,2.5833419714065613,8.242986998257114
-0.019499759458880096,-0.010246261574756011,-0.0015253430807141977,3.404644250561926,-1.289325078351613,13.79773205124252,20.410727287432934,3.4944012929062107,8.6204090882092
0.009306739007664554,0.018292672735318646,-0.01310871675333674,-0.10686514213438159,8.455778908568526,-7.051673955791364,19.71830176669437,3.60212364626815,8.318156888006458
-0.011223290268809877,-0.003914523537874266,0.031391510631256746,3.2178801858667505,-6.55456497945549,0.19238066313343438,23.02700940913521,2.445922266315678,9.81717482022389
-0.015952841240871804,-0.007695653797356794,0.013653548735653762,4.2599983510308554,-0.042723079660726526,0.20509523803014673,21.45701923873592,2.724800191664868,9.128548680103696
0.005382875618857402,0.017675063834763267,0.0007682448799945646,8.353366785611637,0.24025510937761752,14.492581566592825,21.115860985738518,3.3531183500428448,8.867430612922305
-0.0013884327386689509,-0.00516177706569922,-0.0023760487162767657,-8.100391718014047,4.933427410954545,-1.1570326269017954,20.60036507830584,2.192312916396159,8.675023506978071
0.004011457860947646,-0.0177965050790412,-0.03631552563862246,-4.529216526771851,-4.476750394583522,3.0747290726482746,17.6530308736422,3.2719720358618276,7.4360690203945605
-0.0041983758249311,-0.0018631851627878906,0.011228358053086675,-4.231293687959927,7.724490305673843,-13.893271722263625,21.774427252161857,2.62504749527774,9.178642573324828
0.002296793429497318,0.0028931118928124805,0.02533350230143524,-4.657454988024012,-6.655226318348881,13.499229304629754,22.870147466263827,2.5603589773143334,9.657352466950783
-0.018819459103772904,0.015928801398483666,-0.009079013983193801,2.9654939640180693,2.3434600456084205,12.981139443895024,20.01015779317583,4.3299483727484995,8.400537841500334
0.0009850291744042082,-0.01930846409353543,0.00834526902634651,2.7230780980516567,6.863059680928046,-12.190119334263159,21.25366550301617,3.867550991256047,9.04748349212727
-0.011624968291224206,-0.006473483235481803,0.001157914362146864,-0.2328871336969236,4.879500627063301,0.8161645386845304,20.625586310003577,2.4445251623584894,8.719404561744204
-0.0018890456242639242,0.0059934517402631775,0.027564724479966295,-5.704080924051576,7.012006975478467,-11.040659728956847,23.100768037182757,2.480786970097238,9.74897872727089
-0.018190870397544225,-0.014533560483948271,0.03937884647357132,-6.18077185864971,-1.834082373556651,10.9959372578519,23.678619030759062,3.6734701558336713,10.166594559681933
-0.006864529018259522,0.014812849972461458,-0.02487537487478048,-0.4176647637404258,4.331381714795572,8.434988255385768,18.245642257777842,3.326060791651544,7.7702490063280685
0.017170697349115787,-0.010502411029178496,0.018499723043644868,-8.835646157013393,1.6693351725535504,-6.91009174759402,22.217627964819687,3.1390276611402275,9.468528735067197
0.015111194460661278,0.014641391124582157,-0.017007087280393875,-1.151353534345219,-1.0714543133745753,-4.589697408460205,18.98474525412202,3.645742569056191,7.991531900810989
-0.012538874250147712,-0.009942182218074476,-0.0244333756544801,9.085998572925181,-5.85550641938484,-10.106989352689752,18.628775362649144,2.912868854944034,7.918242509145535
-0.010405930919445217,-0.010747036624080226,-0.02590184755856808,1.9804485147347055,-9.434676677450703,6.8115581282452915,18.545431733084893,3.055036095323705,7.824634651119542
0.016907513366981566,-0.0007597326198426485,-0.029090915106689545,-8.613343389688687,1.5798181790971064,-1.7820481322826769,18.389695208711302,2.911401821608759,7.733910082410736
0.00978764310293086,0.015706021237201048,-0.0004633474515571903,6.339926355122827,3.73581941560073,3.9381109542527355,20.73067080676491,3.09927738996417,8.74277637344871
0.007436764779874653,0.001660555305084084,-0.018550028631311184,4.5936053096676925,1.528119625469662,11.5273679104187,18.814218724691223,2.8772011721130277,7.989381795137837
-0.005669009277971919,-0.005380465517423718,0.03202789350664529,-7.5346477733445205,5.1879029959397,-7.9585468905142704,23.598128065820166,2.452477733044354,9.925722407737004
-0.006399255142364644,-0.014417069232943173,0.038303285555932036,4.265346425626753,-2.4392925480610668,8.219788234169638,23.484873164553576,3.3310464351181093,10.029627894647428
0.0072116427962087976,0.012800131003301265,-0.03132226584094508,7.033373059059667,5.058932531398849,10.755012687035968,18.122377191709212,3.181148416439802,7.6719276236270595
-0.010059689900661818,0.007666995163084143,0.012757471207458439,4.405111496801645,5.03378205049038,11.932323054777644,21.530569197762254,3.296259953180973,9.192516981929751
-0.008847222615908352,-0.006568612189315658,-0.011236818044989896,-1.7098950032339282,-8.330571461302313,-2.574485056992625,19.755067566250872,2.28916686083025,8.314040473950413
-0.00441515643934264,-0.004137989356055662,0.031939200630578764,3.6865517720575784,2.8099824454439197,-11.279431527404835,22.993542355652096,2.451711251684827,9.797229310566065
-0.00252613137681805,0.01744254485197309,-0.020211427993046396,2.295061147033554,5.888878527733958,-10.410980516519274,19.15776518228627,2.9797428613833086,8.033165138945742
0.01068797635903531,-0.000736782109439716,0.023156010358990876,6.2847927750020816,6.95003326831533,2.1762375279292847,22.601337655573797,2.61960331672838,9.576747043812286
0.006664499192682145,0.018873054570221964,0.0388469381467234,-9.948324564605393,9.90901507306086,7.6237390536572995,24.04842590339006,2.939613737342116,10.267872964225601
-0.003987507416630742,0.0012314694038916135,-0.022508778147552314,-3.605768803217546,-0.9448287949915439,3.9225725675311764,18.3542730891849,2.1715520109311277,7.797653166721819
0.011264527811084033,-0.013324058153001098,0.017497349006693176,-5.243310074954617,7.50765649592752,9.339652645087071,22.19355105723285,2.948026219301974,9.40520089810107
-0.009445846071357341,-0.004902463951672846,-0.026044061877953908,1.7179107070396533,6.436733619466668,-4.889816105862547,18.39779394601348,2.53774862821,7.776836774696157
0.016338857780722343,0.0011283156529148033,0.025222601587838837,-8.537224867349892,-2.861681258279325,-4.149727910076104,22.931926240432933,2.962878426009888,9.688183067491723
0.018552174683038113,0.01592291835000807,0.029855970506670347,3.2258468502903384,4.965134052110745,-10.261617197740225,23.424858500478223,4.162484034439075,9.830509468302816
0.002690203062544569,-0.007946721811895126,0.02932430258946845,-7.6014318851348595,-8.561891419090566,3.574322422478499,23.395326469709566,2.524008616099719,9.872732920297068
0.018945959865733168,0.004453233325067519,-0.031976915012467466,1.9810407269789199,7.1665037389778306,0.5703639266457863,18.007065716278063,3.3409626486130475,7.567742343675701
0.004265917830846146,-0.008479940302260559,-0.0390971790421104,-7.757172038247015,-0.9484892903789159,-14.155981497551647,17.376898907835763,3.1323823245259916,7.371576764748271
-0.015326229265934438,0.012875487111155059,-0.008722235995393547,-8.670539813731043,-4.0178015513045455,0.8261618102958384,19.906645638213686,3.403921245128266,8.457977274451993
-0.0010723759127010922,-0.019504130173501825,-0.023084127881726167,-0.8619501260873079,-7.676853320036803,0.42161142209508107,18.965512777887977,3.351521433975302,7.920231452934317
-0.006017848361633363,0.004122756413818488,0.02243996264314551,-2.0918167413766975,8.349776488284778,-7.7592921025195105,22.41712520861359,2.6162664966396734,9.552192278975815
-0.0023227634436580324,0.014123101458526254,-0.022120993823418235,-9.76014752050493,-4.18310497706647,-2.0355380298599,18.931237868925056,2.5042797550121363,7.974275467349707
0.0018371463626796966,-0.006317025729892199,-0.019350851569604838,-0.5401679305825073,-4.3341124825348025,7.1875227297717466,18.70198215924007,2.518454064992668,7.942131221221338
0.01580271110417206,-0.007581013608745054,-0.03412866449777435,-1.718171877867288,-5.6742781534296105,3.637250273452903,17.856992144134818,2.914413866908851,7.521291946928758
-0.013119920282577614,0.004957755805728988,-0.015673092376564002,-1.1438024409300045,6.907806184565835,3.73071058248631,19.35719658021426,2.9800459915398076,8.164311736107097
-0.003204201198812748,-0.016252381775532867,0.007495256129447882,3.087234430521587,-9.037209864968839,-1.8628502026974587,21.554644904451948,2.9960717601219224,9.042008873297066
-0.013621342708330793,0.006267738252547884,-0.024340624791458244,-7.524094989834884,3.48853142541396,-1.4814732042268464,18.905295774201,2.970308537626218,7.878673803798876
-0.0024760970233528475,0.0026347107321277596,0.002869112128155077,2.403944073885338,-6.261581591753622,-12.220335090557947,20.802045475266766,2.517809389249488,8.808015040808034
0.0005722516621508335,0.013605486968186042,-0.026638923632315105,-5.418834173846725,-5.512691546292388,0.19935556561254053,18.39637823745861,2.456510310645457,7.742550792881621
-0.01349673837003559,-0.016515893125188766,-0.02089891467742107,-7.444688507328938,5.865023019687163,-12.066091117187288,19.670926317005865,3.523142849407666,8.156781042348435
0.009058508125441102,0.007050591985332633,-0.03706709900431465,-2.2128932176988965,1.8084099872293713,3.095504946727015,17.225234398046478,2.7141844778398796,7.257482859391417
-0.013520578762970557,0.016010053610033183,0.03397005203689898,5.687655969979668,0.6793061179840816,2.0323785202032987,23.418586470701182,3.4730612281470363,9.944302219576207
0.01669130871631704,5.4429007174325306e-06,0.01044125275693137,2.4955606743781864,6.63675698035728,-12.343492047386341,21.583089833549398,3.2338475343551094,9.09840953064059
0.005519969374972598,-0.019156798969804743,-0.03946210062820931,4.162728559836946,5.180647621522276,1.769632139398503,17.474335307573035,3.2628693485115563,7.286870310559584
-0.0007426252889666876,-0.019015513043150474,0.008524598027942892,-6.547899268567985,-0.6100004964623444,-2.9258349084607254,21.16654249469039,3.344524397724649,9.040495029614002
-0.01157839779968402,-0.01420880403316346,-0.005413258089794565,-9.44273463059398,7.177488252539792,10.64235775881594,20.507188934731367,3.473898441435906,8.716604299094229
0.016143239539110548,0.016882137969657752,0.010082071377817726,-5.749497676253508,-9.74522049275359,0.09186871899727045,21.746507376414893,3.624572510845565,9.205842317379956
-0.016648109142415934,-0.005557033026815072,-0.03776771159941755,-1.4804833126623151,0.987927534373787,13.063245380892194,17.429591073203095,3.06321939415926,7.31232648777274
0.016415046732035445,0.0014585861966763224,-0.014929490517781911,7.410903671058296,3.223303709326741,9.902644056485794,19.36251157249951,3.520190816786187,8.202159256237069
0.015987006105745178,0.001963596598530671,-0.036981638852406705,1.9704530128134934,-7.101612070223147,1.381533039334279,17.626336606287875,3.0523216618188167,7.431090482844958
-0.011364927117979443,0.012980410022732956,0.03432928853354205,-5.253549995768962,-2.9564912619445494,-14.204719695099165,23.387780321741378,3.541164376359571,9.941209234637226
-0.016338582880235722,0.019107594589887363,0.00603172742766505,-1.8936202404327283,-0.818083147764403,-7.528260473325728,21.037553367041898,3.807742731072723,8.840225160671867
-0.004749982588986415,-0.015342339870844636,-0.01325908374406189,3.9535508946836746,7.983577173178176,-4.622961530960554,19.704421591847726,3.080557737539459,8.297432705886411
0.011368707858663573,-0.007836047762650521,-0.021653122285051517,-6.0219610979580125,-6.255387098778753,0.34906952831419424,19.062809328779473,2.4947553810372853,8.006586986210388
-0.0165310566062454,-0.006940093322538074,0.033362333685737676,7.973324496398234,5.68468098198786,-2.4009119759612005,23.45172428620995,2.88899422594154,9.996914759785358
0.007511222964825724,0.008119136307409399,-0.03035483608342268,0.11918560058277095,0.14954210397991474,2.990824952571863,17.685877748300175,2.627707543569257,7.461492189439559
0.0093266082257241,0.01048748079681917,-0.029514661625268522,8.272047051418124,5.410873103052316,-3.2386297671714512,18.66541327048645,2.950859655740516,7.7461991337831515
-0.016842764301425454,-0.017530097930166494,0.01244893990503581,2.656938122628718,-7.859296507604663,-7.407016485115103,21.883239344661657,3.095858955790108,9.193638214715687
-0.004084749256769733,-0.00531993938870484,-0.03197514666633812,8.1682904441531,0.9304004650665494,7.691652231323165,17.943097186600202,2.5093915385630057,7.572322735390031
-0.01754402038253932,-0.004376827662822342,-0.015795366831675883,2.545036552423115,-4.143844780172465,8.935422588737516,19.256794589376668,2.89892849211205,8.08472038198672
-0.001195119777018725,-0.017167649322362123,-0.002162952380162217,2.416585889444109,5.014838010842528,-8.406641332164682,20.302103658832795,3.4642655273593617,8.610879313751854
-0.005088538174537334,-0.019903026139329216,0.010896778691999058,-9.558701987962614,-6.762914080800975,-11.634750602757524,21.705722735549923,3.683381514258418,9.281359982703313
0.011144556659930555,0.006578232991929351,-0.02585284788907826,-5.9799138876841536,9.966765008113473,3.610515291460299,18.524899979212886,2.844487543020156,7.86481564819091
-0.005141362664617163,-0.01645012269018015,-0.008897401787084265,9.510241873490848,4.839754117701094,-3.2316840684090824,19.94144458592258,3.0570769546768646,8.479942709793578
-0.016543721575647208,-0.01705829234822454,0.035083098580257176,-3.687352074998726,-7.047736136780356,8.441029917346189,23.40627560085389,3.7497771900922694,10.00428788134019
-0.0028989818361934983,-0.0021399538728476414,0.0007719317361646258,0.48473674271938805,7.555819046327496,12.988665131929473,20.921158068983956,2.489482634724034,8.769639932693304
-0.017454076161810956,0.005682373329621144,0.03140336261301501,9.144399069491172,-0.6670332108025825,-12.990985229227107,23.380304172795785,3.8640308938865195,9.922779846266316
0.01413932003934527,0.016670571570172602,-0.037437311760969656,5.719648653963576,-6.970649629211323,0.9405327751250994,17.84116803639935,3.432023941229666,7.498995740866656
-0.0028072349831030075,0.0024133995111030072,0.022920897837917183,1.0350723261230588,6.703091497028016,-5.151801253562208,22.289546278756774,2.2044667474028787,9.51419519698194
-0.01908469988281652,0.0017245423231393962,0.03841531890114234,-3.7982749676062095,5.802858870187782,-13.054434377832678,24.10872092560939,3.826748215953251,10.15925923495694
-0.016335843068361312,-0.0041070514598146625,-0.03609250484915276,4.017843015000214,-6.207177901062481,-8.991188859412958,17.550821185852357,3.303907596720783,7.413261638363827
0.015374649946984006,-0.01600948224151923,0.025114728700552,-3.8857051324794334,9.464566224349532,-10.309486481875691,22.727696066478792,3.7509256341292145,9.69998242885898
-0.011488991378734253,-0.009037369011008224,0.018703423114396503,-6.614577596409646,-4.879301830143956,-14.929757973212727,22.102255148620266,3.0255770283083034,9.454266750402171
-0.002138249434723384,-0.017612435439638544,0.022245550916549853,-6.2076293946216055,1.3139417433846567,-0.5399447309487986,22.35369395822303,3.111273854205825,9.519187565383042
-0.006023923295676265,-0.0023248142396090007,-0.014862572689095535,-5.001895897712214,9.71819887991164,10.407549409034868,19.805417744870475,2.476820129237291,8.289872534871353
0.010852144075256791,0.0054259011109297,0.011068446057756233,7.700554574521675,5.072210546355025,10.728084323160079,21.553718381365982,3.2327477951559787,9.169196415182926
-0.0005052241992349812,0.010076142528130102,-0.03423852306810349,-0.07517982788757038,-2.056726958235142,13.915624583957168,17.599358834873915,2.9239473631562,7.39542018127865
-0.00223783655690233,-0.006409589470253434,-0.00915271732179937,-9.285344326929648,-8.284251568651015,-9.901348628303708,20.023798023580365,2.588970953877632,8.521860840804347
0.01332303227595651,0.003775955037605302,0.02607874844935649,-9.202121973967737,-6.840871340028041,-11.34552773542583,22.975805931449813,3.2831007314866603,9.782324362941969
-0.0004981778624542667,0.009078770795960294,-0.03483145991135768,-5.24430078905964,7.8328209713088235,-9.695618467902673,17.969932645238448,2.587246335465892,7.514301161734697
0.002356577606780652,-0.01397059738599771,-0.009326215471120607,5.327794599506364,-8.847165263876576,6.138816899434541,20.024874758626655,3.065767198428983,8.46417073214353
0.0033117081003231352,0.01951187707567169,0.03051580404438401,-1.1616468616231899,-6.543892102249167,-5.518861112578872,22.928991332210682,3.2105196321554166,9.809421738429894
0.008012244093459214,-0.001849698124513445,0.012456273344115448,-3.224164032432042,-9.346875299961898,9.12037740509195,21.78997345556048,2.697939808420409,9.240911265117978
-0.011425497914993806,0.010154470916033161,-0.027325757681255246,-6.025433140416421,4.2369291960834925,4.008229578416717,18.43457790768778,3.1619788193330156,7.733917708775174
0.0030970493566020232,0.0039187394112792165,0.0034623072535824514,-3.5175860534361947,6.013482338731308,-12.122881974673586,20.852362374692802,2.6330549280202633,8.8290827490468
-0.008985352863318363,-0.006176084930102337,-0.008104485280127326,2.2975778103624194,2.947103573190642,-1.6509926244235125,19.634602121368708,2.3105178396670003,8.337137161277472
0.012356756028655946,-0.0019959916324667065,0.035611437346172635,-6.725396638475352,2.701149570713886,-4.872029682652389,23.38340628411905,2.546818406686121,9.991021266147198
-0.016190056940975993,0.00650470448218984,0.0320453303419816,0.19619805565530335,-3.1404188187530657,1.9597096805197296,22.976097339285626,3.110924738709988,9.76449846620742
-0.0067124668876725035,-0.0132196518280885,-0.012201205895607962,2.361569017703893,9.125760988381714,-5.9386078354419585,19.839765207610256,2.9540062926717794,8.35527652750665
-0.00742456448301477,0.009486985591098326,-0.0032639786464430734,4.984068583816663,-9.771676545831285,-6.672386397914936,20.50355590448927,2.858125276010905,8.701203627117408
0.017937891430818174,-0.017660992633350026,0.021049378057144782,6.3490090041966205,5.688013817397692,2.511437657314861,22.287493169492816,3.284501294173012,9.495247161760737
-0.0009981094088091814,0.01792780979135258,-0.0358079826483666,6.886517395139393,4.235243483033919,-0.4335103984968587,17.999968993995772,2.7384731272492018,7.518583764587471
0.011234541035396096,-0.01068969327972233,-0.029467769295180933,-5.001405967998673,5.73547068157939,-8.223497551040252,18.117485527638973,3.151957349192458,7.669400207812835
-0.007339162202104234,-0.009718654734923757,0.01541862524493378,5.785189793412467,-2.734565425665205,-8.691762445253008,21.575888054237197,2.711346831368092,9.232614767667272
-0.004562665816357576,0.009628528692970973,0.022191674929701352,-5.7430147403785625,4.012138051812229,0.29206661390767863,22.38950116640151,2.501165843614681,9.48206402113672
0.016415456215991633,-0.01769430719417502,0.013275006336148323,6.045110733015978,0.3074417933378548,-13.905701939984512,21.633886903999183,4.06178191605284,9.227791796393557
-0.012267572812931019,0.001278621859333081,0.009035892446340038,8.285058017935523,9.458511543080451,9.341677873969225,21.808204335858047,3.004072776517674,9.224017898640735
-0.0011368799633454073,0.004051938230907756,0.03357027669770143,1.1354854619964918,-4.700250423239563,0.8766129384517747,23.005192785181734,1.9797274751282663,9.84275489147457
-0.007149657860872342,0.006743175351961773,0.00740158636110827,3.0038381744726106,8.94765945949706,-7.012660041702348,21.269762229239046,2.7485033282914806,9.049965688540347
0.013023499664517334,-0.01612649343981823,-0.005748295541385048,-2.263222647525547,3.2575916656516046,-3.5572332684466073,19.91723763678662,3.378486522040926,8.441847704124283
0.013658328143016592,-0.017637350619069445,0.0036314840261971043,6.825200284299463,6.20913646762191,8.17235459241494,21.035146443703606,3.213769754820177,8.897034955852675
-0.004385818227865474,-0.018694622162510516,-0.025945254207299043,9.53046957004917,-2.8815548486287,4.761679451320578,18.500100796327175,3.491462988543923,7.8437549816508305
-0.014521611202249988,0.017095625765767227,-0.027993458153518436,-5.406316939229163,9.900918004779317,5.1858605230639405,18.580649589156206,3.798215664609307,7.843737648764079
-0.01446208008749255,0.017548852277049932,0.020013754241449327,0.2757055799558721,-7.324910389792301,11.132179433351276,22.49938816428032,4.063305074499016,9.500114756937098
6.0103078114527586e-05,0.009137492109036707,-0.007003314969910933,-2.5673834782379013,-2.4528844419852947,1.0212559474301344,19.68405316422705,2.216678481232246,8.347140271511488
0.007405405360904477,-0.0025841824388827678,0.023443653488824413,-8.326829701783403,0.42307908228386637,-5.407487282085508,22.461399395799063,2.283576181722806,9.580111317325049
-0.012658550523007794,-0.0046028130388229855,0.02185870849437682,8.207336430235635,-8.872917085883763,1.8344259322735041,22.77341820005143,2.492337637811059,9.600759576719529
-0.0016174013024037003,0.001950596257179714,0.01016581120110626,-9.85599019382925,-1.9283172226672143,0.2986756407398765,21.55352767162821,1.8789908172159169,9.129919587281757
0.006215109021456194,-0.016621773393458526,-0.021113250885119835,-6.759179888946911,8.819278527098497,-12.337593163900808,19.34856442562972,3.8058495169574313,8.099752311563947
-0.0007112641866275568,-0.008400323389127738,0.0019498308355006821,-4.408809754827452,5.539024217277635,-2.7925037663400154,20.69771017262469,2.5194179163484165,8.770972418297566
-0.008845585263087333,0.0007724366737616589,-0.020087845314478152,-9.024947466251913,2.0561799427791616,8.360718516260807,19.013781702164138,2.686464920352239,8.048846412414816
-0.01714535464058296,-0.011724334842664188,0.024750178540570246,5.443125470981203,-9.745709955102184,7.777242112803648,22.859976449700454,3.2563383901685596,9.693606260581104
0.009643588711034878,0.011529872705419952,-0.032603386803927076,-8.422994807068914,-1.3803104056708015,-2.2225214494853205,18.059947277432773,3.0368360031446118,7.562576345896786
0.003940359475341854,-0.01589437610286665,-0.028615248161669084,-1.8278064239127172,9.78319822764568,13.834922268714191,18.945715081495656,3.4905721621098262,7.812863508140427
0.010070602636503799,-0.014038068349248305,0.027594392262048843,6.192193696067992,-6.677200045559899,-11.459360604260276,23.286615022407485,3.5361405748951347,9.809637798930291
-0.019405913017893628,0.010406868797770946,-0.026072523520987517,-3.4058953275398878,-9.371229812104755,-5.925928963218759,18.432210711856882,3.7567774489017047,7.8572375275778565
-0.007394027979732192,0.008459710623342657,-0.0018637122178023283,-4.011033523679224,9.407528050921115,-12.397087374058774,20.754074624903588,3.049123484785522,8.74762374404816
-0.010792239716828758,0.019444210717782833,-0.0269913059405227,2.3549216002772795,4.652763496774838,-1.9250065646027164,18.368230635091155,3.330432382142109,7.764831301916623
-0.019476847801484076,0.019911581443410303,-0.007374479555093058,-0.9465761082054076,-9.321363282239098,-9.502123708663518,20.00049911515709,4.208267837264203,8.569404649162529
0.001958223564262864,0.013958708804386547,0.027460577863117862,6.42784746914969,-4.655704558217806,4.367578434277533,23.12961555894487,2.528313387048126,9.747156233453206
0.002414452454519222,-0.006911260476704935,0.019474361520059887,-0.8067651567294156,-4.35845728775988,-13.563842076207171,22.207105593677614,2.901208139995855,9.367318606982629
-0.014376876439377791,0.009152212119355227,-0.005812100474646406,-9.959038119322896,1.422916228711749,6.592406062485306,20.354925037962197,3.413760822865892,8.58723086326167
0.0006573503586652374,-0.0006532272280017487,-0.02165417989551707,2.323584227061879,8.625603220573414,4.412333641398405,18.955639791471157,1.9032596313507517,7.962550000507116
0.007260933557785343,-0.015918589248996015,0.03341568291137715,-4.544172180143389,9.645620140252475,11.657958926423081,23.78836106920894,3.312548939427396,10.026804955234804
0.008444399694446974,-0.015225116896669909,0.024680479607468477,4.9173857200318345,-8.509280636475506,4.7272363007236216,22.898353447534912,2.9900204127359,9.69235262240558
-0.0136994841931442,-0.001376056836572822,0.006422524382176116,0.24529594337560034,9.571150439997915,7.452503442244726,21.621907447213182,2.8683000609817677,9.04654640882493
-0.002756566376166388,0.010246022966818848,-0.01642130467232943,-9.57653341326889,-0.740814073357063,11.279108325458662,19.44121820027791,2.9527198938040486,8.182817642051411
-0.0115158104777904,0.018790361786359806,0.038671151917901485,4.607569860664855,-9.922472009431315,-7.098321445201973,24.12069096182008,3.4452405067812197,10.247648603007026
-0.0012570944361572772,0.009553929489944012,-0.026977818791522667,2.086368288672272,-7.513282240022883,-11.418882296274559,18.381486382988022,2.701436296483268,7.776498896126751
-0.0017139152913170017,0.013148542532839685,-0.03806685154558585,-9.878915793230467,-5.45810941242225,-3.7635965431913903,17.663863806320567,2.464103090019127,7.417896152199749
-0.012777823080902664,0.0037664197185199554,0.012501543166051045,-4.862004114738894,6.624115164458658,2.305283197726304,21.695035966958027,2.810073737887791,9.194215017103698
-0.002973369080752332,0.004404099911600696,0.02048676745757387,-5.832020660865651,7.833058446274947,-10.537399727292518,22.57282963284093,2.509103324735725,9.513320223920156
0.007588058401615087,0.004864613512647723,-0.027412006615238037,4.382178029585509,-8.305766177201324,-0.7125528611177518,18.40112603573683,2.5052663466583462,7.793373384114195
0.0034466167655686115,-0.01719242491268153,0.008459630917380369,4.053050507165938,5.550501667185797,0.5771902566123277,21.31829379726292,3.1035705342084543,9.004962685422122
0.019167762522158686,-0.008062069038492803,0.014564124369089118,-0.87318330621844,-7.042884295228693,-8.944446857245136,22.20790521574375,3.1002123381539266,9.32246450715862
-0.0012301065736114794,0.018488471501306458,-0.015603198790062445,-7.651431369491255,5.427460431786201,-8.852931500641162,19.635401249728098,3.0407240488896483,8.20951037529476
-0.018382399216898184,-0.006403601747716134,0.013129121910428677,1.0935286569101699,-7.096451059181668,3.98024621515329,21.525962642742705,2.7699949486437476,9.165629833645692
0.002864888120744813,0.006370861753829806,-0.0056336408823107545,0.48899290787179694,-1.7098676966785238,-1.9552400486826436,19.613138896573087,2.302053229299882,8.369338543105888
-0.007234755979204418,0.018076433838777852,-0.0380530702189745,9.521378007883573,6.1377508946435775,8.426947512450607,17.882385784146983,3.516745113173813,7.551978339584425
-0.00916883359182096,-0.006587927087196759,-0.023433788134443495,-0.13783748537814233,0.04502378826215292,-5.488925747215667,18.273348469367235,2.489598260401765,7.723263020597678
0.002616336822006019,-0.015598169518487422,-0.029304739834785563,9.305616613722886,-5.594740702570209,9.827074446970457,18.38949731837639,3.3553130956759616,7.762866729380868
0.017350104992821847,-0.012260896787292794,0.03944110726741391,-8.136303650082004,-8.814249160944215,14.784966027555917,24.882156406209923,3.4951116863358607,10.389820585453482
-0.009576306652441389,0.010232229796200414,0.02435190471354718,-4.245945558999999,-7.801250489618927,-4.869308833613902,22.489518633756077,2.879965666318837,9.609501470748992
-0.0076794942409401795,-0.014503382059404612,0.019970878040094772,2.1893707140749967,-8.803886409573467,-8.926743160482964,22.62480620846954,3.0864617106493,9.485236156709039
-0.0033599667368754034,0.009560184619444693,0.0203324751279661,-8.721693956400507,-0.8051930838452073,12.517065711028646,22.401747586922127,3.0055678142637965,9.48544429680529
-0.004232002933923482,-0.0007135721446809157,-0.021871036984396436,-6.956595455546253,3.5572031583930386,1.1118813745716274,18.831786204456478,1.963605319330377,7.926927824691726
0.0039254795103359184,0.0033785223847729758,0.01296564254782212,2.7487058658046966,-9.734415154072945,-14.635933868533694,22.136154229046188,2.85442654217993,9.29053715820355
0.011330933573484279,0.015032193355572005,0.026547121923703378,-1.6712638236641908,-7.645316369092157,1.4812379260143516,22.71434811108521,3.14472992380083,9.696796858821964
0.004222919080064214,-0.015480343785261912,-0.004151943609569747,9.906605539588611,-4.3969493061690805,-13.088931965213952,20.41705951499639,3.61948261443139,8.691552812373214
0.014331854751734794,-0.012862214190067976,0.025990446150962222,-7.127759241952045,-0.6234074859673395,-14.41445165839906,22.628199562905913,3.6349574301749685,9.712117851566639
0.018654989581143044,-0.017467061838391366,0.031145333035405377,7.480785097896746,-9.791195140717024,-2.424068388222718,23.94728145585908,3.609297132839577,10.059387343645641
0.0011275489649655995,0.014179112438431212,0.005291445836766086,3.515150819673025,-7.339544208701698,-9.534528197850456,20.9587802293437,2.9937482279133456,8.955493722668438
0.012600056114643241,-0.01844808749345144,0.03761735687454059,7.981279802842863,-2.357032217691901,-11.704287088607893,23.749149713379815,3.9529737903905073,10.145412567802374
-0.017238653016084706,0.007071835976953652,0.01651406270348999,-6.1082121197740396,0.939367558692739,-6.982136414942799,22.1889088962812,3.523971124357926,9.314486546947737
0.01412720991428736,-0.019388972264930752,0.03696123683258027,-5.448505809280528,9.135045046727189,-4.64520179740529,23.785760559281538,3.738770150797454,10.138472530281451
-0.019291316168643186,-0.017430646312301696,0.027861756699274008,-9.968684604617684,-2.031056284070363,7.897656837146901,23.141268531266174,3.759995380213871,9.870965521469099
-0.014030534121398826,0.006880428400394968,-0.01841697020885988,8.914427448051832,7.805095605495328,-1.3353047510931244,19.546587221468716,3.0436717153190256,8.212742007526584
0.018408622067898905,0.013673963264623678,-0.020050926496476267,-1.0427407835608982,8.399830176602034,-2.906887339539626,19.032427199387417,3.715479398639163,8.050639564114006
0.012496603080448292,-0.003857944936917993,0.005779397028966633,6.526766952977901,9.003770151578784,-13.601194947402249,21.564346980803602,2.808194492809376,9.036046830638702
0.0068597296351765626,0.0016842366288671896,0.03933902606533573,4.306386687032315,-9.735286854037659,-8.687042309196446,24.256069387671122,2.6489447093230094,10.233302667332474
0.005979693998172709,-0.003880277130859637,-0.016803489723309264,7.8580748143659065,-7.134026728687215,1.8848353710778554,19.375014286212703,2.1562219923266372,8.188501328991839
0.013063402520781319,-0.008413770326207923,0.004429786996666074,6.986243674315666,-6.137620978185129,0.4303561878636799,21.039034362817983,2.5819782934028326,8.941342934897717
0.0035191293058046587,-0.005798810018397807,-0.013424365138086359,1.9364117571184476,-7.796179455473668,7.239826829523974,19.45596500553771,2.4442170472184737,8.248103803625945
-0.0005336586604174666,-0.002655497302070802,-0.009175197610911755,9.38188160785679,-2.9721011468020127,12.06653823057674,20.180894206740216,2.4197491850623982,8.450318067980737
0.01770753423152342,-0.01632395807514494,0.008023386655094722,4.363307831450491,-0.518011228344994,0.345096854894809,21.044452003227892,3.3004066247740287,8.96463924889259
0.01226261382305818,-0.008629441511019223,0.021579866589065876,3.0922519162773128,-1.0382081443990572,-9.954979201018446,22.133597415089376,3.0479747636593646,9.415284604157437
-0.018870990913452936,-0.015744116843362983,0.003519414257005374,5.237806898547371,6.716490769427292,-1.5404276184269445,21.22401536991987,3.26019920788646,8.95103855597424
-0.017772292816247082,-0.0018817377557833158,-0.03029663567947556,-4.813982172064066,-9.292267918677835,-7.427091108951061,18.242632706663098,3.3572556535191196,7.704951699687015
0.0028193273289577603,-0.01741004925890596,-0.013273640402283265,2.049226398862924,-9.242453102311794,-1.442873599712021,19.95546403244687,3.1907984700452907,8.320408566980397
0.009860683002530072,0.016184301066976225,0.025957784699325602,0.7235166689251287,1.4750185373567817,9.023296348834009,22.384281407598856,3.29846631101105,9.54988261983541
0.01049325066270243,0.019596312523763693,-0.006453613983983662,-0.944968893068781,-7.840140281971683,5.6131246145023255,20.09436121545676,3.266813732476653,8.543551298648044
-0.008936460347327632,0.007544751453423343,-0.029756361549174395,-2.1747332365267624,8.519832629010217,-6.364178910435731,18.249661931775627,2.875208966447531,7.69514502331451
-0.01405656292068147,0.017147722287380967,-0.009809234580748658,7.364861051640009,4.363181850175593,-11.345927975342711,20.35367087252984,3.837316555839172,8.499412719956172
-0.0014886820480050182,0.01843695540550389,0.01054073804477225,-0.34242563035155626,4.462841635262434,-7.77908340722001,21.321282172770776,2.9707771036510326,9.059531394090403
-0.00593377315809907,-0.018019646097730973,-0.007070286788473289,-8.274538344230336,-7.587642195195201,-8.7307812404504,20.248175001237207,3.383048212207919,8.600981652083044
0.015166208045780113,0.015615159395024825,-0.005757403920798494,9.244898354916707,3.842660677800353,-4.046193955245146,20.739583061262703,3.6223494368452083,8.64274819763317
9.713696479284398e-05,-0.010448257849930465,-0.0010636863011646916,6.279506408495433,5.646338093960965,4.1756868596893,20.500490292335325,2.696312061543015,8.691828540082014
-0.013621979455245587,-0.018214748973559774,0.026196225377657333,4.278510227105542,-0.5694034465682059,-8.231010846129994,22.45042589467365,3.290103445251777,9.600622410029088
0.006395667391895756,0.01054125973072828,-0.0086415856350988,-3.5603141217632412,9.358051028472126,-3.086980644340091,19.81210332219647,2.789894136824998,8.450245811903825
0.002216518172253372,-0.007865417910923735,0.006381832977880447,-3.8146474603457436,-1.717044269661125,-8.489348791451707,20.849345194231084,2.748398808110873,8.874467811549271
0.0005937761417133813,0.003757590377826848,-0.010522927817435992,-1.5342759170883404,2.4077028532356355,-13.58059422166489,19.470116391073155,2.551927756291002,8.237521601078651
-0.0022892602812034923,0.009146692958004733,-0.0032735540024151563,3.938165531058278,5.83547804565905,-14.500519062827479,20.570771380754874,2.8132257324011167,8.637644748129079
-0.016655033747670033,0.00921559668132093,-0.018139064335517582,4.272320988736556,0.8837879848862702,8.726992579281685,19.199783420702573,3.6157939482769073,8.040338245947867
0.009739535845180277,0.0161832495162916,-0.03889194853446862,1.9392222805584503,-4.711228112609335,5.006349068977162,17.365593192238578,3.134743374999993,7.320736362254481
-0.008871505779548735,0.004817213255055006,0.0030215743170901796,3.1370309302636237,-1.4364308093821005,-1.44321862194281,20.58721372884114,2.57755166415067,8.719429917479426
0.008592317748276491,-0.012791178530311616,0.01590460414673265,-4.887710987389711,0.06265149469905573,-0.6441113095229802,21.712859035378173,2.8905994805182633,9.247273414943411
0.013249505631041856,0.015419436893093299,-0.013717678941498442,9.773141114514225,4.6715715205658235,-12.307376691046201,20.41783458306043,3.8760000575656006,8.419519275669435
-0.013723622455877962,0.001800369362222002,0.02683886790092172,2.0709395209704837,-0.7234333559750858,-2.077878517012305,22.461572891963353,2.9008648238204335,9.54801290721669
0.0052258126162252685,0.003950147722715635,0.0029594261533828353,-0.8043044618034827,-0.09727225443228704,9.126448178005681,20.45587705069878,2.6095369545015092,8.66205524388156
-0.00019075796592292818,0.01597745602199273,-0.01102172491929064,-0.07052559181065021,6.285945830827924,-7.28713907044964,19.627741284771005,2.8878858618155068,8.319968606465126
-0.010175258774337195,0.0026266311117162967,0.0009469590320672766,-6.357231220264461,0.4471089634555181,11.160252761294103,20.46180641317701,2.9922800831786676,8.734986862056767
0.003005696977547361,0.0024700041519689145,-0.033025101346533046,-3.016567850600751,-0.29186665223488006,0.9363450096840289,17.514496277698246,2.0109163388126507,7.401003710848137
-0.011001255914579984,0.012599518504604227,-0.01461498515232864,-9.019548107815012,8.974883733795444,13.432479894937838,19.68486234822195,3.7407033657213704,8.356254257942798
-0.00989194219559368,0.0033527114790690912,-0.011971691657874255,1.7213977966034637,-7.798971436288625,5.550280425557219,19.584137708934627,2.6881896973674544,8.286708134796871
0.017454147544908396,0.008417699535808173,-0.013723238115581796,-7.6890834960889265,-8.343590640454174,13.886991597975847,20.372245718693875,3.89334510036927,8.422016288441664
-0.012993280898536023,-0.0005539646903870744,0.032206698620439504,5.331298164456545,8.925909795778274,-10.09030872383577,23.458389851762877,3.1412936953556403,9.983347432964841
-0.006759142130689951,-0.014182395801715405,0.03855994468662768,-1.1163355902253151,-5.978684480807416,8.342784522597956,23.612515921599456,3.3477647808921414,10.067639663146558
-0.015504865824140502,0.01877442870235913,0.008052490596325533,-2.885610111091175,-6.908918138692199,12.305907801994778,21.32689352779013,4.274542740966515,9.073094657076659
0.018446407205724432,-0.005015367455410242,0.01073519792700682,2.9647941688756134,-8.58461884961506,14.09240827861202,21.556151439069577,3.6403420159475925,9.222063962195543
-0.008700673556935032,-0.0075604493247850395,0.023280065773413454,-0.09547432908115283,4.692024338835433,11.77437027604093,22.59333683760376,2.9836688817176453,9.523833753995625
-0.0005319558382289487,0.0046420116483560925,0.01261099992719971,3.1646625223698415,-1.938312394273055,-9.031387181026414,21.290832442561,2.3284718364869668,9.078486507350885
0.01212807899471931,0.004358731123166839,-0.032837968516242794,1.8849237269396752,1.3515739475667043,8.275440177018474,17.549107496478868,3.1529238695100954,7.416754513095536
-0.005954247473292065,0.01801989082214563,0.011984907836123646,-4.504935840724908,-3.1419974731693827,-5.084088065434914,21.289198014567976,2.8082821394289637,9.08972500208073
-0.003857055841550109,-0.01172481372644369,-0.01658196643651558,-2.7833152736569255,2.033128314055128,-14.689827335362937,19.167853579688266,3.2973741814051163,8.075211748273137
-0.009217129826466768,-0.003710770537928721,-0.03108561959476468,-4.011359096476841,-2.949410417585896,8.808555292154352,17.769781049761306,2.5742266798094477,7.538372444514919
0.004138182081623181,0.004614445723232979,0.031170598986325758,7.2000150423237095,9.20978771293645,-5.909402501660111,23.65652035747579,2.3918624993887896,9.949287876925833
0.0029903679679636717,-0.006483490739504187,0.027581888133371986,-9.800927075702585,6.664275057742799,-0.49107404753008765,23.25417617058198,2.341817725958705,9.812418401438087
-0.002079849350081431,0.00020217182084139584,-0.008707116523603758,4.505046510757644,8.115996571219043,8.107675637744233,20.04932260143708,2.255880558661654,8.4540644140535
-0.0039064222047549835,0.018380426161785642,-0.024663104146519208,8.463797101711897,4.979539193772196,5.320055086824507,18.91451458001221,3.193737528742444,7.9690578326848645
0.010133290106174853,0.001130161618997625,-0.02081241959614939,-1.655385312083295,2.688684574164867,6.638500480226732,18.507309776152116,2.8072582783534155,7.8544581412413015
0.01745947531765157,0.014180505911977035,0.003872233798119157,-8.607135623908803,-6.536124050702075,12.711888589066675,21.760363758073982,3.968918266421782,9.02123643968926
-0.00021530660827124778,-0.014832706926979914,-0.014017812136883832,-8.563998506260875,4.030536628766004,-1.4438500391755067,19.695023782534253,3.005812464805573,8.292806614972971
-0.005814538817391864,0.011143504096607155,0.03453485304326128,1.4070258874882953,-7.069511857185109,-3.430148383322077,23.27905313122465,2.572639664783438,9.950196261648355
0.01886932695989847,0.010561776554081942,0.03495698872835124,-8.36970983532468,2.232624363959596,-5.967484945568138,23.51345207631081,3.72902911378766,10.025314432634946
-0.0028142455544693454,0.012261743578894143,0.02119835910120875,-9.238701753441267,5.267549575761176,-9.201728195804453,22.797877236636825,2.6001908128759252,9.559240928565238
0.010942025538068285,0.003209783553345398,0.023528711342670046,-1.105333831042497,-0.20380402364384764,-12.08466870829789,22.108830615902257,3.097873014466214,9.42588330360742
-0.004112557042317357,0.002355228381403278,-0.025804097549212195,-5.480551112449408,-9.987100407725418,-0.8650263753513983,18.56645155372142,2.024519061621523,7.854350173751266
-0.018195022246099764,-0.006668214233920562,0.001146442498106498,-6.001807403668577,1.5384700465418426,12.924776342166702,20.60794026145293,3.140250950236499,8.801039916407385
0.014224475801271372,0.014464408215280607,-0.022803586571837002,-6.0332676296610614,-6.608073034493447,-12.612572969309905,18.820562413756498,4.00171292617555,7.976713693288483
0.01888167475446687,-0.013395665016071217,0.013891571213772005,6.420271216654193,-1.3508368368718155,-3.39417607227829,21.586690417800828,3.2586731059029965,9.225908083892822
-0.015943643990889655,0.0033539130452092704,0.03963219369374329,-6.961940340693367,-7.274716665193724,13.40726890555101,24.057268098142192,3.483152830065955,10.22664275153246
0.003128106057461194,-0.011756297841168677,0.02378436630836272,2.5102708948746475,3.6031410786209435,10.120095398687567,22.465893039386287,3.0265640280794353,9.502370578349918
-0.01403426408278229,0.004627374115740528,-0.02795948720172886,-3.063593469065628,-4.649782363833768,-6.900637697281146,18.037676973397346,3.216488589739301,7.663811875519484
0.0030214776880308943,-0.00349545438273308,-0.017426536762405017,2.314646073179574,6.999585058370176,10.70798341124486,19.28618829834803,2.3748001174061257,8.090473404658336
-0.008853648728693661,0.00033839004442900306,-0.035910890673425726,4.999551763366782,4.850854320608338,4.520071201418869,17.508983030650274,2.4969705295620916,7.422229124425296
-0.004871407465070296,-0.003105964134785779,0.017403204162507756,-8.509025411795397,-8.506797357928006,8.709528923326726,22.495254532791925,2.493038410284287,9.45456841697904
0.009441984042892204,0.0028849788475930685,0.00991944091706145,-5.218476870602389,8.805733112742793,7.309651986754606,21.469840856516853,2.783933257873655,9.122319340699834
-0.007486528892286751,0.014970606578931175,-0.02794925146580077,-9.830792890028562,-0.93857099554209,-2.29601576478567,18.478389037173525,2.8716026912652786,7.75871905811221
-0.0033354018341140747,0.01295125594418248,-0.029838129981511988,2.290789785849368,-2.9227245252508993,0.1564529587010437,18.010533918005155,2.610205203659008,7.575340412546483
-0.009520497486686966,0.009785790747845868,0.034176558256685176,-4.535447208892409,-4.136297873254657,-12.784082293644875,23.1758002532479,3.24466118976422,9.921793162483741
0.014793516981669527,0.006935847260785045,0.017336748853214526,-8.427566996895328,-2.61248553480325,-14.180887842272519,22.05215881115591,3.6867990971357205,9.411126307959528
-0.015220501307601011,0.014556894153167976,0.00047875681745632864,-7.570963069340461,-6.063072472695509,-3.976553830818885,20.56202937067857,3.3978053935247132,8.791679206845663
0.00436028474410664,0.0005571673976320669,0.014075100714128964,6.876162946695402,-4.304558594496514,-7.750838483495585,21.627676613393398,2.3591554826318832,9.235874705641146
0.006047940607787156,0.012463143665276236,0.03873441154544873,-2.58197549460915,7.88729419253707,3.7308936147828575,23.686524012320845,2.607716614268103,10.116491109607074
-0.0008091535029406266,0.0003587249515032524,-0.03925388112511005,5.518934937770819,4.032632761954911,1.825859470379946,17.228885007173975,1.8766972074339918,7.2728651394042885
-0.0012302593766429573,0.01914357586267376,0.03509513850835163,6.2677002213970425,8.252139391335,1.1737620517412246,23.93924724688418,2.8766347513386648,10.104845062780536
-0.01730806517061168,0.004274059231922832,-0.006191087814031909,-2.3773361276763865,0.585928127469117,12.370543925321694,19.77602138937288,3.5903653912559648,8.419187535742825
-0.011723462931037813,0.0036710710136741917,-0.016703598513941254,7.887590364690503,-1.680392362120502,8.775364512444796,19.50836401428434,2.979181317720206,8.145072734069466
0.015489923331496357,-0.011405978505863704,-0.016210195871024,-5.842987456474735,-6.7082706024848076,1.4019862036706598,19.626452225638698,2.800990662979524,8.248103103335117
-0.009881958385802579,0.0048178825842349095,0.0020878100411380815,0.874654382536022,7.620490644580528,0.12149806379423111,20.784024215251616,2.5938063536849656,8.804633922569767
0.015382161550530678,0.0011503870317792313,-0.02921231868732775,9.697912557160176,3.8205195003594774,-12.370296712653307,18.83295057080542,3.196858987695206,7.778544731830621
-0.016323836312400086,-0.006544223410083103,0.03472763688472521,-4.323140806288855,8.93170476294576,0.9677267444037323,23.718834066288853,2.7707621140800196,10.073817069641919
0.006789581293050913,-0.01743085273428118,0.029758254488263032,7.85440789775523,1.72394704340614,-1.6658845319053466,22.91839061677492,3.2747316029945326,9.792659567770256
-0.014838350478473795,-0.01571090317346467,-0.002625581256240156,-0.4696480320216967,8.586925489569673,-14.369123421705583,20.591961654892692,3.4920319780972107,8.762794066810335
0.019603352425396372,-0.006223180904487383,0.009819911544583525,-8.867041209430637,9.173707656285313,-13.378602772563076,21.896910064589132,3.1791397966650594,9.24442523861297
0.014109085518178615,-0.006887741033404771,0.03449939466660796,5.025859596033076,-7.798901019351527,-11.025303487550195,23.904422622425802,3.011107572576943,10.063352936300271
0.017952571104149943,0.014711827752641179,-0.02560577843812447,3.9271801358651075,0.21311719699248854,-3.879201976082241,18.658892297736102,3.769399246136566,7.784215967272817
-0.009663779754230366,0.002550540914803348,-0.03816264565400861,3.6355640037604395,-0.22119754605877162,7.531866841095727,17.36513806366875,2.767922295380052,7.259762561753728
-0.0015854144531399182,-0.006999584821608678,-0.01459791630573732,-8.420843480832033,-9.078309905831068,-13.810240696061703,19.753528490414478,2.826127623195743,8.345407971037451
-0.004737217662715003,0.016041820883139792,0.03750034069899468,-3.188561159057974,1.4944405855421454,10.273832379960634,23.317707514842166,3.3371125599807736,9.966716084089853
-0.019851797404197367,-0.009401210648556627,-0.017904528742414005,3.651089425999201,5.729996650168317,-2.3132954745377923,19.270451975781025,3.091092112606623,8.13035620406556
0.01145104586191437,-0.008297100863987512,0.0032481834258306294,-5.8059814314924,-8.622522703902222,-0.35247367863778756,21.123603096973525,2.5553154315853783,8.940804011191375
-0.006576548500465828,0.01701856964598566,-0.0036000777656585645,-5.162544833066518,-2.7128585159388274,-2.7848269549705975,20.053632418343515,2.9008910725817034,8.532469002994066
-0.018454581284439078,-0.005468135349475895,-0.017586015972679742,-2.0418893972509604,-1.0036439975074671,-3.216060791823441,19.005376649941883,3.145442997855522,8.005940450427932
0.00938926703660508,-0.01778277366602149,-0.037971812855951644,2.2854170054330414,0.9428466972327776,-13.490106172965316,17.463858089714257,3.9322148427770904,7.290504670126062
0.005955636954159269,0.010798192279489464,-0.02017303659292776,-7.939008917271497,9.50992887647584,-11.400893784347707,19.38516192429329,3.18663980513891,8.123150129970597
0.0022921199065574042,0.01692693254373823,0.01873006176676892,0.24253734248574688,-6.745125555115097,-13.461103968314717,22.080070612473865,3.39331346851214,9.408192768868878
-0.01710932976667569,-0.001968329385952313,0.016234993401551254,-3.030228586014518,0.9021908099994906,-2.174407177675727,21.834676255959785,3.073597548578455,9.232491344874436
0.0012041495008297126,0.0034573887934342996,0.016937401611856952,-6.873664316419761,-6.19092571567605,-12.096745467021895,21.94356780793658,2.522393065930275,9.36761921744258
0.009456150057929463,0.006559765718398593,0.004587324288557008,-0.31644261144131214,-8.019645817468017,-12.152567688471898,21.235022076950692,3.2353994023875177,8.928289894770568
-0.01944761197724064,-0.0022328310172065047,0.001366786561290037,-9.832450392709244,-7.393455100787126,-7.779521237318949,20.86423277874223,3.4896231606481765,8.920280647885217
-0.01900417083210604,-0.0004250033171350476,-0.017903957205194408,-3.576846444482422,2.7316895883907932,-11.590571752581479,19.43485341509769,3.706178021960213,8.091852444334993
0.019778005604630233,0.01048005102634194,0.017521501079134784,-7.619207439849067,0.5127401582826785,1.286315239942649,22.26921158829161,3.545819580582473,9.382224390132837
0.01444878890087405,0.014710003152674577,-0.016821867592454263,9.232629783466216,0.1067443619752595,-0.28919398899519955,19.52687594978897,3.36791512505073,8.216688974916105
0.006216609664450878,-0.006401239480369246,-0.03535215255394805,3.112369090927139,0.3914326755715809,-3.306017578700491,17.3221600839048,2.4531213535581777,7.322090522409974
0.015762344872819602,-0.01889342577618623,0.025380857725227336,-7.361887693232035,0.44940446652399224,-1.008727965354769,22.846786595164115,3.5040777396067146,9.698835257085118
0.017979649224876573,0.01946258184422631,0.036633091938987956,-9.431426615509205,-9.821272659612228,-8.163802314503034,24.022838196463024,4.282253203595089,10.22686859424177
-0.004427130656838222,0.005047780737341929,-0.03518486576953049,1.6670589809448604,3.8845433796097257,-10.201594113476977,17.502576282737138,2.6599792118000254,7.389903164857946
-0.00046676904313319376,0.012815399367711328,0.03245247379985488,4.453252584875042,-8.034157840895427,-3.455260160871868,23.395226481527093,2.539011872694672,9.942095456998702
-0.008555542228854983,0.012715829491324205,0.02060518995687218,1.9776153359328,-0.5681021828472783,2.7709036036531955,22.081729800281128,3.0301565884565527,9.353274990060909
-0.019125579105327577,-0.0034770816359010644,0.01068165722725796,3.4012832693472106,4.452993705058027,13.829398393172266,21.66033781083927,3.354776156113814,9.13929605119239
0.011606385239339444,-0.012274728640327161,0.016645640998535355,1.3704528417710033,6.77298260160461,1.9964711594230522,21.97651399579828,2.7729491696908672,9.284358177936872
0.00879928359351826,0.010721249627072861,0.02643561671845534,-6.592960909791252,-2.905713964794039,12.976550210096903,23.0721475892807,3.220243144270061,9.687379809813045
0.01182765634264053,0.012636554956031696,0.03443346548697549,-8.331574813380039,8.315657733520208,-2.5097082167441,23.629850871844447,3.23831506572994,10.04798791281032
-0.014621324834947477,0.016012100186689738,0.029096590182576466,-4.4049332939003305,-3.28302335261548,-13.841156202466177,22.97457827462479,3.8705151754286726,9.75334037446852
0.014769391144452238,-0.0016644002957095505,-0.00701439959403876,7.7658035171401245,-3.9914022187092186,11.395784005875125,20.214477207841213,3.3409884064747244,8.525043568779106
-0.006543837168996664,0.012736954722046712,-0.02285622426404596,9.233521612134464,3.5791671172244683,3.887786717737349,18.960935165024736,2.9761711516694898,7.997839137927829
-0.009703459106436796,-0.014642101138787793,-0.009025154584822427,9.679603593606661,8.494561698896131,3.2717560713981584,20.33483218674873,3.2210853793064325,8.571229320826891
0.014636801440452003,0.010032842990528888,0.028543590482620805,-2.5465664954195377,-8.063557844877192,2.807611523605665,22.98616146241032,3.196493205586322,9.78827381245902
-0.015403829258873531,-0.017706735655825118,0.01976609172183908,-5.116140056533269,8.575830577349787,-10.569170320139401,22.804269361543398,3.490256783861384,9.607351803339684
0.003696449500337925,0.01016336547939118,0.02124449808751798,8.042001552494586,9.883544604655565,6.223369358618434,22.784613874604933,2.5742402637566597,9.637532496854949
-0.007933668062792191,-0.009610850984250302,0.03131420865986092,8.247238785841752,4.695696099425483,-2.194056629511712,23.22030863514716,2.4866607096848745,9.886561909259468
0.001616204088701001,0.01754533263447817,0.015226159022785568,9.964840863468801,8.201064152703538,14.5178347389129,22.26045928545528,3.268944605281585,9.492672732553537
-0.005131928084805662,0.002928273940973794,-0.0060409813495789985,-6.269969154368653,7.642805670052834,-1.754045547604882,20.290616062957877,2.242420592918068,8.544601769521064
0.010869596232334699,0.01705649833545696,0.011128408250914094,1.2191463121048365,0.2915068589070948,-6.266379956605025,21.41145944504722,3.5801625581850547,9.03012005346903
0.018184316894563336,-0.010780672031702623,-0.01356225996421908,9.683441889644378,9.553637951027774,10.205559205108255,19.7790601077028,3.3538586610664956,8.394301700612267
-0.012055988317742993,-0.011809427681059642,-0.0335605886291881,-5.802300297728246,-8.220038047651867,-11.419597889590332,18.148810579591157,2.9216841483132057,7.609246286815669
-0.017148654449697726,-0.0008346672295172081,-0.02180312662108511,5.598109783252612,-8.997036516045757,-2.922261550970406,18.990336470730405,3.17918674941114,7.999629036736487
-0.0016537700063133272,-0.0006615313956961875,0.003156573374826943,-2.1984082257397652,4.81456604606606,1.7886551106945134,20.62383157142059,1.8381308700619619,8.75752388263534
-0.008284894346963188,0.004219636192141878,0.03249487942924436,3.282995015650183,8.493197435297326,-4.712048323526357,23.301691104346247,2.65484121811007,9.935023974928006
-0.00196869383745904,0.0025771135085778316,0.03799616402184953,-7.439827253710238,4.198289132535235,-13.502541064317622,24.053616199361784,2.507726671800577,10.126761376938845
-0.003583573318955216,-0.0018487180724724925,0.0023232524116220885,-2.9934889104646896,9.325132162630798,6.589075973142457,21.066597239330456,2.1767584477360935,8.854074698983467
0.01332102915134992,-0.0022933966161852067,0.0164970288969159,-7.696296319530555,4.787193684401203,4.499765912438967,21.869351387878517,2.845490810977586,9.35061751378721
-0.0006808472224164863,-0.010453925080516565,-0.0010365724213628608,6.093057916245542,-5.476866122005242,-8.710590135094215,20.565113517582915,2.895917179747586,8.698737019036004
-0.008363139054535722,0.010300134052055373,0.017669454129160635,1.7802577315879624,-4.281567506496604,-3.935319505300942,21.825873664057458,2.788547897909954,9.284413194112695
-0.011367537265427687,-0.0013577771242338568,0.010616549178143177,-7.6935550636583105,-2.5575654957815424,-8.548317548407333,21.554478052087305,2.9077555480289066,9.129136812326534
0.000947695525292138,-0.0011826861692255004,-0.02646848706461892,-9.774076672887471,9.049212493829309,2.5424718189659004,18.80923095525384,1.870058729902106,7.896084048277763
0.017977227292878106,0.011777984189476263,-0.011269567626226325,-1.0828433408252476,4.345952121250994,14.813412006986564,19.558885657539438,4.118331404193334,8.29585073523306
-0.006275063156899425,-0.0025007307174265726,0.010489115244625424,-6.567059589716284,4.311922124157148,-4.865021135420793,21.634598782818077,2.3329707476440595,9.10498264802598
-0.007732721985949303,0.0017309208215368216,0.020291465285501957,8.202105026391326,7.1066449237956455,-9.24676985112014,22.71332207340101,2.7750360531894636,9.550333980801552
0.018539455062169762,-0.01812853548453874,0.011524673388500363,6.725167860314976,-6.575406217933111,5.687289735119023,21.816660025699,3.2648057465784,9.258078984279727
0.017579429157130632,0.008127763555782427,-0.02242835967762294,-1.084963370299965,3.2400642858274864,-2.272232690419475,18.54793421701001,3.323784801176193,7.822154209674181
0.004634140831356472,-0.00925359211352271,0.027772246665212073,4.56017463868368,-0.21790282659292615,-0.2816288584651243,22.494108625228293,2.502095653308225,9.62473843332155
0.006571103411672219,0.011508754722557146,0.019320775808359426,-1.620274738076894,6.599890346218221,-13.620071689977173,22.043619081719335,3.350645577198775,9.421349178650761
0.011619841777429276,0.005222626712502208,0.00522531627317168,-6.2577411424048375,0.6032107691752397,-3.3765771084318814,20.905440539548906,2.8481731885936754,8.86993927817818
-0.017359492450627116,-0.015563361478295503,-0.012148607473689694,9.2165292401798,-8.531416311229108,-14.726425427528003,20.012577633568295,3.368329850018032,8.449518204217508
-0.019654031562923027,0.000436307634057026,0.0004233780196040565,-6.257833316363309,0.25518638248551895,9.483595859267552,20.60160841537727,3.3970710575013174,8.751944193540506
0.00010471993659723691,0.005202764069482519,0.03605235197747771,-0.9902518802575955,-3.259434184517649,-1.1741873996710321,23.122504496827805,2.023148963782192,9.895907000998482
0.012851914944124274,0.015118495745605854,-0.006533489757182931,-6.814442053274807,-5.726994112645234,7.852793996861912,20.506604415277994,3.409281409034032,8.546191432365202
-0.009238637881126529,-0.002092069489492067,-0.010645370535470738,-1.6750597999963706,4.530968607337618,-0.23538726768389218,19.52415703493511,2.3705700986811236,8.275789104792374
-0.015630951119584048,0.008357398942560094,-0.010402883520650805,-8.385989979795827,5.717157013071256,12.189572305033401,19.92089654567411,3.7444575053860496,8.452620390558314
-0.0013159250184515692,0.007712305578970104,0.021865909291460567,6.8833025238128265,1.4632267020951701,8.0900078385589,22.357488997108014,2.5656487915517614,9.50018825217206
-0.01033389432454733,-0.015037564711325295,0.03313854093123863,-3.9921073467873125,-3.609069099010438,11.613057798563549,23.161987016135793,3.6301406004840886,9.881602379531925
-0.01164767379834784,-0.012271811189372728,0.002187614102283318,-1.5053883910492942,1.94921300295141,4.2377757264223845,20.621243604611102,3.067060906414152,8.721679564620285
0.00310201411965488,0.010669597007970481,0.02572283389422967,-3.5905638548205054,3.4648464459853567,-3.488053794904184,22.464752923919754,2.61028200280637,9.561565969376325
0.00330445614895147,0.0035918028727900675,-0.008484025972616285,-8.881930642372623,-6.838047821817725,-14.710271684599496,19.973953418136784,2.808503115355703,8.522629629041468
0.014432869607304565,-0.002361229236031038,0.03387497279050324,2.404373098095469,-0.44589251448838496,11.974809789091463,22.969855715191382,3.316610361882458,9.827615288304298
0.013246499028943117,0.00296057234276775,-0.03406714090896844,-2.1592174241716577,-0.23600842720277804,8.42974012439511,17.732189277678717,3.192013456052966,7.396021510540408
0.007909123871459697,0.006695112391473582,0.036371227918173425,-0.7767668493243676,5.200922891385947,-12.517801354800064,23.360856013482245,3.1025868903829994,9.98094034011335
0.005909843682443121,0.016709251317882524,-0.0340421792269751,2.916708710824203,-4.8101384732282,12.522604397495517,18.053074445841286,3.221925346682457,7.539587255231489
0.009505145217195084,-0.011113648533256476,0.0049124529131301595,4.484365897978172,1.629507878817126,-8.962158464721547,20.80073563736515,3.152312937075488,8.826353978033717
0.014151323828549448,-0.0169235548392,0.03639472203414946,6.962681233302764,8.78510595158754,2.5263744622608897,23.82904159920078,3.142285209675769,10.11267256486521
-0.006387191740090068,-0.01722319462766088,0.018402053303022595,1.8322031483219021,-9.535449105738408,8.745455087079982,22.263308026240534,3.6173168455670677,9.440221425641527
0.00032240040115942906,-0.016709288098298015,0.03490499510189193,7.111866277562818,6.427236598959361,3.199568871981878,23.608014021252885,3.1642946208166967,10.028012616532793
0.012493510727022119,-0.00103798523743329,0.012296233652019886,-9.583402354523257,-3.3623070982040826,1.574610064694543,22.05054040878488,2.711933185736285,9.24687932342849
0.008665599408065897,0.012459757378612307,-0.004767942220686085,3.718179301825721,0.610936923431872,10.692567301983804,20.062196235040815,3.220795545877481,8.49848561003846
0.00675163013776716,0.016753759862216364,-0.038185834572528415,-7.073623314881803,1.617557021950752,-0.40970569363968323,17.37655109314592,3.054953584689504,7.321835371417158
0.018578066928888564,-0.01108430351583927,0.005001546237004176,-1.5233599259280979,8.317540149422065,-5.988920354685719,20.98616587897366,3.173627213568845,8.912943236742617
0.009745329999244531,0.004014516580137743,0.004950310224851047,-3.4732946045347246,-1.2052256562200157,-5.849719135355949,20.711037124219935,2.7807520592022494,8.799482391514461
0.014634904210407262,0.008985839246587541,-0.031659817529983626,-7.960766017467975,-5.460863412695374,6.240629559669447,18.571009922344963,3.3318008900837732,7.672708102559387
0.008484342827144702,0.0004080271551724357,-0.0026716150920540055,-6.5236861398343216,-1.9157108782961068,-7.44257237063207,20.26337460324792,2.5862256388587235,8.605597051031507
0.003683014415271583,0.010686311680371183,-0.014779152586621463,3.2595339315759837,9.053979148339426,-0.26280013957632065,19.51558263017592,2.48417720269256,8.246795753684651
0.0008909692293641129,0.010212488892872528,-0.015352675915586946,2.5899252751575403,0.08046700046705624,1.6749564326866064,19.022139394955385,2.272077055502859,8.059335764733284
-0.013141411035672337,0.011120145581430218,0.01943265551299226,-8.475929485207306,7.622367745933548,7.2210926011702945,22.466989668751612,3.4690889563145335,9.52386716778431
-0.013196287416974584,-0.011701000884250768,0.002303366743416385,3.6615100091354122,1.6286291172876552,-12.020095008308793,20.367291831865085,2.980952097761247,8.744407023462117
0.01636015771320577,5.663513211054405e-05,-0.003055922858631724,5.1405118241235925,5.751995780871194,7.683498997193418,20.296649781876813,3.3562953672779074,8.606981945644767
0.0011568730884438418,0.01314170493191626,-0.01460763930956632,0.49931387896717183,-4.383194294510908,-5.170025475161397,19.03551981453103,2.727366416954424,8.125344987421085
0.019261090464778505,0.011196964204592402,0.020964292040821536,4.497663018848492,4.0453306251716015,0.2911636737212877,22.462287773782094,3.529203044243451,9.46659673083034
0.017795102271603514,0.00011021184072121382,-0.002234891398440242,-9.274747443167218,9.219891814215444,11.641228772949017,20.516330856681332,3.5832472777273616,8.806355093354535
0.010531293427999078,-0.017434154415878044,0.036784027579491445,0.19990126030687705,0.51487484516562,2.201730734984821,23.28204323162638,3.16579136093221,9.901246438746291
-0.010889271332834287,-0.015955834884864597,0.039031006927518395,-8.369959451605844,-6.983041799485228,-8.048080765831521,23.930862265175328,3.104223727499194,10.236241447540596
0.015082013367556376,0.002113118903518795,0.009623989692761743,1.7605964288322884,4.629548011087367,-0.8970344481889487,21.20827353532299,2.8818918045326023,8.987599203832755
-0.015069958780976295,-0.010861215748131477,0.012252287902291464,-6.180954589689356,-8.776673175645138,10.706377479277748,21.828058897776664,3.3497620830197614,9.251776278862726
0.004238579488152632,-0.0037173579689747625,-0.012745262423226267,-0.45430090070100704,-2.58501904815234,-8.874149286329454,19.317662129412454,2.4613826741688882,8.148118880774284
-0.01491553212544325,0.00010701364248325018,-0.022630611523488334,6.218368259748875,5.455022984709267,6.660838329256386,18.777385045071526,2.9541248339474424,7.9610099241408445
-0.0008933264104759239,0.005647271498230487,-0.018611085298201574,0.9894463300834229,2.4186695655244943,13.702244059782558,18.69553902567485,2.707010674992675,7.948929636118695
-0.015191740624449689,-0.005847275680138448,-0.0351194160951932,-3.120637869794387,-2.6666210207380665,9.930631181337144,17.295483481351326,2.889835040068371,7.3955832629997715
0.012790564379562278,0.0036280301833083554,-0.034097323004876355,-8.39098761251657,4.256698830508041,11.192091767213537,17.98970588738709,3.2652075739213062,7.5667587697558325
-0.002299716521006325,0.00862258273571117,-0.014561254197124621,-0.6028953070191694,2.1157067695747607,-8.827440020459326,19.07508542187497,2.4946884593301095,8.072017187293739
0.018970137479206183,-0.005159860947397284,-8.475465271449295e-05,7.137291291129291,-5.966738784986127,11.331819905306968,20.762189204252813,3.5463546031702484,8.814082051533257
-0.017865897085209432,-0.013357010354284809,-0.026493430645183693,5.8359698355979255,-7.5887269541435565,6.994880092349899,18.58591747422756,3.37459085968214,7.812622373788662
-0.010426913690940344,0.003626866733529223,0.02670397188469705,9.560409718728625,-1.3924746087181425,-5.624041197809973,22.837587037844067,2.8940196717716775,9.724676346127863
-0.015619620710173967,-0.0029765459491247898,-0.014405176745315114,5.393575922888015,5.465330121456741,0.6662017718769064,19.40628220402994,2.796818255849462,8.232586877779905
-0.009212811988797025,0.015517233138617696,-0.03855663423724378,-9.930911847440173,0.3472636647085885,11.855258387449663,17.479688475246796,3.7022837825322625,7.411982978392651
0.006254592551983483,-0.005463374043881428,0.007300462164659682,-5.520832076986033,-4.569255661259017,11.208326334399764,21.43309659361019,2.6011993376866727,8.999681548895667
-0.017355610756473606,0.005635526907596833,-0.016728066780652133,-2.2427861401619538,-8.620200797203994,12.584069459411754,19.195070301671226,3.6420175659583665,8.17708333671651
0.007052934451504313,-0.0026022528659831907,-0.005318327392629316,6.086671439488754,8.017992010869254,14.424866324785114,20.359034711283122,2.884583085914575,8.611342038679105
-0.01948176432437061,-0.01390848209378241,-0.007036425849511634,5.958342348657698,-8.24356984339994,-7.420032096597522,20.228920863678564,3.207238887037026,8.532066623078949
-0.00518666317656245,0.013141285454127748,0.01863641067973569,-4.086644683209522,-4.221564283399988,-12.044723350738487,21.798585801974717,2.9499141619841933,9.348812503031137
-0.01978689436894565,-0.0008372707230730192,0.025513110469041637,-7.139940368557314,4.463150233241787,0.9073290166390926,23.027445908321557,3.182910672293777,9.709008413476635
-0.01858616117202212,-0.014709050866804288,-0.03430265717599871,-5.4690873806286096,3.227349875483533,12.869186644623046,18.08631150015153,3.7789151058201247,7.6024443504283985
0.004079141409885353,0.008633367751549884,-0.010898615034559089,-8.064691156278936,6.573284105488753,-5.951574891792269,19.943787621283796,2.6806173169512584,8.378189821080143
-0.006124125039735926,0.010188417649860237,0.026506106282982507,-1.9393854366930068,1.8636568750498874,13.552058291899847,22.351099650070086,3.262183247788626,9.563834197444201
0.0028772725883660782,-0.006047682386825671,0.039744652241312885,-3.725187111500219,0.2411808619318485,10.274118097589565,23.609447576502884,2.6001955723674,10.064241528443391
-0.012128934267321947,-0.01091472092834009,0.022444541707088247,8.069482372909025,-3.436924155099959,2.0798495788921656,22.4883534192254,2.8393164142626195,9.535250485739127
-0.019573708807059435,-0.001982286244111623,-0.016824633978218796,7.613490736707011,9.441419140938542,-10.834581284941383,19.654271788983266,3.632746888131729,8.315947220987455
-0.019850111259819347,-0.00659299491616872,0.037917523588331024,3.5897362823395067,-4.5545397261290255,9.831575124122669,23.72807497030792,2.9940121678993625,10.044664128565515
-0.012561127663409133,-0.008640075319294093,-0.004607668833071746,1.8699887820337295,4.06522570149259,-7.521333605657896,19.997885157841143,2.798924298431694,8.510395826953623
-0.008922742288724876,-0.00932013611837859,0.021452986711825786,3.629534913791728,3.5173572495662313,10.813404965076042,22.3436007156421,3.0858402344396563,9.458584533238637
0.0044242887368104895,-0.004598636981122528,-0.02159388942247653,4.9469717984679225,-3.183146201653555,-5.448585793251976,18.568633666171966,2.3622854826007114,7.891672582621178
0.004698330420920806,-0.012868765216506511,-0.008927496457133203,9.935956520031816,-0.9625754876213115,-13.027409763220113,19.951022893498347,3.4008592724847215,8.476506835172614
-0.01642523698130057,0.0038807073780393816,0.03335936955558035,-9.33906382332821,-0.26270432569904756,3.904716924206518,23.53857848925255,3.1012680955106506,9.980109617705446
0.015055551045301357,0.0022472165448301183,-0.019468323135202487,-1.369188565619197,6.935131142410373,13.174500352212355,18.982938238297823,3.5436720197198137,8.026408499100585
0.007788532710162794,0.005215618644995597,-0.02655032049954989,-5.287331119124374,7.18848529141534,-8.180602126481247,18.453198232851644,2.822508204872512,7.783703300141696
0.0192864573100299,0.005369819857736817,0.01011339154484963,5.239220315060617,4.657966546676139,9.103259202434796,21.41753450993106,3.802914837387304,9.085708296483665
0.004192981748705683,0.012415611959416675,-0.02327883321809164,6.114588592557784,8.556633177635714,8.97395347885023,18.87711605053569,2.820012573088638,7.994683134176128
0.008764470610246766,0.01833362229868393,-0.028006931258355384,5.82794966727535,2.341252894049335,-10.048701953460661,18.784999056488633,3.6937209532102813,7.786651087816743
-0.0038222800326062484,-0.009339156900335066,-0.020760211716791065,7.5275447689848,-2.1749036714467618,12.211820083231942,18.967318886771853,3.0570089847688484,7.982910421189679
0.014059790961466829,0.006514075152761489,0.01887288924890977,-2.4919032228009153,5.254868808622547,7.212703824407054,21.86673965278218,3.273802292876482,9.351849136595405
-0.009689649644294996,0.0033582131949340885,0.033132397808301066,3.35983432074147,3.6215308490356968,9.139648824186704,23.081571444612546,2.89364244611257,9.860936790490058
0.00244432883184114,0.01335374159560566,-0.028580735392086866,2.3768301230577915,-5.59069741164143,5.482576984194239,18.27695267210253,2.5184403027300313,7.686231068873492
0.01879226284003101,0.007656154644273286,0.03055040046198245,-6.398545274782419,5.772948881893944,-12.707230006885307,23.126282852232595,3.8777447951985455,9.874830970374813
0.008981412298324595,-0.019719115858278093,-0.004325229333148509,-0.8161492303670279,-5.657578035349129,10.811390514137614,20.222128415657483,3.704074567887859,8.598371075223923
-0.0019652449306442575,0.01251963095673975,0.011589045631391202,-5.227035677599474,-4.436473314192284,8.608883388895986,21.552377648238707,2.8882269989288347,9.111157374197457
-0.0008901084753846836,-0.0031154052284327605,0.025470761846406127,1.2742010636837549,-4.633204335478787,3.3238859012400113,22.384174104541522,2.089313343542,9.548088091933053
0.015449539948437691,0.015135263181385378,0.021601082996616512,2.3570625441048882,6.407678094081184,6.9182746199929,22.37209952257889,3.636907761221875,9.51350037778521
0.014865394865194139,0.017477484467319473,0.0019521020492090993,-6.965436787089225,0.849207410975513,-5.2928055086811465,20.747365099578847,3.8337142652739913,8.788945723758426
-0.015222157035301125,-0.008807588365389392,-0.030240650491574643,-9.02307534526322,-3.787205878737243,5.837216940324165,18.188316368462463,2.9426905094276563,7.725110869145524
0.00012589258202466355,0.010291638267446848,0.006389868228641869,-4.567504555098023,-1.5178027923993547,13.24596271774061,21.047552248593608,2.8596473387597947,8.889432480832161
0.011608842229479003,0.012998946307107528,0.0016804991146087411,2.151438060457009,0.9713840792844799,-1.4061503931376542,20.597126176064016,3.1722417406966543,8.68646649935874
-0.017947665358362883,0.005590916280539093,0.02808716848998804,-1.0104831726509271,-7.914788168800923,8.041521766141788,22.809010927797214,3.445676296944714,9.746043727018032
0.018174741551363154,0.013752718575590624,-0.034133574270732166,-0.49453498456914247,9.552773133738167,-3.6825673459176134,18.009258133811805,3.741961280274023,7.579158653469311
-0.011406340944474782,0.009836175176591938,-0.004569675877042781,0.4247455439357921,3.539987340530054,8.822813498613115,19.936437938592302,3.351340975162073,8.484216409019133
-0.01413708503222292,0.008753169521458132,0.03151746136223824,4.442312910068511,9.524416233703167,11.313350390923887,23.6660253401548,3.5978809808464907,9.988609178847
0.0007642084366940513,-0.0036094441113585785,0.027374699254130323,4.415650482456357,-2.7920390790324623,14.643930429924229,22.762744700582445,2.628382697237459,9.65737762707293
0.011833077395649944,0.004058661202289211,-0.02062632492514985,-6.126791200579436,9.91280531464032,-1.7397679127055383,18.95892505034583,2.7083593067858294,8.05169895710286
-0.012339422115846887,0.00614060389821923,0.019252300622748936,-5.397071659758355,0.6339563213218984,7.4906778294891865,22.00208115233738,3.1385003820552346,9.362704111115209
0.015237643995663828,-0.01759576684996802,0.004064330808048612,2.825389663055361,9.712558535821483,-8.669394001946824,21.07083232552579,3.7769297921901903,8.931632803014226
-0.007347959133717592,0.0067410424250481105,-0.0006584838874264046,-4.105549844814407,-5.304089077492806,-5.014326145264169,20.26033116191936,2.6265704005728776,8.651667177443594
-0.004154073668505429,-0.0019161847737902277,-0.002389483689498609,-7.689117212666769,-9.933931216861856,13.558709619693488,20.967421122617093,2.6399215738771815,8.779282409448223
0.014730028208855783,-0.0002299018023905787,0.01032187737720136,-9.595650091693987,9.702685836227666,1.0244690039725377,21.754509259979372,2.820404335192046,9.230107067225225
-0.012304467174912861,0.008331003353240947,-0.000564283398962015,-5.846542607742727,-9.270618162805828,7.275595755305471,20.645029832668683,3.2407653614982554,8.773716385832403
-0.0015994778038857377,0.007992110597832124,0.028984149970043595,-5.68372790123878,3.017119321964028,-10.784913536816749,23.03523492724545,2.5120748700874262,9.732608765799087
-0.01710597103195221,-0.014850463440715011,0.0386506066283781,9.443339069678721,-5.01454896436941,-6.394093340542984,23.872449892480322,2.9469325529550745,10.18001805398868
-0.002870320219177179,0.01719035818557846,-0.03108681682460422,0.18163533703209822,-0.6699076060505309,7.311022728800488,17.88773832745982,3.1532447001873662,7.501093273908591
0.008314337711994323,0.0091711769763991,-0.004347603700685904,-9.142664695709676,1.328837892935704,-12.798577452028816,20.353306737722665,3.322939546431147,8.618675397150978
-0.012433816185507575,0.008367216564326083,0.0054123534195265124,-1.6788955424386387,5.0035984433374985,-10.71764233080421,21.0804021827815,3.363769126400603,8.891765797863155
0.00647753202206704,-0.012457931493134042,-0.0274349530669804,7.0228486056857164,3.4901408610840523,11.620104291245546,18.278102770133387,3.09744387131349,7.74628874221596
0.010543079934213037,-0.014491040619052731,0.02408685793444177,8.358619221581478,3.3505565540038873,-7.185663120695082,22.674031041812594,3.350462360319617,9.615274402369826
0.0040950025091583825,-0.0076893907204572225,0.03220165574648529,7.7332260324754145,-6.624799940728527,9.634162810754631,23.493763845239748,2.644818068930857,9.946029035459565
-0.005363557905105357,0.006281578112908196,0.01842576378596806,-0.9014320861777243,4.218509017743903,-8.927862682758239,21.895233891326836,2.6721610860296794,9.306724287717733
0.01582022890423294,-0.018111034390783192,-0.03413043765262148,5.81955301038583,-4.799739900472826,-0.5713263328274252,18.06862499466322,3.4883122867226226,7.572528738199034
0.009693730470980332,-0.01387438216509723,0.01586436209420581,1.7320286677963175,4.410122147978106,-3.3563340290477583,21.691335951475654,3.123029577349638,9.205669331309807
0.013170788642458586,0.01178772226620579,-0.023801632724455395,6.18862787395026,-2.263008093313701,14.895986466012722,18.94241043903513,3.7949045972211946,7.925796913429855
-0.007349357713016338,-0.008903500026876423,-0.029042669163763198,-8.913896649729017,4.3456693330500595,-5.05369746487219,18.688021661975903,2.6210040412684146,7.774325343563905
0.013552893273282237,0.013657640225928563,-0.03550090806720789,-5.579703804141598,-3.7790092651638085,1.2587266471310414,17.89404174216737,3.2402632083098175,7.438659386848709
-0.008628956722381629,-0.01984686516291728,-0.004895656248985095,5.109583284393773,7.53756740289597,4.245413993957818,20.685748117404483,3.650549508060904,8.646105398586819
0.017279805936618018,0.01806977084816871,0.01420579113103071,0.5473799448058294,8.489893188147924,13.214342596921576,21.7030783657673,4.16582344663827,9.319650451199589
-0.009017046553041258,0.015123360347952131,-0.025581719669286206,-7.996300833590495,-8.334934637653257,-3.729297721671502,18.584428882324044,2.922013679934234,7.880243858945255
0.013350319946418786,0.011894065927825024,-0.03930297599370717,5.988556149853405,7.578868865421494,-10.363949679854468,18.082625469023718,3.6026762213730517,7.435009178536295
0.016989050157898918,-0.01770472457464838,0.006696195186136469,4.293113394100555,7.058527860916598,8.315681191094523,21.3627161011069,3.1571591039613396,8.987474563497408
-0.013161655011862027,0.014544977628851607,-0.03222029839432622,3.1486340542839226,-5.618940185334909,13.925825797945343,18.473829410257807,3.9356144162782973,7.634302155460664
0.006658487064728533,0.009286874507920918,-0.005351830709078402,8.214605688405115,-6.481888222839503,12.026753674713706,20.785059999461357,3.0599964262888255,8.65769370400647
0.0004926112507836686,-0.016067796258962878,-0.0016667866216733412,-2.2702791040723147,8.308882457711558,-12.269148964270716,20.529288126792647,3.639880092137035,8.719868775962707
0.006785854740786003,0.0008798072418735002,0.01979517466274424,-0.3260941005861362,-3.9688576306652497,-12.4166900119633,22.100374421294987,2.7456220953560297,9.361368175917537
0.002836390501472108,-0.001709841025311784,-0.022405535190255225,-4.718297643573408,1.3830942116910343,6.157520280679304,18.472752305301714,2.1157819197324925,7.839280212419032
-0.015876454193290382,-0.006755118939285137,-0.03940915350041873,-8.981394776196565,8.11308866741114,-2.5694657173169713,18.131997966912177,2.938308151294556,7.508933305554639
-0.005549041068254788,-0.015847052664233967,-0.008657537091150504,-7.468552441244345,-1.6829595746035135,11.015077948668758,19.985717579569073,3.5928744206495744,8.461025758210035
0.011537524328261332,0.000656042616270152,0.018190828982120252,4.664278347342755,6.889694564313011,-9.711226226467279,22.30453578561619,2.8131203175282677,9.393565086196189
0.018217779998839497,0.017619932958074108,-0.001551401470592878,-6.83495875877356,7.107479508231304,-12.395051034517566,20.578675100551862,4.410877411183365,8.77816065545239
-0.01713113248261447,-0.015513848990265977,-0.008644553157504023,-1.5305345159084087,1.3169349645874302,5.138668523246,19.838963798131807,3.467958600791665,8.372973404230605
-0.0011837410847733397,0.0005091218127792896,0.030410602320986156,-9.451218739876765,8.924501806623208,5.996833814266843,23.400488969971985,2.0558724302842437,9.93368908135414
0.003030334574684549,-0.009956674401909478,-0.01413582378846523,-3.1637107946163168,4.894764559021523,4.915281148515092,19.37450506209557,2.6458732753541363,8.165323874296286
0.005778390543847184,-0.006851016249974053,-0.003809942557590512,4.149936141464298,3.679259334719518,10.552756851885626,20.101706346668905,2.596027631396206,8.526867043232704
0.019388322526508756,-0.009370152559940342,0.028625832030790298,-1.695791739699203,-8.634982120579124,-3.8223163671337126,23.397202692535245,2.972659201839137,9.859543498003207
-0.011110790988300812,0.016866574536615987,-0.00625030588120272,4.803555856484181,-8.767514947357684,-5.661726552569084,20.39105215466796,3.3159383834382137,8.605573270252197
-0.008212731142214139,0.017816687256894722,-0.005710133180877805,5.914980075172743,5.251836079615931,9.190809148012129,20.17762392645596,3.5955895430394413,8.594236365466907
0.008266338794100235,0.014728337575347864,-0.03694693208586092,5.031871792486163,9.475239445375482,-2.322411698982222,18.073900487395765,3.0989992882939816,7.5200701005739585
0.015436426007369521,0.0022013998812926774,0.02145395428400875,-1.7984003849141246,-2.2852505209733103,-7.8247813871494625,22.081982750370017,3.130814975860007,9.407695511496016
-0.007641939542305557,0.019819900638189208,-0.024322863846825554,-4.810190498993656,-8.907230696651858,5.706244482026147,18.66792319151064,3.54088637932143,7.926677763431492
0.001522297181465057,-0.006964581573775783,-0.030562383847101682,-6.254087491509996,-5.542193546373451,6.301688145539238,18.27734804116033,2.5904661376940017,7.647282294555784
0.019974828972312817,-0.018232733748850847,0.013256592786353133,-6.122399196839925,5.127311090077525,-11.170120161407896,21.717157076308773,4.017973552511954,9.267073593793281
-0.011498455477217916,-0.014882140720373208,-0.03461791872673753,3.395587090397335,-1.6158161381047087,-2.956392509290298,17.488352983748527,2.951602524724397,7.377238764822653
0.007705742639087933,-0.012039413730210252,0.02815346969831612,8.69627764162789,-2.967634949116407,0.3130424763252666,22.863841905847384,2.7651503305613825,9.761406270572502
-0.006522135388428633,0.018428561769253077,0.03946117415233793,-2.0034915822400956,3.3635170024571597,-14.16766708219878,23.80017376215896,3.3169010073489256,10.095923098778018
0.013005625634229332,0.010628293433464137,-0.006072020010026019,9.197574619026113,1.8859518552632935,1.9446598931084509,20.349901572749896,3.137390592791402,8.571748878172311
0.017920349674498546,0.002162701297875165,0.007035491097618571,1.3480166130855693,-1.184668910003552,11.175750199546702,20.97821223586062,3.6710153043751848,8.876069294719986
0.008294278993385786,0.011245451691547871,-0.031536411597168267,4.199707274626123,3.795515228876221,9.255195913333875,17.893743813347587,3.1114563949963,7.5698857772059345
-0.015583617987654019,-0.004760715753597574,-0.022545739552622707,5.893911579677466,2.9106684396197746,5.199739640938066,18.60257309425751,2.6388247583811015,7.9088863581798385
-0.008546884595185485,-0.0027178853086574743,0.00370946496621629,6.858792288283265,9.659856702784886,-6.321255209139654,21.19915955681219,2.5747476578699726,8.97979456064765
0.016071109420762123,-0.0036541591601928596,-0.03286984259870244,-5.294376446639637,4.749958498398231,2.9855885977094516,17.750912816421923,2.980856366500674,7.535413733581464
-0.0013463155354340901,-0.005780175505532262,-0.006402102933888959,-0.7188749613716379,-4.829196471464014,-9.555943543801373,20.023342128718877,2.5506949823162737,8.42361752213631
0.0036741121516557056,-0.0008114780935130038,-0.028310310125516845,5.594841704205029,-1.6509486036429433,11.061084371405482,18.218017012557173,2.4998219285981955,7.66107090361665
-0.005969372831275455,0.018305310885769106,0.03461840666317611,-0.9826425297280181,-6.259895107901796,-11.003467122025977,23.238689105808927,3.119210156279288,9.95696471927207
0.002238205636204301,0.00733218641399009,0.03142716052217805,5.01061313524357,8.532259817786592,8.485602259898034,23.26132651373522,2.455604505121045,9.916018452925803
0.0035848319229989795,0.001982510784312431,-0.032795115977556466,-5.956086621724037,-9.796856119799948,-9.159779181286872,18.233644313630375,2.4965497859577255,7.639279602433982
-0.0005158242091830474,0.0036800476494914976,-0.017354685945895874,7.655581197222812,8.650098713101752,1.8861542541042837,19.456386771710157,2.074394506720669,8.196669119539736
0.0037947840903930843,0.010096493450651615,0.03278179654977761,7.212531199090993,-2.81098840023311,-3.1182588758227308,23.31297597011785,2.6193104382300882,9.91155263668364
0.00720913614509848,-0.0041681134031661266,-0.0013527283502209261,3.768701014593848,-8.706584681234023,-4.397204137235201,20.782248858852206,2.3389372177539096,8.731298775429268
-0.011449719238678947,-0.015673495491710487,-0.014849784212539782,0.4140836633054725,7.9697552791936666,-0.780743872921521,19.71975437321079,3.118363748876163,8.258998199416956
-0.01980873443794987,-0.008969707022685217,0.02168426037555557,-0.9019878104827068,-7.098172320968779,-1.5481573578331336,22.33462933179576,3.0715346972587465,9.481187195825783
0.0006517410115136416,-0.0008330054260156372,0.006932654614298581,1.8134664290474873,6.170756529855442,3.981566991600836,21.063495366594104,1.8876623117014393,8.923013670076745
-0.0030019485667883115,0.0009195795949514945,-0.012922183409504504,-7.775949335991403,8.696818128160388,-2.709693365531402,19.890864984149403,2.078808235120015,8.342932571204347
-0.015235703408579857,-0.018415779460715914,-0.020849773888973824,-3.414214530586759,6.148052394355428,0.12427971932589088,19.151383100024248,3.427065986653988,8.068165967067435
-0.0008963336616017795,-0.014013549635338945,-0.012471780407166407,7.015617240464778,9.10263879564189,14.022041264369406,20.23975948327738,3.4722928305226755,8.434204413903895
0.014473830888533223,-0.003778659561843329,-0.032527464817281124,2.711606480149671,-1.8691369093706793,-9.514260010899523,17.772438310571665,2.8335791643804535,7.4893169966148
0.009892693684870602,-0.008543446597403715,-0.024370922166928342,5.695116771729156,8.94423044975094,-10.958892614409402,18.846827170433357,3.0395623726304404,7.920838932636329
0.004803647146923336,0.009330437526912337,0.005896521136460969,0.6508931229235433,1.3404640196486106,14.390000854610829,20.68950305538006,2.981732241384469,8.810220730441031
-0.006865378192400181,0.019431339890572826,0.022751256434397855,-1.772959160215521,-8.841758581132202,3.414514307664419,22.39929225876768,3.3475837765486833,9.593612165370274
-0.010555702849267238,0.01640163342904648,-0.023236352748152278,-7.733170048210329,5.751806001156975,-10.793635470453003,19.26949166909417,3.39439661528445,7.975470755084944
0.002537017027213949,-0.007065339876466381,-0.020994498658115184,-2.794349851474058,1.6040682372423056,11.590869667929432,18.635399338478177,2.75920497936479,7.87741544991251
-0.011198363105962669,-0.014012708774088584,0.02476143809612196,1.8317018244644263,-3.221750799988177,-3.2884618061093676,22.41567305829499,2.846876599202609,9.503572701436187
0.006662524958973043,-0.00024296138319775812,0.003451353694551379,6.501276844796081,7.196507495838244,10.23349437914267,20.869064684392697,2.708866573802368,8.89526290369979
-0.014760610906204206,0.013625053868194913,0.02351219221356026,-8.970596039296472,-6.041271193807052,9.440887494037383,22.763132256409556,3.814506270374252,9.661255063300162
0.01406970875828618,0.013932495094035446,0.026901888032771444,-8.666816566753221,-7.300584057463777,3.8664530564799477,23.3473662359011,3.2849361881039476,9.797804827992687
0.006224396503282527,0.0006083685377688795,0.01579623077587604,5.82159294061624,9.352536447829479,-2.5414552864518694,22.139200920501022,2.131417218471838,9.360065732611796
0.002434137518617218,0.012366993564255916,-0.011721494533955532,6.226588977043214,-1.9265471037391162,5.139811615745192,19.75504377523092,2.4802422626867258,8.302298345145385
0.01762828029969483,-0.0146582943883356,-0.0024541111845100064,-7.426407144557004,-8.899014286140794,12.227795114696,21.37031534895874,3.3532077475984803,8.891659408631925
0.0002632785149048536,0.007487018363065513,0.004984467991181553,-3.744235458540768,1.037403071235838,-1.9730570629036421,20.672950056006222,2.1885120668449476,8.783489193674836
-0.0010311236705505787,-0.016880730498151697,-0.015031521687089173,7.634922407483373,-8.487984319639903,-12.362500617719068,19.96147751455695,3.593000328036607,8.330252130176193
-0.005823270620405689,-0.015164066974204103,-0.014238402116947439,2.882439845921599,-3.0701070709096134,11.347152310379776,19.099732590261294,3.549537263010477,8.136372419336437
-0.01760086259323905,0.010388649021873548,0.019705710512271407,4.3590968864510575,-7.17848732481754,-5.21645427812336,22.35912936422952,3.615686133571584,9.470024014330667
0.004372270774780626,-0.0025884438728424157,-0.0005151310509647691,-3.6899907739999733,5.250976600964805,12.347209120852071,20.505386134609385,2.496448987545412,8.67683483534688
0.005321560787669363,0.0009287554687141403,-0.015273015559861908,8.788815701966787,-2.5324922305430153,9.342830874353336,19.579331557703828,2.6013194226495684,8.211101731136418
-0.018204795418256946,-0.010290723309452644,0.003200588554827133,-9.545442951763762,4.340017328109408,8.466278717055012,21.259045021263102,3.1958537607383444,8.994191443438792
-0.012854081188651122,-0.0001783834881987148,-0.019970686232778558,-8.660270114340863,-0.15208199243959264,-1.6040993526542167,19.176976218898652,2.7512070798940313,8.04445119491632
0.019184769131152368,0.0009135593102536921,-0.008382364417238088,7.444743206888962,3.3497272022569824,13.799792520561606,19.874577648000788,3.917756518706283,8.459339112859332
0.01786738125288029,-0.01694700779392208,0.01726047193303036,4.992069818995832,-9.833353131486668,-7.78821998596062,22.915566457619505,3.780745807702448,9.55135014669696
-0.0029511495920361286,-0.015645365593002683,-0.030043784935678053,1.352652496599319,-0.7694250857255547,2.7781004029461975,17.808093224184976,3.136332294891399,7.492145316247153
-0.012850061992545712,-0.011194682797744217,-0.011806025910600645,-2.071884182215409,7.660472849763483,6.8372513924584695,20.029571765268177,3.1244718973157752,8.371193163608593
0.0028975615515664972,-0.0030146905754462328,0.015882625773655214,-0.9433508167272997,-2.8378827180192694,-8.98568311633397,21.64861683297705,2.379732040563563,9.179851700648424
-0.01810937560132328,-0.019806096506873556,-0.010084170996672154,-5.663040171362628,1.0612821612532066,0.3687970815989008,19.951474482409786,3.5875917584193724,8.427518363949211
-0.0017692101551597533,0.0018049391528250566,-0.011452500993501893,9.107525815542946,1.8217550959416222,14.281803875423925,19.835208846477986,2.572012968164705,8.37307068591403
0.0026462493930554457,0.014954002059932841,-0.01190271947769743,3.8770222568182433,-7.977835384213088,-13.942706832689911,19.676158600582067,3.3455011256535907,8.384502468387344
-0.012319920604284986,0.01736467697393915,0.025314084113538908,6.85719451561102,3.860854902961247,13.111373159786002,22.817891822015277,3.998885439002625,9.719669370939037
-0.016472798715890337,0.004884129038305832,0.01618968113985165,1.1328048723942779,-1.0959360016900188,11.007964523413598,21.798743510475255,3.4711048507901494,9.18489509452512
0.01753270359370644,0.012988912117111725,-0.0032597810106091973,5.603632834622598,1.845619184499851,-7.220615633151435,20.641105239339485,3.7854512022051945,8.622380361855036
0.0013329873314799102,0.012698909201296568,0.00868791288937161,8.722292762511849,-8.288704479420588,10.4994196654429,22.155747115620265,2.7643273634718573,9.211792494812062
0.008902948934192141,0.01686978623702314,0.0069637202506707754,-3.9615203316907666,-2.596843906561144,-7.1133987234918425,20.988359067024476,3.497598795135476,8.899168281600398
0.01506517603778185,0.014872957848876874,-0.028638455203096082,0.8053209320546912,-6.213217813284251,7.607271734826426,18.27554214624048,3.6115493367127356,7.724634029440588
0.01678627387723305,0.017558889698385576,-0.013561037837510021,7.860669609697723,-0.5637139019829256,14.216900611854125,19.93627970019595,4.243553018523917,8.365560695584056
-0.002870374502154705,0.0013245616875982233,0.025815808599093916,8.196424913042161,7.047854282733482,-8.165821977743827,23.1483030295733,2.3371958277424127,9.734572072292785
-0.001082787282637318,0.004980730336546814,-0.029159885728725694,6.273153602664312,-6.169511957440717,13.465457220381396,18.625376653911474,2.6111700807784852,7.740991757304089
-0.01015958654699535,0.01606875203001842,0.014371572685652534,0.3276693258028871,-9.159497213678947,6.712164286863015,21.946384153621675,3.503002847757832,9.30767967309686
0.007171561803182697,0.017651238775056807,-0.01200276499249327,6.531019674071146,-2.1495167312241996,12.583908675626624,20.02443988792771,3.378182351813115,8.370164280084593
-0.016588166768406562,-0.0015158610699072435,0.010318493542128673,-7.139067382351849,3.9731569501033537,-14.355896646744773,22.085853760879754,3.6241348865455065,9.197465024075331
0.004552096636335223,-0.019885086003730505,-0.019206301847666873,-2.43489873067478,8.2909779835371,13.759132574119157,19.62127727036027,3.803272753172733,8.1283750374145
-0.016272935984003506,0.016710776186975414,-0.018682635459664382,-5.804801216548439,9.056710095199147,-2.4864540022137263,19.492764156594266,3.519438426635041,8.16806250553656
0.011889555485418386,0.004124971838636294,0.013109841631430606,-9.205747041948557,-9.965691395280949,-3.63044792052594,22.14166223875694,2.8437952018804697,9.352848436436338
0.010172275221239008,-0.0024931651867929686,0.008700756263637019,0.7371078503961108,7.041486260497692,-3.0199942465935923,21.145285668622147,2.256813756689944,8.994176560834632
-0.013730091190026831,0.014625308159241308,0.021446363330375903,-1.5163743558367582,9.114103713830442,-2.53561459473773,22.4540378430738,3.2299526619914465,9.560709672510947
-0.0009785120592217256,-0.002245447035410089,-0.013079316996244199,9.047511027674705,0.954063402130231,9.040333325595942,19.575783495139703,2.2513797758270853,8.275528467835203
-0.019019983739989393,-0.005358789379165292,-0.02388354557866139,2.8575021370136184,-4.948878173599683,-4.142681456688155,18.452927355555158,3.242156525073834,7.801384055825375
-0.015640266486520584,-0.004540952838012707,-0.024063499268088435,8.462784441219778,6.342603198880958,-7.2637422507145875,18.867226584414677,3.1205331299711365,7.966369927616418
0.0018909569485350622,0.01212365040287763,-0.021789193625173058,0.8584889010220902,-7.128152753556385,-14.219679466632675,18.832783347176523,3.161698076557379,7.964034128015137
-0.017835401913313315,0.013554188171623262,-0.0037807296150001585,-0.8853064745536621,-5.090704068747581,3.287773231189462,20.23235454036419,3.6849061162116707,8.553420312490044
-0.00883744005609496,0.00943148829846105,0.013341431116254965,5.204316639454252,-4.645959771318324,-14.824523298723772,21.542555903355222,3.368981656701607,9.220246013941255
0.01510292619418142,-0.001193536375528735,-0.0010991682102562336,-5.763824335941125,-5.488016900589505,-5.54491716423753,20.60386689236726,2.848564069239487,8.723620707416368
0.008226828125555943,0.006842019881244141,0.012630048042535896,-3.6899132180687255,-2.7527259935513353,-5.479700983483006,21.39970589781167,2.826033871841538,9.092622052884348
-0.019672496910231624,-0.004190454828954131,0.010528298824200276,-8.33859698629385,-0.0035423670351892866,14.760459402060988,21.476365354635693,3.407594556515519,9.19144263067451
0.018301026730213322,0.005796945126060611,-0.020350783256257995,-4.28106858945169,-6.246336772343957,12.226882564968207,19.426523174397154,3.8255444564289487,8.073384188734304
0.007966907768939897,-0.004101567193858742,0.013380301643676706,-3.1994860866402934,3.08374507695563,12.065845697213252,21.461533471565197,2.744384571973516,9.136119064617423
-0.0038314230605070512,-0.01819736024122182,-0.02155064289094927,9.815463877252775,3.564138467029764,-3.3970103953647417,18.8517455128014,3.23953733839515,8.018348649035989
0.016971388828591987,-0.006931965258046863,0.026748694899915736,-1.6226307858417108,-9.921477217013964,9.565896704472479,23.001048183050003,3.28278587044786,9.810080814655134
0.011385923981924114,0.01532024577952926,0.012282084251037648,4.072046100149036,5.688291527498793,-4.1115629154067115,21.876231144485033,3.4020180392649286,9.189093304932092
0.011260948464816126,-0.00037894906541682816,0.008549299170136082,3.2066542204493764,7.416005996745319,5.375848895036299,21.2356843202416,2.8116668603469512,9.02177012686077
0.012847012607742573,0.012880613504127284,0.015582663386282142,7.651797984419662,-4.290051072601726,5.681116742866347,22.224841676665587,3.324760667825224,9.35716916167833
-0.005587130237652902,0.006267261119894358,0.007477519586404975,-8.291581465120682,4.268969008917802,-0.3809507377840209,21.413589939085686,2.3502872065806546,9.014419391035805
-0.014937098114575234,0.017471271780178415,-0.00365846833876992,1.2874791913459411,-3.5589181619741916,0.5517662924900879,20.31971649110543,3.591737870417971,8.549483745673669
-0.01789334771015445,0.01794259603809414,0.003705678138963747,-1.5896348533650073,-0.1589336054311552,-9.697721358583195,20.920819628429026,4.0061361349465034,8.760451237171386
-0.005687159036652116,-0.01489884053668911,-0.015955740648933698,5.389437151182133,7.988325863726242,-9.907201086124157,19.386231656742044,3.2776893557236133,8.229268226000203
0.008856094851386984,0.015690184296299804,-0.029824057617139264,6.599693162749077,-5.278757050011871,-14.422010146336001,18.31985555270917,3.7760411314456084,7.767167843160196
0.013693401805382036,-0.0064481023196585295,0.0202275357549751,-6.853824991881076,-2.6019009938103643,5.396726236684611,22.542657530235232,2.8525021120661673,9.480752549809491
-0.0003513011204821642,-0.011093842723910207,-0.012565475686037803,-4.159215962046671,9.96785645802995,1.0219423136454466,19.853390654828264,2.597995734564074,8.348343411340501
-0.004541375810582449,0.01071570996952639,0.00863825509037399,-1.9137881268815544,-4.297134828648941,-6.417007338545083,20.927743657669467,2.5849912998947575,8.94693742880561
-0.007438308283615651,0.00501273287780505,0.012298162633417799,4.115343704364172,2.7197148085253033,-7.872464500105768,21.47488668262605,2.7735916758270514,9.104197406302035
-0.0032108523015859786,0.003930895611893508,0.0378807020871569,8.664268607966672,1.643122703273205,3.230696082056557,23.698938043421926,2.241067597486539,10.100363224192705
0.006150688268613581,-0.019135979397426547,0.013841111991150658,2.279818208903201,-4.038654715415751,-11.228500021547632,21.95847457127572,3.8548659536322303,9.21175891715655
0.015260532853878742,0.0022180953622796783,-0.013005735139431946,-6.4173194493136565,-0.550412433397355,-9.142195437295962,19.451147277042633,3.2048843303269545,8.250972267404624
0.01570183456257018,-0.004892191441915484,0.0181968666683675,-6.638444869458544,-7.265313758615173,8.263765465207356,22.642917728494098,3.1945546983314173,9.492798928503667
0.011668306979003003,0.005259433293180921,-0.0162828830977353,8.321975635028611,-4.526694210228945,-12.073570335503778,19.342311125967615,3.2678754621047976,8.228206897632022
-0.012513886061708158,-0.009327561304565753,-0.010544392264807946,-2.6942357527213474,5.687763947829133,-1.1563622326297711,19.73958006492786,2.6008795166541487,8.351737738391094
0.002939143877028618,-0.004394175349126988,-0.03943833691097732,-5.201796855466412,-4.785505947406872,2.277462003457835,17.36780945250749,2.1609626072351364,7.284167386939952
0.011021938906330783,-0.009013576787160594,0.021294639235878668,6.43003876089816,3.14381994560941,-6.382062628825389,22.34016597690372,2.8713610644565732,9.460290977782218
-0.004838319940767924,-0.016985885736274714,-0.01971809498928427,-0.7196090014716638,-0.03211754071616291,-12.038879686652692,18.83353657499108,3.55651423193045,7.907039237817164
-0.0154236676010416,0.012038635139312148,-0.00789651470769815,-9.902930771639447,-2.7811093310799073,-9.509316379300078,20.350079597628817,3.600023584015387,8.535993185320377
-0.012643733774144223,-0.010479102478725846,-0.010030780052366569,-0.6414937939450311,4.958506132196748,6.333040711939319,19.909969888763634,3.042137233652184,8.351653418096609
0.009932415569347257,0.002667942693267103,0.036192128042402565,-0.25857485799311775,3.8071070730230296,-2.3582835749717574,23.17000921461046,2.5210036861081475,9.91086402143439
0.013776710407934229,0.009125814656291982,-0.02579307195175411,6.186181242573618,-3.659396934406029,8.658428016247914,18.657101667702793,3.445616220694454,7.8319398328268415
-0.0048128998655252095,0.006578787399269658,-0.008367582691611378,6.524010049045266,-1.932460108930547,12.48395429847816,20.155777625122226,2.9053770084028483,8.429390745618283
-0.005252299222896904,0.0005329513014408517,-0.02123220870552438,-3.1867383091235846,8.460278454575839,-12.786343915438978,19.072874880578176,2.7202280307065743,8.017985384539292
-0.004975272990027065,-0.010949717730344699,0.023132446767460228,2.358401138966004,-6.910396103472989,12.851631518335601,22.32182190860338,3.263576664224122,9.5503762634563
0.014109960509892338,0.006100268173110317,-0.026752816623206915,6.683431294439806,0.1730463122070507,10.037210336193091,18.394730753571604,3.470185289521298,7.764018843194267
-0.007147453211704943,-0.010416851184556682,-0.008556389920787687,-4.510490619555377,-2.393333090101253,4.775858708385634,19.618572856078867,2.883593962658253,8.356756981280308
0.003497709226413695,0.00941937233227359,-0.0008830756424844932,7.686931102282205,2.562563985129124,-6.00579555770582,20.784476482108946,2.678674539001477,8.717075428612704
-0.00414513747792801,-0.015537873826335317,-0.01316395335184227,3.1429991856467865,0.7758095572093069,4.224520526137063,19.283365006362178,3.2046322345580034,8.146137620356447
-0.007537984853196521,0.014882444545873928,-0.012991963680308513,7.892800303637124,-4.632718096074573,8.842661685669412,20.15045528722361,3.3566618379815916,8.36184725465679
-0.011702536408639963,0.0005291012283689736,-0.007073719907408717,6.442725153596822,4.265510190333652,6.635915837373197,19.85196315111033,2.7582206324616076,8.483868589043258
0.0045093764519560965,-0.001121700455888358,0.003469976432957128,8.261902033622821,-1.913695093897914,1.994637579137848,20.874829099473693,2.119721264310485,8.844405326822148
-0.0013111958432651394,-0.0008414392168301227,0.019342561797496202,-6.79491710721813,0.0825464965151479,-0.30633939855208503,22.013032527970218,1.7712131769947792,9.378985731265105
0.0063111801402452004,-0.017319354608885052,-0.029440648361539843,6.636338241173593,-2.818671280145386,3.488687733383948,18.034029781505144,3.1441302421372677,7.662799368561338
-0.010829808528669807,-0.010446296764735656,0.038594919553796785,-7.466839304730481,5.376292840875319,-14.592968031328265,24.41962823680662,3.1246117415267696,10.22846803221031
-0.00020522434714180526,-0.019964774213678732,0.01687705801993942,-1.7058900346948285,-0.13512829294372253,5.894557055454268,21.758442770008838,3.576107804307389,9.224542627368956
0.007532608626564175,-0.014109924222075482,-0.022219141697550075,-2.9685157023255666,-1.3407558955981163,-13.138115787772298,18.767272022452442,3.569989037180046,7.881030488322103
-0.009129284127275619,0.019801842068006028,0.004205651784859495,3.979816035177917,7.369252558675242,-14.40348400553947,21.470029835181297,3.6306818724548546,9.006080083994735
0.00037161273347198487,-0.012177115637955805,-0.016879418205697487,5.984481604684277,-9.802597883441774,3.5271925276496425,19.498394339472714,2.8198425846562487,8.212896901136046
0.004231376293668564,-0.01585684856011192,0.004055676805291328,-3.482005265132253,-8.274001186755882,-10.089826214187312,21.385138861147457,3.4659577428127,8.950991033835491
0.002431724100998324,-0.011943386250224428,-0.019156988094328115,-1.072598206304658,3.0142269070225343,-14.732085496741167,18.746665881659734,3.413417574284892,7.953752674121407
0.004528783878711411,0.006613219268795524,0.009476249028395368,7.346998593609346,0.9626434630814966,4.579122357023536,21.298278502640358,2.4541262195292597,9.053031073062344
-0.00886961417949388,-0.004495548544384,-0.03845877993174959,7.02197060030867,5.007116992524288,-8.213762157483355,17.5103054518604,2.666747191482224,7.3734043115049115
-0.016892818398820682,0.01845723097010499,0.006867443759604054,4.594464159994624,-9.211656866651483,-7.60426205363496,21.508607776925345,3.9169471801520377,9.104881071391889
0.007751354605407178,0.016353961453293677,0.039296917096268834,5.356949440558871,1.2481098026264696,9.309064483103047,23.78024697526402,3.183093505596534,10.131363383778394
0.016707556893338905,0.0011923545081797167,-0.033364107714053536,3.0585888605758065,-3.435242587227691,-2.729592754729799,17.663192356642178,2.9355139492978704,7.4847525555059855
-0.01724676785358795,-0.005126296909159996,0.0276611692186294,6.651332933018384,-7.572224709218345,14.793194696270263,23.353124306171814,3.050873147453169,9.805379986409179
0.00761929184018225,-0.004765472445798214,0.017906751627393955,-2.669585679915441,-2.8124889315745722,-12.262225914888612,21.92525229229613,2.766313565804776,9.298107202988147
-0.003510790636360485,-0.007701025800929653,-0.021157831874621787,-1.5664546030207394,-2.3300097954890493,-4.702003885486745,18.57602767185946,2.458957714902064,7.837083411368192
0.011381070552192462,-0.005252785682580793,-0.0201344477025073,-4.620486867907623,0.2595848757194048,-5.521034693574196,18.698349011583158,2.569141729002128,7.93897051192363
-0.018129961327425625,-0.0195603582407007,0.02095205966793607,7.026941248006036,6.654322877166734,-7.299090195716085,22.579556503536498,3.3004455026726345,9.605275767623409
-0.010324187322039947,0.01732433673423232,0.038900918261310195,4.889998331816912,0.3541364026128626,-13.552984418779989,23.888320190693488,3.620305722983658,10.128363788530093
0.010638495100306646,-0.008145258457127188,0.03222618877732795,6.478113230266967,-3.3601202481230397,2.913133979638449,23.10053229652947,2.436303917806655,9.867655043178273
0.008379636335902628,0.019841769442336652,5.054188593744263e-05,1.8896295615361698,-5.976458617305291,-5.355889452875251,20.47631384897102,3.5369089234636677,8.741754969724099
0.004317512843597077,0.004889971825896674,-0.021819318833510133,-1.619420924430944,-4.167417470007971,-12.359711379414442,18.643741547075766,2.8233206873541983,7.870211043032417
-0.015793367056919312,0.012659969946999482,-0.012752680938435405,-1.463202400649628,2.767475313565683,-14.977567887581195,19.713708608471674,3.955997790120175,8.231122640062278
-0.0046493984501507855,-0.009327421322606956,-0.030577296141153135,2.395936744666219,-9.830775613186534,-4.395917843668091,18.44393400591225,2.51762024671769,7.675793987002645
0.01899731210591059,0.0130186460641778,-0.027450785816890946,1.0197549070412357,-1.3998077201634729,-2.773094547268512,18.26838865968358,3.710890155268608,7.656981366380372
0.015924472184512758,-0.01032210074167137,-0.03281085766950964,-4.844586984814436,-0.5469200290154568,3.1598752265815477,18.00402104892971,2.836130466903672,7.54302148061769
0.006795989955684291,-0.007587041181843834,0.031007647610616425,1.455865478058067,6.1181648907092665,-8.068706138028254,22.92360228278394,2.782109247002766,9.78820320941937
-0.002433212581676128,-0.012411798321577027,0.029802686147093867,-4.260345448303249,-0.49222849042124395,-0.6618100556589113,22.697406373851354,2.696489123993316,9.718809432494405
-0.0020457049072117248,0.019937677365916586,0.03814217696650362,6.050337536866152,5.746594926523425,5.947579559207352,23.933507640376014,3.186515775094041,10.166938577259913
-0.00018582645898445813,-0.005005508967624377,0.017196183894336768,-7.184309256312353,-8.760128753213438,-1.9725723746248551,22.193557051009357,2.140007275933752,9.41551084806539
0.0016338628440017676,-0.017386612492480163,0.0357601227808877,-1.7264367784253292,-2.975979914485654,11.208238735878535,23.314046933019316,3.6050232093027703,9.939725052712221
0.008839527400837134,-0.008932106228395131,0.006388681801030624,0.46126848909755225,-1.554850727159618,-7.977225172037469,20.902220789055654,2.921155834786534,8.833343647280849
-0.008742021486656362,0.003546078872631756,0.0025179042998022746,-6.792677357543622,9.735545201724964,-7.5764441864972785,21.289332929523095,2.8108910908935707,8.931974016402128
-0.002412682024702864,0.001923995649226757,0.025152253805963178,4.0386046403028235,3.294159527548146,-7.813850048301977,22.531831830194726,2.290370545434241,9.560794426833143
0.0015873120090436031,0.005358559275835922,-0.0015429746140010955,6.712142662715664,-6.500152791513283,-13.16763913313748,20.425416073094702,2.7330640650806104,8.735945480175925
0.00996872471430461,-0.019554870716469667,-0.0309091180615342,1.1317754487306768,8.672524179089834,3.202374050809773,18.4409514514516,3.3083578732515013,7.6498243439697085
0.008073440751838242,-0.004008507519428561,0.03543247794454601,-6.199891766222367,7.877848663632427,-8.580512514605502,23.69035778076924,2.581260948464045,10.044600879898832
0.016392050964371362,-0.01655715259823875,-0.03215132198026634,-3.5071855158007974,3.2869612014622014,-13.780053634748713,17.79138530768217,3.9575693143931443,7.5641077367319625
0.015366515287646359,0.009498820707286467,0.011105149204771972,-1.200308873086886,2.0458205097416418,11.728362821082435,21.325188675949043,3.68263206477324,9.020066365010814
-0.0009259512508326094,0.000710420219661681,-0.03131502990838966,-1.0720837075845342,-1.7921358746272311,-4.714271450062954,17.572654709898757,1.9766274904274852,7.443250834207115
0.01498684744474416,0.01670996225031821,-0.032758704226939536,-0.11248925586101777,-9.991357378135824,-3.045057879376712,18.196137442796413,3.6952417514029245,7.668345355734554
0.010556828407995215,-0.013779308565925828,-0.0029418533998056898,8.155337263852658,8.263819573785156,-5.077212488319443,20.61095228105433,3.183091313678595,8.70271171735344
-0.016718999196195603,-0.01135156536832016,-0.020466452755403257,6.819210684048482,-0.0670059064799382,4.4284126984887955,18.860454434085383,3.093050277173961,7.978042883190688
0.004918927319554064,-0.0009134274109311759,0.03387513116324171,-1.9770026399065372,2.561070108569483,5.358956067362513,22.984833378602442,2.264946961957897,9.81646287390238
-0.014525040103201388,0.0008389563777865851,0.02099243304117935,-6.49823158734873,4.08098699917211,-13.722623602051854,22.81886080412544,3.4818041194609703,9.541849896998697
0.006878827957527096,0.012727299053054444,-0.03158786296813368,-0.8680599277417791,-4.940265424795706,4.466707931164052,17.872729449670356,2.76650009742313,7.536142657041576
0.007973482516006807,0.011592795093935428,-0.013380924682301218,9.90093398015538,6.503534666214094,1.635558863664496,20.040600415666248,2.772325998178443,8.375687384811215
-0.0007319734393583209,-0.01365611531384821,0.010367161195392723,7.365239075580146,8.868824637529428,12.023663513536022,22.001447965685763,3.3446570044942163,9.233873165189488
-0.005309327583746644,-0.007086089744616051,-0.031214415583289627,6.355291044533967,1.3453836578054066,-6.110632486112857,17.840487910272685,2.4249396099644964,7.553464010975817
0.007986566376888483,0.0011108246248860178,-0.026515037859963765,4.452068217662033,4.365635132719156,-5.390692009761466,18.42697259965004,2.446455449311939,7.72011093537681
0.018213868262759923,-0.009439486519655751,0.03463428287109937,6.221237478731979,-7.9900538481405725,11.008226159758749,23.606521761076714,3.3474786055025785,10.088566946810898
-0.006614922861979337,-0.003165270270133441,-0.012090092572446611,-9.454722057471415,1.4759298254903364,-10.854457357298646,20.051503365667617,2.6070833483848377,8.369800178015547
-0.017240480850058817,0.017865572066228113,0.0223519842057475,-0.7876212543551624,1.4070630395559824,-0.08770908162403757,22.27608206830565,3.7275789311789107,9.420806377909672
0.008614669486399436,0.004112574564755819,-0.0001873174514799847,-0.978539042037859,5.955751330576417,-13.249834644955982,20.37582102727029,3.036718393996926,8.684886569277923
0.009358563791191165,0.006718358829958592,0.0002516049195654124,8.134155841961984,5.287313994444691,12.733047913612452,20.672425700465535,3.2628167776147023,8.80629487790024
0.004599231186738079,0.003928915049015574,-0.024535038696368937,-0.36102759262780104,4.241655780133504,-11.245863772628077,18.312251196876005,2.68912494869441,7.759202248025044
0.014245748854440795,0.0003171013053710203,-0.02391540201648471,-6.52332506265914,8.114673849013286,-2.4541412098361945,18.64202140321662,2.6873905950527552,7.912227718944856
-0.010428270874097017,-0.004549834486155611,0.00287191917758281,2.922723788377244,-8.70304310105521,7.10697807157824,20.823028450853563,2.541379220667643,8.845680458364868
-0.016096548465134065,0.00218710048302417,0.018662791468167413,-2.447647735272877,1.174051845151805,11.556109373414284,21.815801911050208,3.350674155128825,9.310449195498606
0.005966900706803044,0.004050319341347475,-0.03821777346447147,8.016302874770144,3.2913754127963806,11.129286253162526,17.44153170080642,2.852427649421715,7.3867196114719
-0.0008095427445495712,0.0056270588930763706,0.017757778222760583,-6.341366754230171,-3.770257114785009,0.1390926487682922,21.988657582221943,2.0234855632211755,9.326234766619779
-0.0020933954692866734,-0.016677265592754034,0.034724800197124685,-1.793224860250735,-9.75038938802572,-12.54351083087586,24.04819839820299,3.522713544582328,10.070681428820636
-0.004411413725352743,-0.01876581758596682,-0.019078803916103216,5.35648063974757,-6.576025359341633,5.7371901153517975,19.07141120833027,3.556174018289767,8.06325735755282
0.004825115462175424,-0.0019777923461270913,0.01869350378353772,1.244847707772463,-2.22822706140525,2.652669597162383,21.665540995375636,2.1284981095651534,9.258976041563745
-0.018819360291870958,0.002906081057529826,-0.03296546619745893,7.251797180159304,8.273329142821403,13.96243580264623,18.446563750581603,3.728801471466828,7.743294626109554
0.0008384814234127722,0.010472236699492151,0.011006496866127716,-7.6182545000262225,-8.249871793702926,14.225557866064023,22.02372882566369,2.8683232714144062,9.23191228477078
-0.006324498118306479,0.001495815953245317,0.0028133442247622875,-7.924990834591414,7.407654568830996,0.9404085906011463,21.109746220708633,2.209668010032255,8.891626599787482
0.014170079265033383,-0.011671832360303048,0.021368960102842838,-6.960512139271168,-8.34136155115294,-6.280755898404275,22.658318733473518,3.132909761712187,9.632752520903919
0.0003305302826045603,0.008353627033037405,-0.016822039073260475,-2.692720341298469,-8.614806944819202,-1.0716629942541385,19.18990182168835,2.231779976213208,8.129576092328772
0.012126183768915142,-0.015247489502437008,-0.03090023496864599,-9.128340119622179,3.1702105915326246,-4.057889778909882,18.16931351861461,3.321879104149052,7.715132494605531
-0.011292268867567073,0.0038037465480215277,-0.03269222556856836,-8.721886833712693,3.1320265097537447,-1.1444168727054134,18.25414996109346,2.711437598142742,7.597038550288709
0.0060304458134085165,0.0069111056702997435,-0.030162387440551636,9.68450702316757,-0.8236950297143366,-4.362709384612804,18.322594263764703,2.6370094587828024,7.698262323417922
0.01034576228095942,0.014773323003168717,-0.03103528981188241,-5.231047482380172,8.034684082036858,8.440087590711482,17.94992018392921,3.2355518659632176,7.653631807918909
-0.017885886882644156,-0.017803566436621125,-0.0008359332862652308,-2.624506992302937,6.612810852305472,-13.986025130476042,20.951317801814348,3.607523026872779,8.82870759035323
-0.004274760276896057,-0.014775305716233214,0.031715856700607704,9.145286950887574,0.8728012429428276,7.972848826084835,23.134952987955703,3.306424596444135,9.897629283427325
0.00684183191483884,0.0031532706033253095,0.035274198204027864,2.7323176685913744,1.1282625878568968,-4.554770959698626,23.22297277183354,2.465286013188483,9.867256622085048
0.01840291451824969,-0.01890173937271249,0.02217450601836969,2.3985790087073973,-7.501427662754747,4.3005381867911865,22.769093996759935,3.3656319768247345,9.623456365296745
0.0124948293138817,0.016219846191558817,-0.01686201916318848,-0.6916510162373406,9.212368257324343,7.511272801654698,19.174328793080985,3.4455032375963026,8.180894083964226
-0.013310382085548982,0.012218377514647532,-0.013312163536654573,-4.2695731731565445,1.9616466897628442,5.589800650894173,19.40202368348782,3.456115607964233,8.178991725793713
0.010941401803163484,-0.015360840495243711,-0.010364646636061216,2.70383359815526,-9.999348492664613,-12.87018096660817,20.669397345692502,3.7255313767669866,8.53618995636026
0.010381742250450753,-0.015200446238817365,0.008552789149573747,2.095343943283119,1.4530947831904015,4.319398865853145,21.007986793987985,2.9197371338559903,8.899509971698235
-0.007535317058773106,-0.007626065776583771,-0.02777946559690271,0.5048198384219678,-6.87768559038653,12.89547993126591,18.09205973438372,3.0560597187010403,7.708294213624389
0.015768676200385013,-0.011957753090029893,-0.03918361770377682,4.779725454246254,9.769939797994969,3.5950859989985275,17.670938050219856,2.779989363831911,7.381250495535935
-0.005295673507582003,0.012807430802144828,0.012228201083163831,-4.453452393543653,1.2160815501763516,-5.114376436500933,21.47583349371535,2.631104884242755,9.073677073860248
-0.015159900764688383,0.008936705277563548,-0.0073342716631686,6.911139612156255,0.3676994378813685,5.549378099822118,20.15421771154089,3.343267159322601,8.471635440800387
0.0006705682311337752,-0.0014554496809359198,0.03300469877312542,8.995084901819869,-6.2278976798482555,1.1893002336974234,23.5956132431088,1.7696984117577954,9.974489252216845
0.007033406900842226,0.008040102518832127,-0.03537339194016842,-7.031207051143074,-4.369041642082772,13.206661643008015,18.147263094408988,3.0364500064800852,7.502275707516411
0.007983494411648199,0.007505043254547938,0.02224194121612661,-6.328439372712773,-5.914022535648263,-3.9099304150516865,22.484353125425606,2.7760644551969804,9.533675472107555
-0.015019736031811629,0.004772617024365159,0.004921007593426549,-5.546769274523036,-1.1109074892456547,-7.359832236045487,21.066414766359202,3.3083578060284853,8.870351351242645
0.013519294404409254,-0.013306607319827348,0.03570083595459563,-4.531797725421633,1.724635271881267,-4.365931719377617,23.26238648111083,3.1879429086276576,9.962651952177751
-0.01413771145794641,-0.011323630921854457,0.022047731667594883,-1.7988110538192892,-0.8684599321128061,7.008232511398134,22.05909863945962,3.162606911258024,9.408031990567334
0.016219550194212094,-0.004875932992030849,0.0030309659034990846,-9.015809936943086,7.409115531604254,1.2830878729788857,21.005972899805347,2.8569220180018275,8.935217951728283
0.014565423168514443,-0.001412321312651555,0.011403635305775935,9.761924142565618,8.639300609674663,6.544915378952236,21.90581549555661,3.152374452568911,9.260724197026251
-0.01834527867310339,0.012925835744754626,-0.020054936953110288,9.566778680795771,9.503145451787908,-4.305242705242092,19.800849448577033,3.683179764528602,8.26128962785334
-0.009911718853433085,0.010572623893294827,0.020641701728796244,0.39083797341042903,-3.9549795498203704,2.6970633513974676,22.078055735049155,2.9862229979773454,9.375507666365568
0.0040209835623983455,-0.014877966621236772,0.03689950116264817,4.402838896821644,-3.149804532413027,-14.419908842747237,23.676109226254308,3.6233534713802875,10.035415048417207
0.008785190671485855,-0.0029485288298801565,-0.003161586793853262,-6.253025016199687,-2.323069227530823,-10.145112134513786,20.18503011854055,2.553912176550951,8.600201522058398
0.003642331549477084,-0.0072324169782138886,-0.02297388471079989,3.854906292161978,-6.3495892812811405,-3.6972443906104946,18.772087066481408,2.486802655096383,7.888233104218535
0.0025461151754852425,0.016605007369829002,0.001936608980059512,3.1474461653360812,-0.5504731652324111,-11.416702879149922,20.74692748949588,3.2907284788114213,8.749139386942275
-0.006274580228976321,-0.016738983671686018,0.023891941226052003,0.6198748906799558,6.07107349410316,11.108038514776748,22.900452762599663,3.6466212555183435,9.60224650298168
-0.016992405075348223,-0.0043327423831876245,0.02366162872158794,-2.4931791329202007,6.4730617266653745,-12.688928096974145,22.781500212425286,3.5002664980483154,9.626534222172374
-0.002437859089050004,0.010977535228776012,0.023800618178652734,4.932185978728608,1.4300154386927115,12.220271045982184,22.509770427547533,3.0095263523542144,9.549124121863521
-0.0012390036237979012,-0.008210165484334677,0.0008944956737661838,1.3493003975060205,9.509832669084723,4.145632093525428,21.016350120010067,2.5310671376957767,8.80168906092716
-0.014027360685965573,0.012864444495931503,-0.02503610138159546,0.07515972222053335,-1.0034181832183702,-10.994731526332426,18.38800208204774,3.651296297695066,7.704739963147586
0.01364989760228592,-0.01714478195684686,0.0033311276795102707,6.761680856058977,7.866498234397497,14.094661996825053,21.28177404690502,3.4450444564601597,8.946943136060685
-0.019001464767877195,0.017040575717282572,0.03950252828907239,-6.448042483522132,-9.355717464935067,-0.28874574036904477,23.86620069271423,3.8168024476968054,10.24980968169331
0.01940812244411653,0.013632750193866155,-0.01037760156142509,-6.47135992326416,-6.574223342996531,-9.020374929212492,19.95557549292205,4.1139151478341995,8.441440268916924
0.0043478003104290425,-0.005956197509671246,0.0004378147310555233,7.571072265575236,7.851447590817489,-6.232096113537478,20.908002237782213,2.484843687659712,8.804841949777897
-0.010487249897694749,0.0011093524772686075,-0.0279604370204272,-6.5705215797678695,3.9698162696077333,-0.5794937908603774,18.4736466912881,2.5632591808932577,7.724920774360918
0.01047080517859893,0.0030897687139693555,0.038612061345336034,7.98123572279032,-2.896376552820607,11.1391266604927,24.013905600847217,3.123719166631456,10.146879525369007
-0.016707068445694112,-0.010325277866662451,-0.02087381532165753,-7.2087346185742,7.179504902251711,10.606242736513511,19.300134747246528,3.2851671087803234,8.139733312217603
0.0034844149173870777,-0.0012959094198106945,-0.008139668121832921,2.792154582642297,-1.7184899273472567,-11.727124111529841,19.58724793518679,2.3795982230388306,8.329890901544129
-0.014785563522686597,0.014241248206572712,-0.023048478194770478,6.842259859994094,-1.4856975763969178,-10.351265702884799,18.79631541226347,3.78824450359484,7.949596259828677
0.019677372762983102,-0.004659664187582773,-0.013002240233789424,7.397057216079279,-8.823288745819129,-7.549161819839676,20.14529713819685,3.0790215616453613,8.445300629918998
0.002261349517196979,0.01138290163227813,-0.0056135464559701476,1.4330468340308933,-6.3867611117747884,10.593926694614979,20.140527155760573,2.664090065389504,8.522173512441652
-0.012230658262264936,0.014719977738747603,-0.0023175768823465934,-5.00702201557476,-0.4116001627061401,-14.20347036878836,20.57772560159478,3.664331376146126,8.616340265014005
0.017610304084355915,0.007132134634083704,0.03627675080444397,-0.7425406753266515,-0.9786759674961427,10.90722855412087,23.473340966957565,3.7525944294474147,9.92143092893883
0.010905025353712548,-0.009360090644610155,-0.01623689968095637,1.0646491250858574,9.205938026388221,-3.6165108060205,19.347059723491242,2.7968862708768647,8.154428349202652
-0.005240358789631326,0.013264308792460915,0.0182985185857049,-4.43631487509373,-2.894906518225757,-3.346772813502204,21.791971650251092,2.5739046287538816,9.301884900731542
0.017090206686519133,0.010575598763230918,-0.02171719968388157,-8.36922476737911,0.056068868743226474,-4.772721314573461,18.983610961562125,3.583497195534491,7.981901370245605
0.01710538520334617,0.012031608181012562,-0.03722408327887909,2.8390297299471445,-5.1358290251590315,7.129139289023115,17.5029571561923,3.688671947393173,7.412322241154599
0.012162791395159345,-0.007722273102518757,0.00753135270055192,1.4448537560820576,-9.308946432913443,9.699688074520115,21.37410011147506,2.8915563517106517,9.07892207361188
-0.01880102519977778,0.0032874131903417696,0.025251684478452684,-9.285975524080241,7.350118133929946,5.077458819448445,23.146176065487825,3.304504720986279,9.778206463290541
0.008357489404041227,-0.001470783873890387,-0.012593788994731216,7.4441138911552684,-4.285392086099895,6.965330451687567,19.672092886969963,2.6430264536017947,8.291816510884505
-0.017365197688142486,-0.010523320127660671,0.004816435186130959,8.105778441522858,2.3413544131307944,14.8646375252264,21.05724865364372,3.541183318948463,8.98590841359976
-0.01658563875703411,-0.010909683535083281,0.03447862364921512,5.536141925528597,5.5553599194927035,10.300940460878987,23.734665742096936,3.3498487987860446,10.0324322349861
0.0004703976876876091,-0.01743239314191301,0.020941896998810404,-9.885346391362194,-8.630043013464824,8.934937171115607,23.170333667626924,3.620515101260017,9.674514505895235
-0.0029102225193190917,-0.005777449160424322,-0.007578984469738287,3.0585258946933926,-2.4712982497849367,-3.0644531955583627,19.593324088953715,2.215622660253193,8.334546829303592
0.010710409722876332,0.016653855893718424,-0.028274053216693462,7.706475098817602,-0.7525418279989786,-5.729851008583843,18.604477277427108,3.512085468930692,7.78621811392274
-0.013456626030530034,-0.012346124281022837,0.02876049305651928,8.03229341477499,9.687918809103696,0.2092538559789947,23.51180742268699,2.9683570096943552,9.927723735869275
0.019122964187060238,0.009932708402465903,0.023051194402726176,-8.963000588120666,3.137780025423993,7.744886486274794,22.806947394201053,3.7703338989788744,9.632300212123855
0.00948804008717891,0.016816245214145344,-0.02809357474055588,-2.416326258664256,-4.268564622021236,-0.40620974195338455,18.225854136552535,3.2226002920782593,7.658071162988123
0.009883553834585994,-0.010208770367320605,0.0011594175903595627,-6.255844257827907,-4.8997119551636565,-13.20373638864972,20.83501408814812,3.2789966176830228,8.828049130412918
-0.00969897848215779,-0.0039947859602009125,-0.034937298767335666,-2.604281528325214,5.204808294156285,-9.31019579231414,17.825828004684016,2.789321139355595,7.456892030078174
-0.0035955264624347276,0.014016028648682888,-0.019263511494794914,-2.943822006926144,-8.74052245676949,5.610786716607542,18.969602632598317,2.9339051623585317,8.066965906268104
0.018264543124000842,-0.007278225050739117,-0.002372314233760414,-8.718227742938204,-1.340856820066378,-7.007372491238405,20.63789011968763,2.904226078360888,8.72886481784381
-0.013139327160990026,0.0060904704471930644,-0.007557288973512655,9.357804240174453,-2.1874065984558744,3.119034073613591,20.298694227993455,2.927811979633491,8.50622411075801
-0.016316464839837046,0.002946717181558093,-0.001514450674796039,-9.211089482128285,0.5917983180984372,7.9633824329015255,20.628753950568065,3.25711598919746,8.73548447232653
0.0010799837523204,0.01865505527458233,0.0022785708593455814,-7.676108673691992,-9.270293762750413,14.337451154879776,21.358190392727565,3.3300387603927444,8.957561496384967
0.0014782989656532547,0.0008646997768520133,0.03495610414531405,4.814940680917751,9.878584400878271,3.7173554505443356,23.71718501130139,1.9850276470171133,10.054632959662099
6.497094743970408e-05,0.011465985145306768,0.03386608073172207,8.139566922935625,9.04935407934407,4.198745441690001,23.846843406867425,2.541899352435795,10.077785513975135
0.01732350491537268,-0.009771992829691701,0.02674464354707822,4.462975229475688,-1.8670290627885961,-4.991559275024942,22.62451813116318,3.004007184430859,9.644293581488343
0.014296121037746443,0.013464086101947884,-0.002883516766762337,-4.497684162561512,-3.0380817905576567,14.18780450738555,20.68767053143011,3.7974453055594255,8.62476365515645
0.019509120870741744,-0.016201072004664547,-0.02967458155683965,3.8870203158499432,-5.553787243304837,4.597959555812302,18.385425932938844,3.1657090668747507,7.739224365006533
-0.005451168231991335,0.004973096047549596,0.019284262780493756,8.554047541469188,6.5342295842848515,13.173993181173238,22.256489140216576,2.9403146866982794,9.52661144880469
0.015689510709144382,0.007908211554056684,0.029474152119894854,-7.446153916003057,-0.5191282429317106,-4.360975494021623,23.08302502565534,3.3007614697826337,9.787284012040319
-0.018951786623380637,0.00651050686996971,-0.03813990883291936,-4.809177997986962,-9.02281572021762,14.195100084527436,17.50982146244127,3.901417848577134,7.4607323838960244
-0.017897304652002177,0.01556818346554784,0.01996252162516811,6.059478380911809,7.260610361775107,-4.363888431978914,22.637008144801268,3.702229948101597,9.559477278654652
0.008283945071748459,0.004066364448150082,0.03179815227561262,0.9232701364058364,1.5024138819096606,4.914855874150053,22.74843657723284,2.6561708626811704,9.711276692717075
-0.011444983411697201,-0.010490552891854379,-0.017983491118429642,-9.508089473431504,0.2874777469198371,3.7556822782453096,19.330639251700806,2.9020316072430234,8.163517392320085
-0.0035139949135242037,0.01284983166856334,0.015376442970788572,1.3846371240998874,5.1670731479145395,-7.612887837547242,21.758033877297002,2.647576940397628,9.240025541456381
-0.009752700814021971,0.010336247080539013,0.025370582642148913,2.900998401915926,0.06422620408110191,5.107084144713578,22.514797393223336,3.078135357680855,9.538915430065764
0.008716747375157662,-0.01684148341760035,0.0031954216077824393,9.999376004652888,-1.0914436882188134,8.296042102070231,20.879676888961676,3.259263365710052,8.90030413489466
0.0032840716972910126,0.015072180837146492,0.003553779899064982,-6.3338052160141345,-6.758283954583105,-13.388843074839329,20.8583988630027,3.3512144431600825,8.8954859290285
0.018430672517656784,-0.008516824355586325,0.013803404485223103,-8.546120122839572,4.611020507419418,-9.07614505724549,21.87206112125038,3.1139977432458554,9.307097761050866
-0.013342925515886712,-0.01715878974126986,-0.0009013790883288866,-4.417723247162446,9.850725676479794,3.228654882988856,21.06570351209015,3.421564564107187,8.857746652250258
-0.0056577924213968254,-0.01214051465478176,-0.03900489675270398,6.171615992732306,-3.543534582361545,4.769686992322487,17.28020856026355,2.9775854926125787,7.288239447557782
0.01898593664835332,0.003534221511693452,0.014649992338480668,5.531202107875135,-6.6470145470419855,-4.978775428973707,21.944172498427204,3.3032563216452586,9.322289180693142
0.01190171247890284,-0.012285226416155997,0.022912488130930768,1.437527971512779,-8.057408876109378,8.044396302724717,22.610476442105067,2.879136953986031,9.601624096909196
-0.009872180900701456,0.007504674191247944,0.012443892064633894,-7.342782075051833,2.14680607296496,-7.4327498589221594,21.866747616001383,2.9639281728208005,9.176137021713904
-0.0031471294737250646,0.008468203304677312,-0.02946814250401318,7.1184887654908415,9.927684503791273,-11.382277495486878,18.880846992946868,2.741358831787344,7.84065460519588
-0.00998902529516168,0.0010326131213579393,-0.029350821303964922,-0.30155538613065147,-9.48223438884568,-13.250715207420603,18.470382023014636,3.111736909244161,7.725354872713663
-0.004048978022037984,-0.01429879028136892,0.026158997962136755,-2.071823086092204,9.968371172516154,-14.491052179977752,22.927779314842436,3.540518219700158,9.774131852214317
0.013710940838334528,-0.010601083643316538,-0.02973002238868843,-5.006809114417541,4.126385401023324,-1.201568704414548,17.965455022528918,2.844227168355646,7.638063929701531
0.01218931503411266,0.006795282683209735,0.024759850531941373,6.743739877349213,-4.338615254670872,-8.321603318917834,22.554602673023115,3.1946597489601762,9.646863013133123
0.011132635287732784,0.004583283887855349,-0.028894294310555547,-0.6789933149492171,0.09840129629919048,-1.9817233505155372,17.835289843616188,2.7204424131641103,7.516135081124164
-0.007822610199177108,0.00662087360407938,0.0327808251755401,-7.509596414816551,1.7009046906276897,8.461485610173945,23.216195172354425,2.925586947582093,9.89573475569624
-0.00548976415601473,-0.0010062569999230234,0.010668977040866355,3.2388775131998955,-5.941795527861416,-12.275455624338635,21.431806031528648,2.667986225293287,9.085945014106278
0.008142600755719712,-0.0029994022240856337,0.019990250994646658,-4.694309958159437,8.756455121629624,-12.69231661863271,22.38334389308318,2.7004032058548986,9.498343055737664
-0.016157984541594624,-0.003188608141137559,0.031082099981876936,-3.4982871651972447,2.8820527097952127,4.267009893043227,23.02558962845825,2.7105448076696708,9.79728636204924
-0.014163112510207729,-0.0035740387349993998,0.005485077579373519,3.6772985965652687,-4.804490576614975,-6.373451075754094,20.823398125441123,3.0070277639544254,8.862410408481777
0.018839197676078247,-0.0016511614820986509,0.022650218461581974,-4.761571049687414,7.167276574731396,11.48131572618787,22.4540402698741,3.640892057986046,9.58486836287477
-0.01572120134238516,-0.007684350861888185,0.029697960290332885,-4.500881646804777,9.207367099514933,6.7169497835824075,23.474705954921603,2.8847269943104936,9.912131522380436
-0.002100164407736714,-0.010122359119579141,0.020796967467797474,-8.989423659877199,-6.821784626470642,9.168209286147075,22.848055387144786,3.0376780034755013,9.582263085904449
-0.009369497919252767,-0.018333114959837846,-0.038408598093710715,-1.6707023668819758,2.8162680977831904,9.46534733004367,17.660864579228562,3.7627903715611426,7.332878486018689
0.00030333696133187996,-0.016644697691326097,0.01141408614228645,-2.6566809210347087,-7.670262115142279,-14.03989742845033,22.00281770619623,3.648673023646618,9.20230132877867
-0.004068878105040433,0.006118485630094074,0.0006054011341152452,3.456387915282564,-5.805382202312077,-13.78686671224674,20.51181626426281,2.8302130795377067,8.74014413006696
0.011764587742117177,0.012885603011559225,-0.03032698978554283,7.802410586950693,9.961346752594256,-0.3269949244960362,18.79692544477867,3.0955800554229236,7.806438069837287
0.00716929583307346,0.001001078729418653,0.01785907149932841,7.35727361359843,2.5788182030510836,0.7332749371453637,22.066202278371563,2.3228144732854923,9.345883701305489
-0.01506099574541452,0.005963691421559773,-0.0271278829877091,7.2786454778462115,7.8440547488017,1.2001473036319261,18.600521255698514,3.0367543673103,7.872276236816222
-0.01073104235534216,-0.006050003628918405,0.018831055263464513,-5.740626229933894,6.973640270836764,-12.293493971122437,22.6075681047893,2.964023406824338,9.486250742747991
-0.002471437216413394,-0.011749790280218816,0.009915073865934536,3.375638615622762,-4.146861905787887,-12.05261855327754,21.420878168824068,3.130250071717253,9.036162259519845
0.0020824833814868174,0.00046307390367217663,0.0026712309965115713,-6.982405626784269,0.24801328190692828,-13.777571036755097,20.81936216376113,2.48357776414204,8.815828039208567
-0.007835207519726453,-0.015522923215759805,-0.0207914966759963,5.313195552771791,7.1325422521424855,7.543225908022819,19.33963921906743,3.4323505607542346,8.06008657186611
0.005693579191560775,0.016941215665940954,0.024898336225076208,-8.134553048619198,-9.897539626111024,10.284704619788766,23.23382930379639,2.9965893104739143,9.76752121840518
-0.005715384281733526,0.004455819042916219,-0.03995544848503913,-7.36853482461632,-2.766647077080795,-8.39233642633298,17.278222617420738,2.5885123136027146,7.2846526806091925
0.014971503029298106,0.007254125770727603,-0.032335285108602604,-8.714210637811068,-6.114085966507536,-2.278036884961111,18.3894048994938,3.1668887374048786,7.6608470732232155
-0.014876110080763035,-0.008929757478938817,-0.02758020454218494,-7.125523708485508,-1.5723657430682252,9.74054172337275,18.21546686619608,3.121244970101436,7.769879951916668
0.016957731149594753,0.008262319269991946,-0.03904311747400798,9.04865132804187,-1.1126176357353028,-11.265657932560227,17.87417597440574,3.6806042019396656,7.428330188086354
0.009549161595299723,-0.013258860207350693,-0.00036054977876730926,-3.4432212162219606,-6.638354932951216,4.504781657250803,20.65952897716128,2.8731123075779124,8.747288647330395
-0.003547356348382859,0.01347407399393245,0.025547481645330307,9.06017862501949,-2.5428516322323595,13.530465922553326,23.298402012217334,3.2625385370429387,9.750917994004341
0.0028946968712032922,0.008061479648561787,0.030767710298892754,-5.0362576981034675,2.134830816205275,-2.33831905135329,22.899690895369897,2.397137733434843,9.750336631262336
-0.0071857481173018874,-0.0064691672058097265,0.028709010435010097,-7.340737547227967,-4.353521339914743,-8.498000759571479,22.83388361839499,2.4619115743575786,9.781073844018588
0.0031085807703612467,-0.013647055043049354,-0.03438468760599544,0.09898822779594596,9.610724029587399,0.72603794716834,18.115345613229607,2.8482943424625256,7.5340236744823015
-0.014697145581539527,0.012577682430342973,0.02450845361794126,9.673457921402456,-2.0347133727833917,-5.126396763537267,22.835665122348786,3.4709944989662294,9.693970102475257
0.016992287616970792,-0.019804627422868024,-0.02445915658518005,7.983848494609607,-9.745944094158155,-4.90743680072706,19.53407545499192,3.8948274061846484,8.108361490732749
0.01788536597767994,0.0023874140597458238,-0.019785022967363643,-4.66317277354184,-7.872708304527238,-9.457921322669257,19.320317675814294,3.4487125566836876,8.116136732390776
0.009098343072857066,0.012092802855241409,-0.01482205902457526,7.42043615088955,3.8991982470632287,-1.2550437531358156,19.691606248215198,2.9452062820157816,8.235514102804702
-0.009622407376725933,-0.01388779111238644,0.007780027321111244,7.257397267797682,-4.245077794765346,-6.146316792515053,21.105761193856686,2.890503001031588,9.007132215824836
-0.019559664542249652,-0.013005684377145423,-0.03378466868839227,2.590896288533905,4.705691447089462,0.7209964855715398,18.03045871227832,3.138968691745551,7.552387225800052
-0.014261668717970783,0.004835565886533558,-0.007895857043784378,-0.3278052293712026,-6.360014179190876,-8.326806639802312,19.769927795229215,3.3174704448489214,8.4040733791124
-0.008999653570599469,0.01608576937646668,0.0028189128933896884,5.6964650208657925,7.447227667455472,6.512036238964043,20.997309034626788,3.429246048857979,8.921700903773603
0.007901844947876126,0.013328615068573486,-0.01908101349989889,-2.5477334364494286,-6.887943725865025,0.6365650564431427,18.99541186083892,2.8884508787490764,8.031066691717475
-0.0008197084572222658,-0.008795752632283152,0.013389825626019577,-7.478092000369725,7.652760732304976,1.4888880024904836,21.911523870722135,2.4415594416095336,9.275507663991345
-0.00219150736990353,0.010054553819794993,0.008861815869301903,-8.364376490703563,3.1207201707319108,-9.813809728172162,21.608880473746243,2.5464017414179305,9.070772795550363
-0.0020403053381469367,-0.004055939495478091,-0.031045146630458157,7.430842019164711,-6.924007308762148,1.2866040765786302,18.178036764505585,2.061199217442604,7.647686893111731
-0.00019174248026997479,0.01627873277787947,-0.008951799618736978,-0.4300813336269744,-6.199995672566243,10.342435495860666,19.826620309175897,3.0728227694408674,8.403545076258272
-0.00168439115141528,-0.018252672625267363,0.0283342440671819,4.600795417670158,-3.4825578438333444,0.36682370646256857,22.782196486797694,3.1979224730539455,9.694783493147806
0.014791294554236705,0.01722559233079145,0.008005746663300665,-1.793251748323092,9.792752428238025,1.4970495289859151,21.211721567204638,3.4939585366165944,9.087671087348442
-0.011906405468047332,0.010620203568233698,0.004120922791484086,2.1791010457021116,5.0108805056602375,-13.3326930461107,20.899612561366702,3.5270955589201116,8.871006763502233
-0.004462711864590605,-0.01200740336005329,-0.03374623594546205,-7.333293985793638,5.05156126306013,14.849231342182122,18.068773799923846,3.4105052874648103,7.609940691731727
-0.0028915895348874607,-0.0003109030418886778,0.02108009168928244,4.2889593931009,-9.594103575305295,-9.998108577696538,22.649149769085486,2.369674960598505,9.55643361689854
-0.014686574050578667,0.01660113872963029,0.032515456354216925,5.845767306489977,0.7756690891221858,2.0925198401459646,23.32593531907358,3.5783064768082697,9.902226047296516
0.011166487070688676,-0.0070418285362659015,-0.03979274505530521,7.797503247996975,-6.352571826407248,8.808413985078644,17.49235868464466,2.794472553275841,7.3794328871817765
-0.0004423314207923079,0.004653223371525034,-0.005982116954687748,-1.8251243778182555,9.12097263174513,12.048159490128068,20.382685714957102,2.567208625647186,8.554638385866184
0.0010967039814049548,0.0023688189888581637,0.03044628393897581,-2.672088956769352,-7.0594042870479505,-5.703145743289049,23.077752874832917,2.15375940955636,9.795928325733307
0.00924204347932794,-0.017437915385177753,-0.017898759793976007,4.3581879868796065,6.972868742940918,-5.341702376977258,19.150402386598785,3.5063592729665265,8.088860993781465
0.011501073424265203,0.016352683029573396,-0.038815980401818335,5.878512674482291,0.5884510870193402,5.722753758040415,17.481823797804864,3.3634591333945503,7.360858286407857
-0.015969245657895797,-0.0018562669229317368,-0.016603892986680257,1.8122963341972884,-1.4641033009466593,-5.117636044782129,18.8847094054198,3.1331572858045518,7.984776155902237
0.0009948861126342426,-0.011073020872900408,-0.015023202057412581,-2.3133103739402117,-9.217811253155567,-4.871361080998698,19.713166872035348,2.7861063003688478,8.235181627290183
0.007349717927460503,-0.00859208081161921,0.033094625132663334,1.8075880904896557,0.2262598320278979,1.165003723340213,22.791397219659878,2.4344974632890173,9.756100550442172
0.015238573855526589,-0.011467370876922001,0.03391578739274135,-4.3708009041537,-0.5779400958504777,1.6269851104718285,23.330126137227015,2.788198912544027,9.9063400886339
0.015455545447480349,-0.0043152536445285015,0.036555374063748196,-3.18614119902481,5.430979691876555,2.261100718816863,23.39374661536226,2.8708623058572695,9.993587172851061
-0.003766386172967248,0.0037995622922402904,-0.03264831339356634,3.233466485626625,-4.79072398264063,-14.436508259018021,17.74581086579019,2.7880702967655977,7.524489989367617
-0.018804115987080927,0.011094320738849205,-0.0366995781850058,-5.077235577535449,-1.6620269686894673,-2.971906075666684,17.70530338115492,3.5801467247846297,7.380163855864424
-0.0050463346343550645,0.012546286809365658,0.01311752051232093,-6.147759652566796,5.363351207587499,12.217757038743944,21.56537415450546,3.2671853166201945,9.206217824426687
-0.019019773657968073,-0.011260396205454933,0.02930089865032077,3.4637177956741017,8.646270321668844,9.918093117185848,23.708767738338164,3.423044943144835,9.921591763864498
-0.01326523849495,-0.01969006891072218,0.02015138405772087,-6.520699319847072,-0.32153827812202174,-8.06823170321261,22.47551468521133,3.4545487078034713,9.5012403630407
-0.004012780581995404,-0.018660713523922002,-0.0055249252018084866,-8.888018282602578,8.53282639431384,-13.159261425879734,21.077191192925323,3.907421317753039,8.751338471031639
-0.004118684659732589,0.012774971670906823,-0.01718641074972057,-5.239054684411544,1.7249203984443096,11.419417283102153,18.90492682475055,3.184949616596597,8.049072789974945
0.005989522121664023,-0.01576877234972665,0.03719724675926198,2.9424394813639054,-6.1704046582096534,8.584137047809953,23.618778181788766,3.2653086645434115,10.06244147819598
-0.007094126748550523,-0.006837669400855239,0.006945791744213989,4.412466722158207,9.617943155289321,13.105082984493265,21.806486720112574,2.963364758555816,9.102964412443903
-0.010073537696148454,0.018264121107386313,-0.03550318595579169,-6.206311128583679,-3.829591521041273,-5.151576834312472,17.617468863060946,3.1507629502963743,7.436216516788588
-0.0018721566403411723,-0.0017348579356040936,0.023119877792990594,9.093361896106856,7.92233914775133,11.233281070695618,22.67578812023204,2.3377412641630624,9.680400522598816
-0.012356352544692691,0.00904419819365741,-0.009666703383562378,6.011767532987026,-2.666689954087764,11.762407328883906,20.16021399457373,3.46070346214004,8.396201941223657
-0.005938575561394259,0.01699559092374869,0.004538640266439617,-5.105017787654942,0.0409919279730957,12.360324496547186,20.756521130935013,3.574169443249795,8.830874098773956
-0.011502706665506844,-0.003073434849240407,-0.008005449782527013,8.112998514178592,-8.452612089508468,-4.242814367094272,20.17488507004312,2.7398975424120477,8.518593268058703
-0.01593999578122937,-0.0128322356659084,-0.007705557686708761,5.193390486560576,-9.117388399144152,-5.119693402276692,20.217403791926127,2.8416087077092747,8.505990858081406
0.0006022508112583716,-0.010816759105475287,0.004277916315610968,-5.326692738490541,-6.111026756676106,-0.14732119664900445,20.945972674973003,2.588121885234235,8.886074664278878
-0.007767295966745894,-0.009031714962194149,0.00955201365389649,6.92435060105737,-3.4431815309408043,-13.047313331684004,21.18970501726691,2.8516775740192446,9.070331139272925
0.009516954205997758,0.0064786549237306895,-0.03319969856328679,2.3680070964249467,-0.440776025021119,-0.9985838663382847,17.616069572552604,2.677636788332705,7.409871807099115
0.011721372208195257,0.0061850248163870525,0.013308616807375093,2.8954447985746015,-0.7943055252901736,8.975222711258624,21.38190333467519,3.1903092481874706,9.10345254048512
0.006188199229525772,0.01058932041627951,-0.02727447215878679,-6.180334624413993,-5.671438958464949,-5.43388222937414,18.383090540149407,2.9191183125552813,7.745180933193589
0.012165287874361889,0.00025333359074657114,0.022465494938589375,-8.419252334327542,5.512004571468655,-5.626566402233106,22.59673044534557,2.7005094465008104,9.582520731125083
0.006036512722604387,0.019379651538995988,0.004665389442615721,-0.0348622359736428,-7.945666510528653,-0.9925977952485461,20.888967201448594,3.1643426040536538,8.926672349341167
-0.011117455818937656,0.018507599379520377,-0.03312499657853646,-3.0523661654617795,2.2259460321054174,-3.624516044871962,17.89946337831773,3.2313323089971555,7.455832634510612
0.00974664674430346,-0.016224653589854806,-0.010005563819718243,0.6406599185508615,-5.110736755744054,2.882790568635123,19.82064684751501,3.0304965834449282,8.349612400323721
-0.0074347272047506595,-0.009333090771920141,-0.01731299727638583,3.9999876101839664,-5.658484647874635,-7.588716739469959,19.171209067947512,2.6248456860860285,8.069927885851902
0.013294239618278383,-0.001632097959705793,0.036707755413330094,-8.474320220465684,-2.0595808397848963,2.8209665351685196,23.934731889600965,2.810398169735354,10.08809927923398
0.017031948298342845,0.0014958109945421051,0.03240605047260476,-9.012899671026307,-8.221421594276519,0.2247847274976511,23.84291624329177,3.0785356680029503,10.037753863561795
-0.00208312569533238,-0.01903406837594915,0.007692342966951718,4.9406565511494005,5.723108143354024,-12.63842110868931,21.125592381059178,3.8011077691675834,9.031661051266855
-6.539918292138708e-05,-0.0009613009838632079,-0.014514622294161405,-9.25412852726868,-5.83815781429881,12.717166560312123,19.97500330653105,2.4531963634349516,8.309474472682673
0.0079930082597768,0.01859212839231433,-0.008372335377744476,9.384329178986391,8.458021354305675,1.3780394152494857,20.6756997768909,3.130596658141001,8.625186778220359
-0.01080933126170673,0.013277041896505516,0.0043276780274231555,-5.023017815748217,-2.457883749783174,-12.21323439993381,20.92805420967668,3.4136764054146456,8.84447354518406
0.0026209957367870594,0.010884447582474518,-0.021080082149541254,9.349101657030964,1.7996394431855585,-1.8532628403742777,19.15452802359775,2.5294081619776487,8.031713661893182
-0.009463423154347997,-0.016320825229555944,0.011995056551075196,6.858968358372543,-0.818806464524009,-8.865801753897092,21.295892142548034,3.232647887448045,9.138240031084067
-0.001803546538441534,-0.0013263999028959236,-0.026707567170882858,-5.085818382073026,-5.670374458614118,11.087295977692335,18.51540178289463,2.3985925282216822,7.762920127599964
0.011279027061035864,-0.003977035316995982,0.039841737258820224,9.735125970668314,-8.176170178101913,-3.3743069290740184,24.237413547934164,2.3611633208212828,10.301498067022992
-0.0032523860196681034,-0.016443312727723668,-0.014203338959383398,-6.035730815157758,-8.966838919479345,1.8381408422255276,19.63951572372145,3.233053853428183,8.305526525507322
-0.0013068174615054225,0.009498281093301631,0.011040213063565923,-6.643348536262408,0.27520316582077164,-8.092541823662488,21.45155051540041,2.490364899926865,9.080294840101425
0.019223322106367163,0.0016000345947906197,-0.038503930221444035,-1.1201702697722347,-7.58907671609776,6.922199075509766,17.67081807019406,3.543024882826403,7.418584444033451
-0.016648445620966283,-0.015636277390628374,0.02299344027175127,9.523101963246326,-0.013287222957785616,0.7123984794061009,22.472043100687358,3.2690719216253634,9.600566043521061
-0.010247205624594545,0.015000446578256912,-0.01706822763151596,5.2499716096201166,-3.6958012594951413,14.526351493809507,19.734910834594487,3.8054431327853897,8.178745090700085
0.01819013810285974,-0.012540857875468277,0.02040129833915664,-7.976505258521367,6.077580941824156,-11.508630740783815,22.531102485302835,3.555184787381217,9.557775211212858
0.002460250667178608,0.0023014273606771288,0.01117767439069061,0.39435176913911363,1.2828326561822578,14.421370281194381,21.07442346654473,2.607444027804981,8.98203886230294
0.004843166202274891,-0.01669857639161382,-0.001976033126298772,-1.7413324000068258,3.1117093009120502,-1.095083378244258,20.263162275179557,3.179406999320819,8.561413104026354
0.0007735660962150601,-0.006023448165863478,0.0285174887115821,7.621183187600348,1.0462777130711913,-8.936363379154155,22.927113167000865,2.5597923517233108,9.733667884473775
-0.0035840174783488173,-0.015183231949452262,-0.005556021476928796,-1.3370356363017208,9.223303753318653,-2.0361821917678746,20.426557846727935,3.0047933658244816,8.584567697311572
0.005087634907904249,0.009511649289614323,0.026658408104216026,3.943297941246314,-8.590451553919214,0.32905390718129013,22.882276674658986,2.5275984259126543,9.73568020597493
-0.007795848297875109,-0.004141570610030159,0.0027668159359284863,7.787083981093538,1.0844002078675423,7.091833499638771,20.769489264855206,2.448665374877687,8.815817846732257
-0.01695827271655756,-0.010601747270721234,0.029635486795046344,-5.646872899873189,-9.195713214923273,12.027539319626069,23.239834212629944,3.4184977270859385,9.881280043332612
-0.005456120912889349,0.00547264282800199,0.020054235717755844,-2.957569256965373,1.6698334236329337,14.886441933936297,21.877175042217413,3.0288336003542997,9.352231871083683
0.0025506386968628635,0.004405304476629283,0.03215391478641479,-2.904200522034377,6.9709916319656635,14.4602068297316,23.30575908960928,2.630418970643605,9.882683005175297
0.000773463463986164,0.009040307758397915,0.023173633911380713,2.128174342345501,-9.303874659035872,-8.438830143428433,22.700874330030164,2.64669621564299,9.611170085344877
-0.008836712523954118,0.009340188928608332,-0.03338756305712552,9.635941141889916,6.246617163096378,-14.39514908978285,18.697111129043254,3.3829121274263696,7.7145563148426755
-0.01901263524012836,-0.010902908256138275,0.0036753893007883884,0.6554699953646388,-9.786351736140904,-11.438028115045201,21.284300760228582,3.4266357718954303,8.927345492707033
-0.01659056820355323,0.001283854679971455,-0.024730434420524736,6.1333465377133365,-9.325792979570327,6.743321199218286,19.04891269560208,2.9983873888458277,7.927655084584268
-0.015978496704064295,-0.013779358748964726,-0.0015813915782672897,9.082153750277172,-2.407467904254805,4.87203392324675,20.595116543948738,3.284058603867142,8.705686174049287
0.01535142287318705,0.014591098207027923,0.003666557770191342,-8.982349871122409,-5.598541505978279,-14.856586150810502,21.062508172414802,4.193830083204219,8.97385204876691
0.01692484472624572,-0.006021390615032995,-0.03219153562019307,5.404765576358718,-6.795074646849781,0.4239391215851107,18.152461321825584,2.864885781787477,7.642703470213881
-0.0038336894593602143,0.019363812318497247,-0.03574866467914971,-4.7163988081367965,0.8572693601424763,0.8694744732326871,17.509456587723296,3.030733243554549,7.350191936329618
-0.0013294404076931755,0.0046601697502429325,-0.01502317451712976,-1.7830516844748967,8.350323143534194,2.5562704755077945,19.3872041170931,2.169481293180262,8.183702065935076
0.012905246608968569,0.016339173598204398,0.01064028268748314,-2.651201880000025,-8.14764655715834,7.74022509356789,21.63379022890011,3.4508439759124556,9.164546499297439
0.0043007324638377475,0.016439483326192997,0.037055913570101455,2.6046474916937274,-7.438762945164131,10.96375500303511,23.8795697606453,2.965099242134168,10.112761344274617
0.005665947075267838,0.01986789477038235,0.00762212876104508,9.123894509689563,-8.092613475598958,-12.638857763984968,21.646043930270505,3.718450455094952,9.21338539860329
0.002663845928073817,-0.012913777440366583,-0.004686530193130471,6.995113309896347,8.820454642275749,14.727879461465374,20.775334588986684,3.34180795799945,8.693998026799651
0.016607130756977746,-0.006698966934049691,-0.005277343124131466,-4.031654776158568,1.646017216685017,-11.155034155447858,19.830658123485684,3.034181778526023,8.489961286968127
-0.0055818750052992715,0.015475504124679306,-0.006239937792246027,6.299611842346145,8.359071530327327,0.86141078471824,20.47024313285053,2.9359195973812646,8.617228532370891
-0.0043125863152368195,0.013392322010104814,-0.01336850688303258,-8.83517493055167,-2.735461362176091,8.117134539560908,19.658306244038556,3.071650667411483,8.27166095645349
-0.00445272997799972,0.007327423701652385,0.012030565177151127,-9.03971092859756,2.352722893125346,-1.5531187941343454,21.76795993123339,2.276152310372807,9.177572343055358
0.0075436656141148264,-0.0019884109895390856,-0.010613890584884187,0.43938491333797103,-8.450716142866428,-13.418771173872031,20.163717918645933,2.7384537706497594,8.406488699409502
0.01327210882022688,0.012005378489808944,0.00745158874777993,-6.107964570113264,8.189975615336191,11.79398175402881,21.18617261881171,3.543552613672438,9.064229240497125
0.0011765930303532825,-0.0060295749482148775,0.008958232129486002,7.889070391398871,-6.482968056458893,1.7766491386518304,21.46715993369538,2.1831819159211,9.090239310357802
0.001997292836873766,0.0025276329710803083,0.008650859129142888,-8.487069690302535,-0.5997314413688777,8.102248576884197,21.435325246048027,2.23042674978708,9.048649213557612
0.002868907576358496,0.0022614650388610123,-0.011863840828892344,8.45393848025057,9.236445643041243,9.26591155634382,19.850936675655657,2.454574054538583,8.43076053965112
0.0072719025161437495,-0.013275111708121536,0.0008552590121566409,4.7836374843901535,0.8781331864622146,-6.410040570697289,20.3875422516905,3.171269434752121,8.679274552729526
-0.007897382873951714,0.015845139137462858,-0.016616613735055914,0.4513787775517777,-9.27860609287013,1.4757955262644238,19.32240250288105,3.1134432076679626,8.185340495201508
-0.00894385121776142,0.0059899019728564575,-0.03576681251351944,5.9407269881234175,5.990671603777876,-13.251981334088283,17.993240639506777,3.205841708433053,7.511793707182308
-0.004616504572491622,0.0007821236819053994,-0.02516559639126081,-3.498662122585598,-5.746371731403586,-11.736243810022511,18.48399911482714,2.5768799796001223,7.79274056128333
0.016860520249132895,-0.01195950588498171,0.02380722996529224,-0.35395160960000105,-1.2030978105054224,2.0649975533244636,22.269293506655252,2.842644556989981,9.489512035765191
-0.007128272183132278,-0.009460972791169513,0.013721732003409842,-6.119484505635553,4.558861810710768,12.290512294373826,21.75954271457481,3.127169598754784,9.25127917160243
-0.008335575074918862,-0.006407415268677261,0.003617497807635338,1.8242232173411672,-0.26138775374009526,-13.934032634393489,20.47672673974137,2.830418731191618,8.72016548566053
-0.008234879489991314,-0.012624051759348137,0.011043472429654796,-2.9392353427782014,0.07933064731373385,-3.429679285201704,21.22591042186475,2.7287876717707027,9.028506146687493
0.0017381685134017083,0.01120406465048275,0.003467972163192945,-2.233950439656878,-9.387518187387528,-4.948063311667454,21.000834323681772,2.6486716922982194,8.886445032093723
0.0026133540483743375,0.00895604421997966,0.03440974387842103,-9.42057475201647,8.324442844246484,-3.96543325653402,23.847109823110966,2.50769032034096,10.060422070054585
-0.0176174044316236,0.01372495141565067,-0.03653859063628982,-9.893168208013503,4.584074668273967,-14.8433979958718,18.658711660569,4.0730441560392014,7.612884112211289
0.0066982900277336825,-0.010805815890803507,0.00477205659611632,4.104094130015126,3.4991812302271086,-5.0363834339715545,20.74275724643885,2.8925761671621895,8.8190344993607
-0.0006155603472402411,-0.006047779760373429,-0.008980687460819096,5.4357208294008466,-2.483931965320492,13.093394907063669,19.806585999925687,2.778491834168549,8.361942204376062
0.0037088324680693216,-0.012498379365516878,-0.03991082552258128,-6.59475894815502,1.5977802450086305,-11.2999537265116,17.359284227409926,3.323313934868636,7.311257037476855
-0.006522828024755633,0.008314945196584555,0.029175293533963857,0.1629819530551515,3.6557778447057387,1.0333576099255737,22.602617943676094,2.5902215168749976,9.670670971187187
-0.01096683600697594,-0.018771228154451435,0.0019551640377239096,-7.648821096595602,6.584465781721583,3.9640771962229664,21.11148952202115,3.5183269482897788,8.93259554582028
0.002784994808123189,0.007746506264957591,0.030323256999555397,7.805100733697408,3.6091973667815473,0.9160826601703338,23.229445610943685,2.212402825748857,9.832481045684041
-0.008643569333001548,0.0030493983331221254,0.008469340233492925,-6.4500046475926,-1.7106218296219584,7.847979780611389,21.132714230517166,2.7472572619733944,8.995037753801473
0.014052009558040004,0.017980574847319398,0.021965881680848252,-5.91096397008296,-9.824894761950558,8.132553150816925,22.866602819581342,3.5785061764029527,9.646736275814058
-0.013155338038143997,0.005127425527807997,0.0029821199785990404,8.332136448000707,6.007163756549275,1.0051426385194766,21.07728451714382,2.838881607720725,8.917014827364783
0.011887295628402166,-0.012453549314413889,-0.033657703380419235,-2.1341294265250994,-5.461399566780305,14.437323462859148,18.090723740546032,3.276751477755659,7.569914980455151
0.004197560496514641,0.0178514270061061,-0.032619441754563855,-1.6501075271408467,2.022248325071093,-13.748227468314818,17.835398656941955,3.5824093331237257,7.485641189648308
0.003113932955977061,-0.014837924543401795,-0.027358750212688875,-3.1560233967814426,-4.97000018614014,3.0140963145152178,18.30732339617228,3.02721872092514,7.721124725201976
0.013334888530151374,0.00941503064144213,-0.03959175153437311,4.551673322976452,-1.6320410915377703,4.679510213085052,17.220410075269147,3.2335267614117917,7.266425387437043
-0.015282044227068066,-0.018063497341809908,-0.012267013015634598,-7.3785440567270495,-4.032439036254107,-11.81501778284457,19.81036075899946,3.4426441134673595,8.394117692684327
-0.00946181400141192,-0.0029527413383256054,0.017272865659717487,-7.859769270119594,-5.291905942042114,10.919273953010475,22.24090236940859,2.629417324482628,9.395130681429578
-0.0018167091557581387,-0.014358957150152007,-0.030122705551561203,9.494165816479633,-7.80693403180684,-12.566941509136509,18.58911441207918,3.381372751700819,7.797581588517615
0.018475173659106874,0.01786946693173864,-0.021632200602463316,7.9047791775113225,-6.937377770913811,2.401684250110627,19.402310608073844,3.7623153068883783,8.130827565541448
0.0063083818506357095,-0.006121722929735576,-0.010032901563875932,-0.37083176036628274,-7.354627137255245,12.95101368771222,19.727155343409045,2.7286651168389673,8.383591377299313
0.008212000965397172,-0.018066296837407476,-0.005664375814789464,0.250475051987495,2.0911609149515655,-14.599815253289005,19.947645883997716,3.988079916355629,8.414129169167273
-0.016500055754994043,-0.006656710766050259,-0.034461316905338386,-1.1238973136782207,-1.1015287269863876,-10.052916521656188,17.66502275466331,3.2827743662702864,7.397258865018655
7.560044722628584e-06,-0.007276498884143404,0.00773985712389294,8.472389758850625,-9.647974499633303,9.604704148513044,21.710992386794246,2.6777246549112683,9.139558868179861
0.0075830282166954345,-0.005958066645564473,0.0060484743086776024,5.473490047566898,-0.7624423900830166,0.16536439790173496,20.79461916973137,2.2636347901543004,8.866536040571427
0.01584166715712951,-0.010222816271532214,-0.01013744284464205,3.3311917718280846,2.6568100027722057,4.655793416863769,19.44976887493556,2.880167806759655,8.259539069039883
-0.004191070672769179,0.016144552660602957,-0.028284139625984944,7.1803358401070625,-4.335241093804032,3.1191858926363096,18.698184216708427,2.9758768663112716,7.783750979606753
-0.0019051568866781839,-0.01568699912466358,0.02009729843361302,1.2437001611272613,4.171302774136532,1.3118159671201823,22.1831012610108,3.028561125786649,9.37348780230112
0.018083874386905497,0.014955907212032198,-0.026597211038521744,9.070966759065232,-2.3087768194608564,-2.563337899439116,18.71914380928079,3.706573780263812,7.891621684043182
-0.00859706924746356,-0.002025765911322752,-0.017388257423797997,-7.214397036257787,-7.2406902950868846,-2.6201956755544504,19.17947608823475,2.366832586270467,8.138615052720816
-0.010448020254647195,-0.008237350797615148,0.010722845154819957,-6.269435092542112,-7.253212017537576,-0.4015989878250128,21.470981388075533,2.5375857171596174,9.142184463819415
-0.0023686095311636485,-0.01640051286420054,0.016700529067988815,-4.884623490690796,8.100979594913994,13.275696025192854,22.42136087406544,3.6186338552589397,9.424521237257236
0.015626879175514,-0.0166206416826082,0.023386443828533367,-7.729748051378877,-1.6212928192765403,-10.734142076649173,22.60581357007456,3.7668460455712167,9.650596470163125
0.0072265218841863245,0.005105395165321384,0.015356004811360915,-7.477088038462309,-2.6117631220982656,-10.433857353272733,21.77532533160932,2.9070870175588746,9.280359588401538
0.014869112669669737,-0.012969930125026612,0.029922485980007234,2.749963047478836,-7.056449650368348,-11.682972290721068,23.570234519932914,3.548085511161664,9.883343671532469
-0.012843600946692377,-0.004982275118526079,-0.018322918670566315,6.027974752538128,-2.8374028616828078,3.8640911782839353,19.088482407106984,2.4565389562518343,8.019809599011893
-0.012145876077052802,0.003459339955999695,-0.03945231802576053,-4.176316000516351,8.155528096143037,-4.4438758741569035,17.63272315726188,2.9357112201862745,7.367908645170513
-0.009265307785335374,-0.006295066739548005,-0.019585497041381787,-3.090212320852313,-1.1284436290605377,-12.089008353489785,18.844853056918254,2.807062838221949,7.946036083664229
0.005620361976180793,-8.659875522847374e-05,0.036283920574133814,5.005467951193559,-6.851784665875343,-13.544921405990943,23.748606949243232,2.6935317226447055,10.074949191096659
-0.016336260323980705,0.008676169018016468,0.03372138911926693,-2.3096706204267825,-7.019371329164725,7.987298473584936,23.16128983000629,3.5286044325040464,9.935756580340051
-0.0065168121015951996,0.009217851506936374,-0.03229358607831238,-8.972862366643344,-4.47012405285083,4.213715684336631,18.092332644726948,2.797408555401044,7.59970919918195
-0.018968880996456407,-0.011674931362469781,0.038767532489863775,-0.532800426766407,-0.8759807211553543,1.7644702780682522,23.4064425420308,3.028898323513045,10.000243709130846
0.014495666452821385,-0.0038156932027088135,0.03099654260377418,-9.592672473350987,-7.241437968571631,-5.32882779765124,23.605630874544847,2.6397556961125175,9.981128928843232
-0.017103107222148046,-0.009295642403322724,0.009662829392828351,2.508236424129187,-4.971470470523154,-0.4745736139433152,21.16881114864814,2.805144773403367,8.998155199771192
-0.0026182953440656055,0.013413466658537865,-0.019676592096481205,-8.398548528081239,-9.700912847346716,4.839985133345319,19.371778779593097,2.809216517192411,8.126413761196293
-0.015143424416603022,0.014533223163374898,0.015561224400693519,-1.36042585095929,6.50221217013803,0.1894596831821751,21.81810797725176,3.436395319453819,9.284832415778425
-0.01068684934075895,-0.007162617876294406,0.037992211279838976,5.344441211472015,-2.48564822242193,-6.05215518120799,23.473434810708305,2.618729403775384,10.026046870409782
-0.011060852503561916,-0.013794030740447938,-0.039297767109062146,-2.0469007331103413,4.946713651909834,14.349877954072824,17.80384747019797,3.657265332701649,7.367288341485444
-0.018571698985332914,-0.0005862009068179665,-0.03229968010732743,0.7635632612432648,2.233313179450821,-10.559613883296425,17.918515570219622,3.623651608388514,7.50457594195695
0.01950787998525021,0.010623659915297071,-0.012344946561030464,0.6066858377072659,-9.142023711708996,10.739106783590302,19.739458335244763,3.962325504061287,8.401147765818473
-0.017909433352576217,0.010281965495839419,0.01615438530584104,2.0181310068152953,1.4944329861708496,4.216367278016733,21.760972448309666,3.544229186055546,9.218339128326022
-0.01288455678798734,0.011014544455033116,0.03395247979492499,2.1009348169050295,-3.517182940569265,-7.9757870947374245,23.156411172741656,3.359950856225129,9.872319482742336
0.008868874730134965,-0.001906633272874686,-0.018015708077967877,-6.704536015594114,5.3209593883338755,2.6495865012582236,19.000564916000403,2.408157745657449,8.079237855241555
-0.013132425446585293,-0.006451146112657749,-0.021098288294208994,-1.6575230897285884,-0.5911325565220693,-7.436578742078241,18.657689536830585,2.894744277238975,7.856459950961728
-0.015113325174455365,-0.01734604614678648,0.003807128620658441,6.249093474179077,-4.992762368864745,11.466745342274013,20.993979397800082,3.880222992904573,8.888130034988945
0.011799784103546752,-0.016266752297579568,-0.020177168924778152,-1.2355207593236592,9.203785265361468,-3.945191395220977,19.116016838451305,3.4100432940347742,8.030854215120176
-0.010507028213710133,0.004656226200861476,-0.01573372854731259,-1.0815307287229956,-7.1043965349476546,-6.7353839040760874,19.193044850946553,2.929483947303668,8.129428218695937
0.004718998816588681,-0.009041550068965258,0.009253905839977268,-2.8204653692540615,-3.213993406377118,-8.46821389332879,21.236962176259354,2.8773089705702812,8.98829981575774
-0.002177366347415846,-0.0047341370960949595,0.020220199360612694,2.9008701855218284,2.4583925733150576,10.896507932188655,21.994944255967244,2.5884213629373436,9.357301313243557
0.009397166920464661,0.007640351750722366,0.01749777267641505,-4.102555814491109,-1.2916277768566982,-5.174875648075659,21.79264660754573,2.924698209395079,9.260462143682755
-0.01657830335362289,-0.0025598383090315556,0.01843783095703546,2.4916271315102847,1.122233925291054,6.82584027738028,21.84246410122345,2.8730909889973537,9.290606719712551
-0.012801803768411753,-0.015208639012819578,0.03200180510112425,-7.965784907145695,5.142728037263494,-2.2982922297654067,23.694518743455014,2.9899653813189486,9.980739118588634
0.0033381310194905423,0.016351031903704284,-0.03856110196230752,-6.693420169085744,0.9350321987976322,-6.878309534176223,17.362244302352423,3.118300247277903,7.3012043536577
-0.0147471825224534,0.0035390143789565016,0.004705232022481104,6.350481730618359,9.910546369627454,7.380079001872232,21.49568022625863,3.1876606943810404,9.05372906809454
-0.013130727519046183,-0.011223313906166044,0.027830205405054965,-0.015879620299731556,3.0120927520856906,8.963247641899866,22.8662542886904,3.2290030787953143,9.665215442503982
0.0013360033376985068,0.0001488059186659542,-0.021245339647303654,5.468509255389391,4.260240922864147,7.904385010424026,18.631285433787593,2.182044193488603,7.930391183678199
-0.005553024327890963,0.0019746300234326462,0.01822256146915198,-2.1827123344915167,8.842433366498895,8.274487759987313,22.348370321106156,2.551351607866992,9.41474342870199
-0.0016520063362984554,0.003856815973056066,-0.018643767868239545,-8.266479762153775,8.04511719573927,-8.788774856906073,19.55889661717071,2.312457380002276,8.148923473383206
-0.010884891926906573,0.016006285142152642,-0.017910062572177532,-3.257077089174995,8.96938987463055,2.2617622672636344,19.21765312798954,3.3571967366053865,8.143256348342424
0.01289557787371223,0.006620178559340037,-0.0034403428236243275,3.726729614902064,-5.990035777336839,-11.989160849559747,20.379555297425885,3.430538269369581,8.632764326247244
0.009808801503232698,-0.019170027003087786,-0.038032634249014936,-3.715275145372159,-4.666218041445715,13.085172760443843,17.817019266593395,3.8066230880373255,7.439524356415566
0.014700343836980104,0.008137497175933296,0.009927036239494536,0.8712788546430552,-3.8121518236922896,-3.969486452773978,21.138598333657782,3.230800982923709,9.012952512679572
-0.0019296838399883304,0.009881414068535214,0.0032745268263957503,1.9434864520923174,2.814762836392619,12.355873874966264,20.56190761948506,2.9325303407293313,8.760124294691426
0.010580928848414571,0.014039751177362437,-0.02088369977466031,-7.100230806610304,3.5928737554557877,7.578925103686053,18.889313905881973,3.1833785274085695,7.9779181052636465
0.013690314351523753,0.015143896760106867,-0.0054098333708315766,0.7530846786565082,-3.4611807028215047,11.70465235384702,20.088283881840265,3.707561475609621,8.494287583044818
0.01736468533882603,0.017291150745049156,-0.003697882426494825,-7.965467850604401,-3.3900566266831316,10.61378904851891,20.91866782402025,3.9440072215071456,8.677869049948374
-0.013456525119159624,0.0017387541624106356,0.014414496049579617,-6.0499619027277385,7.4098109084229975,-14.425452229164502,22.371211007864456,3.456846924023625,9.35415982187463
-0.00038290633537577806,-0.006093275810202737,-0.014930564960868392,-9.615949554052834,2.17971204930479,9.450430191067337,19.419708632498835,2.6418117812576276,8.258226352510045
-0.0005742213789114228,-0.011508325272400834,-0.030889855553128884,-6.456773296587772,-3.827319053005791,-14.615100990204878,18.147307355301045,3.288867636135537,7.661832382456289
-0.00199841807603382,0.016742276580464743,0.013829769553951127,9.669468097888327,-4.499888778263337,8.124456493598213,22.448265857570068,3.1022608236132654,9.365315521810482
0.0007609969784872286,-0.006623014706638175,0.03961286949756835,1.3750892473865086,9.270025386042256,4.157462379146356,24.131351497845525,2.3584238084182316,10.179346776478623
0.010049913448214674,0.019762632375970462,0.024970225338431774,-5.878672375115716,5.242039085931642,-3.1602684653801685,22.579590159448593,3.5554636526763015,9.626700987662703
-0.00543375197634067,-0.016629139128454175,0.006033781493311768,-6.635764818741958,-8.473796630330789,-6.288463336599605,21.332396444170723,3.1608165616234936,9.036181227086002
-0.004034478121703135,-0.001963097909466645,-0.009132166451594773,-1.6853782583440982,6.604764345070741,10.35713292614604,19.967659856536706,2.378689057707423,8.382068722856806
-0.005663776724821084,-0.007776448739467532,-0.01767078477931558,3.51208716291924,0.8906662575252255,2.3520761972307795,18.736770019106253,2.5063010178541196,7.972983123696296
-0.002076555387138624,0.008977394384273665,0.023385413241486762,-6.530605127713283,-7.000123712715574,-11.363180134162707,22.46758302654506,2.5762755685295975,9.600293999495698
0.011314570794269379,-0.0046846384299719015,0.013733584469638419,8.93818088475766,-8.458696593521207,6.911861502965479,22.163876014199623,2.755497873119945,9.357086491658492
-0.001995339648530492,-0.014248014666176064,0.012094653848712215,8.613732635795493,-9.707227319025753,-1.5514263066347027,21.977561366728573,2.8581411805551458,9.292638754257526
0.003531905563069638,-0.0039127691350712285,0.02991621805507664,6.477305009128688,5.729773798163597,-8.826895434457445,23.217125040658242,2.430183112504959,9.81249743286189
0.004005063572429926,-0.011060182354797079,-0.03397264151229905,-8.95401594366215,9.867523781139397,-11.647378330005434,18.555837414574555,3.3243390722265844,7.693160782667412
-0.019565034252081347,0.0046897261845534124,-0.003268954225977387,3.1278036113325403,-8.94000349542329,-1.1300964395007203,20.47202903135226,3.421500858589256,8.651577408483197
-0.015644969017814606,0.017339319690196465,-0.03874019111287393,2.075443433618979,-8.653270982724703,-9.514180705269313,17.550947276481715,3.8832905498078314,7.430385671447769
-0.012756295529014364,0.012750934922642839,-0.004228371718502828,-6.003694552361569,4.591014585952188,-13.536301360355566,20.711661158183084,3.6172300529028623,8.621120857713708
0.003984243123783468,-0.016536407481658553,0.01771856172288773,4.6102124915957905,-5.93651273775567,11.825374026295204,21.949113428077077,3.518281531949346,9.382898435749045
0.008514875192796357,-0.005339703893949509,-0.022546576967545917,-5.980281712940063,3.6088385886090606,-9.150717268668364,18.68450341053387,2.7183053134737083,7.899538703206772
-0.015078723290150649,-0.017775049432425243,-0.004168468815576108,5.1080876461041225,-2.8330441052134354,8.207763615989602,20.13344020115125,3.7647714384899293,8.545953780139225
0.017627508227119695,-0.018335342483978813,0.0022723078791121593,0.05512800146364327,5.958670075899935,-1.8656422689143106,20.775173754796352,3.553628072267931,8.763322403556087
0.014235951482230901,0.019795155441590228,0.018285544511775956,-8.766230697698694,3.2817466768455326,10.678616811102362,22.362623152302177,3.751909946631422,9.452296572758984
-0.010150341115551043,0.003190702604935411,0.03458666135922433,-5.1796020909905245,-1.108979534665595,-1.9481210579933457,23.259716697479323,2.6236010822351528,9.898254178548886
-0.010262461447909307,-0.004356681309351466,-0.012446228461711666,-6.738681201496595,9.157801219639627,0.09515971653350519,19.919568062673164,2.4100789480741076,8.388997741935379
-0.018440721323751352,0.00307772806599884,0.037735653500513854,4.1562662426424435,-5.122721235755914,6.1040878704253565,23.831615021625908,3.218761502070908,10.058339069414963
-0.014990956328474404,0.013663213953551714,0.02217898789772385,3.5206294945841314,4.742377633990236,6.522539416203987,22.22762438911656,3.660360444791119,9.522425114432227
0.018598710741485596,-0.001013084294854763,0.0300252415427286,-6.478144242601161,5.6469970295041385,10.966162887779713,23.05528242507438,3.6107862200564904,9.857100515728826
-0.010065177871058041,0.003316608860369597,0.013252635468578633,-3.7672836571525714,5.202566078788323,7.929585196785364,21.599168986690376,2.876272447235008,9.174538080823845
0.01979825237373607,-0.014775840463735035,-0.0015488650391403402,-1.0527725993314352,-8.2504586697677,10.290649071098645,20.721288811103843,3.355280977174275,8.809794556631026
0.0049760579986380254,-0.01101565428970131,-0.02242428003537335,-7.676511747686954,5.543417753636678,-12.968013176571837,19.132428503921616,3.3349854349958017,8.001818798650952
0.0013680377970139573,0.015217074451213636,-0.0010155788940279104,5.132794218262962,3.189066147885015,5.45525880771341,20.476946727918754,2.7056960447371186,8.682606965071907
-0.007815715053624857,-0.01282935871253366,0.031118627234636244,-1.1860065404862024,-8.654998688216665,-14.394367187054458,23.581654729766168,3.2026611929891553,9.89953662154693
0.0007716343470371041,-0.016223213633662522,0.015075215074988192,-2.050847168056091,-3.9687778651042365,-14.367076721951292,21.975559173242928,3.664251063286143,9.24052360162157
-0.008696736331485409,-0.004814930196257831,0.025657070152326704,-0.7825720415962341,-5.835908940705705,6.729697265535357,22.445053161393414,2.533306271375719,9.581366574597576
-0.018279456377212414,-0.004041358909893336,-0.037384321888960605,3.9640647209282847,-2.4579049685028265,-14.051973184890498,17.267338040850007,3.7010144331368706,7.326499927179625
-0.018911347270353946,0.0034569561867833012,0.029250575103337846,-1.4011470789273766,8.081096940708424,-12.304188832123442,23.189804378123018,3.810108547746869,9.853405110670469
0.003345334935539554,-0.012311529506646575,-0.027549648495178866,6.317282184599847,-0.030936098803069356,13.94075137364046,18.15815071192055,3.269248757696508,7.715327439196379
-0.01740872682922767,-0.007750977461302724,-0.034533240472746723,7.905659152506466,6.738414502247107,13.405727079354687,18.31970742934841,3.2714452453407774,7.6625479259666145
-0.004895219310429751,-0.0019370500224271045,-0.022212924580828703,-6.337510229819328,0.09015901495114065,-11.308348998306059,18.836124601193845,2.5204823875054894,7.90888765492
-0.006135479293424444,0.01879402789761522,0.03476380803153704,4.861532713137041,-8.27609837844214,9.942390647969777,24.069064367043115,3.552363378188798,10.0963084523207
-0.0044174353373010525,0.004883490518907373,-0.01827771084853258,-1.0393960803491922,-3.4125960120643235,-14.287110201365602,18.812462291175393,2.8190332617047535,7.97622734427023
-0.013293344894768038,0.012702060833563313,0.02678911253717798,-8.892837542136618,2.6952315295839036,9.316661236107958,22.92803964033048,3.659522108562515,9.736977994933701
-0.0017569458734409855,0.01394786923814215,0.017323633854145176,-1.5849505058456472,4.588107594874302,10.617906531437821,21.735602509991484,3.05753912453522,9.281066014468328
0.009899883850581284,0.0015590882612055955,0.008426009649785515,8.811600203023616,-2.0231665279763744,-1.8475333128625646,21.2855179275385,2.4544826332041305,9.050157940774257
-0.012964764909762998,0.017524086683299595,-0.013136705977149415,-3.4794079895127332,9.944822328643202,-9.575250380970315,19.875540558579694,3.56859059538867,8.378519394237497
0.0008416393836156964,-0.00916706851890862,0.0009274840497889153,-9.746438491792118,-8.172434677204667,5.613255862580338,21.307827914046555,2.7782243221245237,8.9013519520556
0.009560953071344254,0.01862371123276871,-0.02466507380151639,2.443692704793474,9.949631467202373,7.239921059722835,18.7617694186448,3.3030089266678435,7.955137063592863
0.014422467752936135,-0.003737401747889689,0.0008157452071315408,-5.9027300880985045,6.998948218152133,-4.200154377252945,20.623910036465467,2.540331809557729,8.776415302488147
-0.007974629322435508,-0.0022256210531774526,-0.0060529799307286886,2.9896419262888365,-0.6958642012880478,13.101008003555151,19.920326833531405,2.6509619525345745,8.406017131959686
-0.014948480349594565,-0.0026428088893506486,0.02566617526185027,-4.6138679590193625,3.7914129338281164,-2.2030815318172756,22.787036259467776,2.891717023388371,9.632165682418746
-0.014335144153511333,0.012680173742522605,0.026892896393838885,-0.7640668532145689,-0.5046513438810347,-1.9763103785538298,22.50471934870534,3.218249280380166,9.53414099778527
-0.017389925134043232,0.008373249876388541,0.003341878042891648,-0.6757133784215625,-2.8850575806967154,-2.5447463943546555,20.56920906166176,3.384107313790888,8.73604528775633
-0.005566979615085765,-0.00741205571468679,0.004396835486002962,3.154665822246338,4.552694671294134,13.045146293731406,21.029120381254813,2.9748282902567347,8.859004823068908
-0.005563767262936654,0.016353434370765866,0.03268148827233055,-9.250109366794923,-2.4986355138966694,0.9848783293238537,23.34554327924249,2.970275952693425,9.926316285164875
0.0019107751756859762,0.00982243718163963,0.025886582571166585,8.437323742851298,7.7604436226455,3.264837524320548,23.12915277340654,2.2998994758620386,9.761648590944533
0.003461089901597606,-0.018295745045165363,-0.029218698168436273,-7.5704478406858495,-6.361569344792361,6.698833303297668,18.689980475875537,3.5324743021905802,7.797319387641043
-0.01262457485552329,-5.881587750032613e-05,0.025220671385534,-6.739382068687512,-3.5722439757939313,7.332151366110047,22.59518603551517,2.7914985891752693,9.62665759179356
0.016336909280499485,-0.001828623222655753,-0.011373284262252287,9.318227882503692,-4.996693257020142,6.814970512647644,19.969951851149006,3.2342940405383995,8.412786239281084
-0.00722672460262737,-0.0032522602417343373,0.027739083754117218,3.5366900620922888,6.034740943296015,9.711876505901014,22.969376956126954,2.5048941626126484,9.719108082056199
-0.0008962340002193897,-0.002019925145107012,0.018920681398769318,6.329631366097107,8.21870784764333,9.996537311224639,22.372849428459162,2.2869133960167978,9.478977204712642
0.013894339388088168,-0.009241917231067464,0.007743010292669224,-2.9019364496072004,8.69252006084476,-1.0750779783686308,21.279563883750882,2.7279838081189918,9.017851563037132
-0.006506265253385112,-0.01796823483519913,-0.019982449267974316,2.4418510746958546,6.839160768296498,-13.705859795529896,18.95226435362321,3.738194913040889,8.059824849223936
0.01658244908934965,0.004967316029237629,0.008227726933102808,6.951409375249661,-6.2765155023303265,-0.5278293777838385,21.40892457167589,3.0852549690447155,9.093835554113035
-0.009415035722073873,0.012918169306610137,0.01611105168046406,2.9182426475440444,-0.8935776738024153,3.2520583914491787,21.810038920958146,3.114772239544084,9.218179328773276
-0.01988871530969865,-0.017320552876650016,0.039753527475404594,6.0805487852169335,2.2186047554547628,-10.42148681310847,23.642967054280565,3.2663324991883105,10.173604915333868
-0.006203473347238933,-0.014588756149988003,-0.03634484133658396,0.41985405498045836,5.97186658882778,2.275371562046299,17.808261128268413,3.0711660520659443,7.412141475648622
-0.012789160427394641,0.014990470005663347,0.03854068930767455,-2.8815799299776534,-9.950074893529404,8.081489876592514,23.683649932525807,3.6786226248118337,10.192824849561557
-0.019895915610137874,-0.013198270612646393,0.027769167799355864,-7.878552054290413,2.356259949389303,-5.599606240478783,23.416678724656748,3.2127927430732672,9.833505617810093
-0.016716999797408767,-0.011030876280515751,0.011934538591675856,0.5969498743019397,-6.433067508934878,-11.97301716903764,21.685869904527998,3.2686971818690873,9.138872179096063
-0.0163138243700204,-0.006995316538960586,-0.00650935191508497,-0.6344808944352422,-1.8305020964931877,-7.087819350538353,19.771799705424264,3.1136336138038923,8.370350629960782
-0.017373056024978472,-0.004008763834362501,-0.03003640058465492,-3.519245200107135,-1.213213168910439,7.203043552466426,17.888350057261082,2.8904383066007338,7.583926472596942
0.00897634998003308,-0.006092597763474813,-0.031438342124141955,-6.306246135879521,4.616886808995506,-0.43239401479238637,17.884570769826798,2.385566624864323,7.587522937629979
0.017700261975144568,-0.015557678864009276,-0.02035889607908376,0.47847500599355186,8.194077568541886,-13.24682353544523,18.886512135030245,3.8792084572051504,8.02375644416166
-0.014484080003277095,-0.0021081513269593163,0.01839684905918671,2.465779874815139,4.666612752852618,-0.9610682380101672,21.961142976495708,2.8035057143757602,9.344301549796405
-0.00361388577749671,0.001079073101748599,-0.0031797309073989324,-0.20191929142844955,-8.817827460354748,-11.27250491303586,20.569251879746947,2.494277335813353,8.637178477403072
-0.013603223805251596,-0.005870383584579746,-0.006236098429838785,7.056538459467323,8.726135923675265,-10.50206170723692,20.355027058032565,3.0706798317471318,8.634119628402903
-0.015005241990042335,-0.006446003212399628,0.02928138623743507,-2.653681191339299,0.8701614085189853,6.059027957227709,22.708104228685286,2.7390497888950716,9.691011259675179
0.014519049572954832,0.0054992022278128605,0.0325191031226404,-2.740807605905804,-4.342719303801468,-13.132074563083236,23.21430826938373,3.5229183668475423,9.866212949976315
-0.0013354133090397353,-0.008606992510995788,0.013011295039771366,1.9464714327176367,-1.3980900436745163,6.33847058773361,21.17999488723104,2.6849255413754958,9.047624312748086
-0.0022730317940910898,-0.001077883948078201,0.009425918120368165,6.422307298389988,6.4830649268864065,-14.471934844363751,21.677938452833487,2.5354109191398604,9.121189760768695
0.009272434042273896,0.012453924092165215,0.027346894200457446,-7.593520038834698,-1.6656264797765878,9.591940316316546,23.115259449732953,3.1317848469937895,9.719130011055125
-0.007807768410766696,-0.019171418780592794,0.03307449862590444,-0.0567983145867057,-9.991048429397622,-5.403548104623052,23.780965032423417,3.284905632650652,9.982347003526217
-0.013546603968464507,-0.014491993093959942,0.015758119978872526,-6.218822176696898,-7.429579387511909,0.20396351271619295,21.91599068846757,3.116072613598597,9.345142238576816
0.01952901606121064,0.00609239529078711,0.022366089759030004,3.681153949176327,-7.715055297324167,-5.950392338759173,22.7057465120611,3.5293177081878917,9.606013353771958
-0.007717864132999148,0.013829038931983378,0.00448002611727593,-6.413390958074061,-0.7738591866136524,-9.569141244612908,21.011221919237485,3.0445110661876655,8.855447976344127
0.017429561209693304,0.008993848707176934,0.01015760979900996,7.1948111425429495,1.900414230303367,-12.457696967276114,21.871837161372905,3.7911046288939394,9.141275035792624
0.010524570406259204,0.004965920146896122,0.011181693982883469,2.847575167846461,6.793103439182275,-1.982208147605533,21.49865588723109,2.653633793590395,9.104588169523293
0.005661000466597548,-0.0022785049120167267,-0.016454091450102605,2.7354547820509474,-4.639921372364575,2.640650177105883,18.98041701389394,2.2032396298490653,8.066202136513212
-0.013123168461586872,-0.00391620109235289,0.014611807986087001,3.6741901689673853,5.8486146496438725,10.932228058928427,21.990810613917525,2.823358717053331,9.27405286644731
-0.016918365507025423,-0.011413033188084051,-0.019002789198685973,-1.9859185014326783,7.320101935707189,-13.850861372495295,19.407449648625587,3.390403916891961,8.158192681897235
-0.018988760460062183,0.016444011212770556,-0.000825121831412999,4.212892019530345,2.0134778828387745,-6.021484824658369,20.506630798716664,3.914337885362282,8.698012930899292
-0.005601886928656232,-0.017772942433197825,0.010303389898223783,-8.841920543982159,9.099621920403752,-10.850572914730181,22.336920940596162,3.69103600496136,9.309849349998707
0.018835967910553985,0.01612162265641749,0.011737840871472657,-7.0423659430097985,1.6147387625038334,-2.314918811061057,21.640007120752177,3.8688315867379592,9.158419810496643
0.014728905177473006,-0.008482380989426632,-0.0013019900369997534,7.595129365391273,-7.621532018954687,1.3183938014867245,20.736811290810305,2.6594820717420005,8.788256972340676
-0.01636379530144797,0.01518451615844153,-0.022013019730573076,8.300596785332921,9.151505873082268,7.6372640600689685,19.241869127025357,3.8816683171631503,8.158607102046222
0.018501731324953297,0.01292712683561779,0.0015743443074372268,9.021247631943158,-3.9587375710713335,-7.165538157181785,20.919612416453703,3.8391108752978584,8.904525523699599
-0.006661655178478347,0.003407877662118048,0.0026191744921605156,3.3433416257515276,2.6235553510884575,-6.7815838822047105,20.573604946261373,2.6179692163599966,8.733082288159189
0.0056173823007393126,-0.009674347673741694,0.03053706719243319,-3.431275268733045,2.810692284010411,-12.646020775922626,22.90626181675806,3.16663127099997,9.755271626219638
-0.0018158114516632073,-0.01458085498051774,0.03684234158840139,5.64114365387627,-5.910679519237347,-7.872155673702821,23.752839754120963,3.1719622218501247,10.065711363663798
0.015986352380452814,0.005680779557840649,0.038805215038705605,-2.628802950357585,-4.9468252143280855,-10.5517876782503,23.762828540178962,3.498379373371582,10.101512671458513
-0.01020965452673925,0.0031953175556640873,0.024283573392360668,-9.16964030580826,9.15047183920241,-6.599899573215394,23.281953272046284,2.871157963250325,9.747805267053856
0.0029257160262051614,-0.008636776709898956,-0.0031155451439490722,6.43425177274494,6.990072423572954,-2.0202909900066874,20.356289546216136,2.4944713373586738,8.63527703302661
-0.019385563979698563,-0.00871390276474953,0.0227328419744739,-6.489973128833859,-9.10493193720268,-12.605109976103718,22.689611934922883,3.5455293192224264,9.6674966493199
-0.0030744018262112184,-0.01640262710087107,-0.02297877409191515,-0.6051761596583667,-7.353052464064929,7.803985315659212,18.741908573283787,3.4744316489398104,7.902048680202815
-0.0029172616796642216,0.004834134948086339,-0.0025952914701027133,-1.31280749368878,2.9962536858518423,14.298945086563386,20.118179867119284,2.8154845593926026,8.535238964008078
-0.016569909433600167,-0.017746223271031033,-0.015186324514260923,-5.654004000775032,3.7508777441381813,5.2659699637029505,19.493843185830343,3.620214690666921,8.26540427122299
0.004837949122801263,-0.006748013638408299,-0.03211042637889876,1.3019800443469336,-7.232152924800033,-6.423241710476493,18.18223431020604,2.5990655605768955,7.574500967278878
-0.014327189776111946,0.007414187313116313,-0.017872440360375882,-0.7382638756867408,-0.20167250556017358,-6.4373080171721515,18.93111224064647,3.300615214969611,7.934994823244386
-0.013015098368641075,-0.000494468185085032,0.011613811984551733,4.765039774407958,-9.662739587259727,3.9597542428772776,21.779980428306636,2.552847102971541,9.203406004837879
-0.013770655031594572,0.01784415371552046,0.0166888542973163,-0.6040142565400242,-7.304731403473825,13.15362876305523,22.1926342093381,4.139810229015451,9.386543097204852
-0.001784478465151635,0.017764684355886916,0.009434848796420515,3.5066904636355574,-4.95501479257876,10.671941903474423,21.66114456672855,3.269299755498542,9.091948048321893
0.0010568073364838684,0.0003515738996590252,0.01925001241622666,-3.3912684650364078,-9.869344118339434,0.23097526123006773,22.315453046508637,1.7976316848059963,9.460390991790385
0.010421804530562118,-0.009296531132109789,-0.005591000110430844,-7.418896463954388,6.96980724925222,-14.01241999175862,20.492192621897303,3.3222293035963393,8.616345721053849
0.010221200140844437,0.0022952487099230853,0.002810282671509852,-3.4432692587624247,-9.38284610562352,-9.294069515521505,21.20847507341822,2.9267355272827498,8.904129368017587
-0.011556722641779241,-0.018057625982993902,-0.03753592468981534,-5.143464357250962,7.849150528868041,13.410333054420047,18.24940631805311,3.929651866731379,7.5606658062785534
0.015303022047243788,-0.01781368840916009,0.010891110698087389,-9.223064984715464,-9.029583913146741,-10.850984736600587,22.017126717474557,3.819846495718843,9.368234329729171
-0.010749393243148058,0.002068100034494636,0.01587745354809577,1.1055333704766106,4.308618508673224,-9.116282823484863,21.635413589841036,3.0014588626407064,9.231421983066955
-0.001084760666380996,-0.011309789803420412,-0.03493583175798369,1.7302321581402698,-8.469678314147657,-6.907780771219343,18.099701109538817,2.871098369229791,7.502531122845355
-0.013993574800081175,0.004875657496886458,0.03432110673863841,2.306980973907722,-4.567280975901246,0.9426711751134338,23.2877638737687,2.8633715998716136,9.885824855679518
0.007292123301781875,-0.007938829447452759,-0.03413311785701648,8.20089293873226,-9.407558395014457,13.654841750201037,18.237237217331153,2.8431896603041293,7.66748777321757
-0.0010202638186724323,-0.014587656908945031,0.03705379953559255,6.2666496768088,0.7660865959050316,-13.629598363528213,23.485185279206107,3.470803233829832,10.036512278028363
0.016380982568171592,0.013841073443647687,0.0073650329243697965,9.486373636264187,-2.9629220601065365,-12.06151439790035,21.561854608401166,3.985698943761056,9.127401870845015
-0.003926544027884928,-0.007727017280347352,-0.03714914937703614,-9.763154997260301,-2.3747467827750484,12.312845076463972,17.91577171392638,3.0124044799607286,7.49190022783056
-0.00024073638023492175,-0.0018491285892864202,0.002211207799047689,9.215930407077604,-0.21692488023760248,-10.288580864507963,20.894598540149232,2.2533491785073623,8.832210263802134
-0.0036807812155930236,-0.008443119612341255,-0.007371568484366577,1.0923767901506167,3.58464971383723,3.363371942055551,19.82150874009689,2.5721139089707346,8.35998329916587
0.006279821819567322,0.0003467819954910377,-0.007768892487547439,2.8341891064464555,2.7750581201763787,-1.7095817354471254,19.684711731594803,2.138540817988868,8.330170201928802
-0.018598314525393872,-0.0031940546820497066,-0.009921545187505095,-8.906089222384903,2.8113631392966667,-4.435131141729261,20.36682300481969,3.286931227127547,8.478872300593366
0.01443947572088394,0.006982878910724417,0.020498863565329185,0.1390011305895289,2.6673301698008665,6.1359587590477815,21.901145480993783,3.279679605817366,9.338809584792973
0.0005878771522667033,0.0059159216359806616,-0.008913343761549852,-2.0475903769955366,8.634107940089546,3.123255244829746,19.894444184165252,2.1398946912676475,8.409279021015854
0.008089657509253199,-0.011655976129980258,0.01501945277522996,-2.5744095992352367,5.0894359545842,8.335369803915263,21.811393035134092,2.842872585459475,9.219754020304077
0.014327940820827948,0.007204678060733792,-0.018862008129762627,7.484062012154617,9.946347285067123,-6.165980821436289,19.753637268604177,3.1706983784392735,8.194343779637354
0.01697658668213686,0.016337654117387104,0.03630960247906694,-0.5480048016814028,-9.629637367743094,-5.191594702931008,23.93449296979957,3.8864432557684845,10.125716580934709
-0.017109018327909082,-0.007573924469301465,0.0032412874386761603,-8.17475221041325,-8.291856254168447,1.6163348932877923,21.045783977835477,2.7246664698670213,8.941645341661298
0.019825716842052313,-0.010216378538358106,-0.012083947861148678,6.008137687318889,8.23976156602011,11.006329082619654,19.805992050914924,3.5157733009735974,8.362053401572767
0.015243415144473107,-0.005172569162673226,0.022248103290267947,-9.453021123157848,4.779215193765632,-10.82889092603305,22.718484883168994,2.8875475641785346,9.623653173236486
-0.00125878076681964,-0.011358539016621524,-0.029326835530288066,6.412485192684585,5.026681048272788,14.42771903836626,18.398670319303186,3.2855102546417454,7.7204449516462805
-0.019384502568069575,-0.01848752339985084,-0.01004124161101471,-5.094992793634525,-1.0928303718586108,-5.27413775737935,19.941765695373398,3.25128720514282,8.409460024628997
-0.016597817357973374,-0.0028301580714772435,0.0039603682094599,-0.758262143215438,4.349702320304843,-12.340982943401855,20.966894540455794,3.4887648219574623,8.85007415289091
0.008971996144826012,0.012855958333763354,-0.02210716928342885,4.434043638689806,-7.733796661530432,7.86222909249377,19.083644597822335,3.118607863466317,8.01475689880419
0.0015542867770250018,-0.0011167583056858332,0.033119520604201015,6.890388661842117,-1.770248278559599,12.031630578432832,23.384458924939164,2.354162860955439,9.900037982677418
-0.0010462185418634445,-0.006967773708095785,-0.021802301912545115,-2.420381281330304,5.92335072418836,-14.383164361032803,18.830798868797427,2.9641435870511623,7.934420654835839
-0.0012362886028783118,-0.006681544129560927,-0.010311842903128428,6.569825684474598,4.0016173993296515,-6.3127226603766715,19.717827064354744,2.4664604027323693,8.334944642448802
-0.0027136185877393512,0.001138664394922717,0.03985340407537046,2.9053525966313565,4.659510482971072,12.132954785630144,23.74551141547749,2.4926495471767627,10.110993191226827
-0.004200605731519782,-0.019060411890237328,-0.025883716953500793,9.134870705141761,-7.588092108107629,-0.7730580390197126,18.726688668578873,3.2513841671840735,7.902749169804477
-0.012967129402156767,-0.0013835312211795611,0.0012164620180514368,-1.9959367420794134,4.199777465104898,-11.058396173992506,20.740842208761403,3.1801981823829704,8.734370006258466
-0.004525674358118738,-0.01769382093277884,-0.0025390372085622795,4.089274844866415,-1.7593935745912663,11.782686752486825,20.10417706411587,3.749863276693809,8.575359907827169
0.01751558002695894,0.009566387199561398,-0.028803182052126727,-5.622744891433302,-4.49888997709879,7.680441895676392,18.679595354679467,3.6434889863801976,7.733091159955415
-2.5974034454381845e-05,0.006211425535989693,0.018637323536700355,7.254552905569906,4.876481173021185,1.4667790882719203,22.24944523879344,2.1192325656127022,9.413069142941463
0.007077318963364006,-0.015909211976948938,0.02601081151679547,-5.675006264505211,-7.947849881538652,2.3001062150865508,22.993728437820916,3.0369655172576024,9.746588678789964
-0.0020370225467597307,0.015384426505096697,-0.018599310891763202,-3.3383129262730034,1.7517815632499723,3.4302679052409175,18.768753716136537,2.8156693046767693,7.939465100180285
-0.009890066864223676,0.016660116454762255,-0.00884535842120827,0.5031137654675142,8.25471518140725,-1.965574707321963,19.81430061310623,3.1268146753010253,8.455828937303748
-0.0017532076191113105,-0.0049793406238041946,0.03745216638753492,-2.7837194275540655,4.966079881062056,-7.010601730738387,23.528230294146727,2.397403577613844,10.013819813427896
0.01840379317328664,0.007233571570669155,-0.002479018423616558,-5.822022006653871,4.952688181358058,10.71189351232912,20.442450981874128,3.7979427637435306,8.66638306852083
-0.005421817400569533,-0.007842904293055848,-0.00028758831213906294,-7.893567479060108,8.158546253034132,4.42579611016917,20.83093213225894,2.5859865798201875,8.814990748214418
0.004949379466053429,-0.009916634605163104,0.0035993928771841863,6.953092004079899,-9.65974980708978,1.8618705566645772,21.22240764986955,2.485980762234929,8.966790177844365
-0.01192184027802163,0.0007736202922468544,0.011229157953381176,5.238562432553579,2.592411027987607,-1.7868181866834174,21.304090951244294,2.7262327568659717,9.079219175916904
0.0030979800170938473,0.00010426781029214405,-0.018842239955724198,8.66466787530971,9.50014045700236,-13.869707527330341,19.788574548910617,2.421545015147026,8.215719366102107
-0.003532016957952147,-0.004118033538576475,-0.03579791581535084,0.2627399669512336,2.919613543160665,2.207341272107925,17.36806040662792,2.1744453195902858,7.312498651644092
0.0032853981612825135,0.0035558863174701173,-0.026659537793017003,0.35625468307965136,-5.072480519707508,-3.8430091687231567,18.188532315577792,2.287195584051158,7.689794467467912
-0.007855031593137593,0.012296287547852277,0.016708887002651267,-2.445294874400073,1.7793414535672554,12.706586332564136,21.583955036224882,3.447332904784231,9.219270128559257
-0.01774371153140216,-0.00065479197145887,-0.004704715455734171,-9.949523422090616,7.288949349354546,-5.275666166107875,21.068473546406235,3.325398784020051,8.744347767153533
-0.002098314366343678,0.009301271509156158,0.023448608585396054,-0.09810902901088525,4.5298860520229685,-5.6794577182996,22.189750442815576,2.3413717383080157,9.486481757687327
-0.006652070998486668,0.01197516457274701,0.008732728539813078,2.3860314136178307,7.690403566719141,9.53430591827238,21.383081774131444,3.214343567076375,9.074122432828174
0.013818672771425618,0.005873746989851183,-0.015976025339897133,7.427456500984679,4.55628477080209,0.9235047299454298,19.520367562905783,3.0128583300040335,8.175438780200778
-0.0036749987160473556,0.01344364053687665,-0.03718885256834772,6.974471131496998,-9.125887314967965,-14.393261936802505,17.730896063638422,3.115110092583679,7.560452711294238
-0.006209850773890526,0.018657034925608367,-0.020844818271110687,5.248494274575275,4.789037859137997,8.788525041046139,18.897991461898613,3.5034370515540285,8.036235482471243
-0.0024294183860986245,-0.015156154167810142,0.024867285067666077,9.61772411448272,2.8747267923156894,3.5186098513029833,22.596643262539395,3.1011628869298185,9.664442938281931
0.00886934234007335,-0.009030178673024495,-0.03145441922417493,9.549164873030296,-0.19376483883416284,8.07020500101244,18.01690871441992,2.598865569428948,7.625513487948592
-0.008057336041986241,0.0030498678963966283,-0.005667744580255277,-3.408335518735437,2.913315432484545,-12.06000902340492,20.166646583390463,2.947894043145956,8.463350830388661
-0.01612607590174937,-0.013777963569451752,0.013093519919207687,-4.768767789872765,4.463859176521055,-7.274360188738863,21.97418835420571,2.968500042760132,9.251486663810114
-0.0013282806668190004,0.003023170960151398,0.018514880058916973,-2.392650945388053,1.5395640343417138,8.236471781441747,21.65834947824811,2.3076959946384807,9.258782880764024
0.006259443613911574,-0.014013806888045367,0.012115642345266527,-0.8495256436893293,1.0257883591255137,-7.922342433077974,21.249923748678068,3.292182891846531,9.019432303676162
-0.0033124605749989336,-0.01938954906868938,-0.03072333133426973,9.463129229239538,-3.951002614141581,4.68632693025414,18.12694254342474,3.5291338885486003,7.683730589339399
-0.005734989189989074,-0.010934186960075731,0.033510115435629186,-1.341719739118183,8.611018703412341,-3.794919165621204,23.490433063656344,2.679645517463521,9.962759123101241
-0.003692896659856334,-0.015420307771564029,0.02544448209567763,4.881380180815359,-3.216207044446298,-0.4865833921558469,22.466146020059973,2.957330889464659,9.580991161717932
0.008796732437524081,-0.0016897397692196593,-0.0018706424377064879,0.4497124877704479,8.094517956052297,6.275514590048303,20.503902090669317,2.6038717730236542,8.646115824133808
-0.015049171690327805,-0.013064221886419633,-0.014033779421041802,-3.150322276928918,-9.94271112818575,1.9612366984567515,19.625260481977783,3.1068167780962197,8.274632077853045
-0.007319695598953744,-0.01977046326674095,-0.012233255542118106,-0.2118472005744927,1.9748636722531554,2.9402166479964222,19.561443707837277,3.5407581113249345,8.207430451968731
0.008472118064031042,0.015903047980011163,-0.024593452227632033,-8.043868117524937,-6.091207988515164,-12.514041809206713,18.671162802278758,3.6981243561759967,7.9137982637523345
-0.018515955955330402,0.010308645375119205,0.02571366320995288,1.5989236836948102,-1.6259928626902465,8.593134908898545,22.694866331501895,3.7790486670758203,9.559232372172183
0.019653206789463914,0.013114227358897449,0.019510372417480368,-5.81631726861681,0.8007948746557858,7.848085829682844,22.419314279920044,3.9076458832814986,9.42456321539605
0.007355077920003651,-0.019263378717793826,0.02123485249604061,-1.8051005629478425,8.080753139045964,8.201565640137016,22.690300623888,3.4383757520974974,9.525447281007223
0.013724176725749593,0.003260533340034167,0.010812823829080921,4.797125459280892,-3.912584454884702,-9.263836629557748,21.32062238243832,3.1477360862003665,9.103646203862954
0.009092279519312269,0.01536719352250095,-0.03169270945713446,-0.4947034472317835,4.8356609364734275,-3.5182555997969267,17.920657714968794,3.259147776386179,7.536845847220125
0.01812139896137423,0.0009631165891606924,-0.02620762767361657,-6.892795220309262,-7.953135113654602,-9.581528067797484,18.800945698995662,3.4079476917538276,7.927726768370939
0.007352545412504661,0.004077497757805245,-0.017402626467821963,-8.536268435267276,8.90043536094094,-1.170516913599375,19.418078305182924,2.40379417788061,8.183385794294674
0.010398973658292485,0.0020028673377258943,0.0147226698766098,-9.415799261510394,-1.3017007082889158,14.671058622994835,22.378489063945032,3.2119820881316916,9.351710160109109
-0.0051019495025890465,-0.004530339949415176,-0.018291195831150235,-5.024945726591303,4.73178048109685,11.043743754020415,19.09761584204178,2.6488925928109692,8.063553679512241
0.013899001102312684,-0.007649172018519926,0.0023898446105245427,8.193676025198346,4.818250376543533,-6.053965371011483,21.028325059770015,2.7803743136834025,8.83879587649871
0.017579896260299977,0.011154882310942388,0.031651194293038316,-3.6445171756937693,6.423548295225217,-9.496976204487968,23.007181379328312,3.829191747962709,9.874531418499846
-0.015483156620615683,0.013532190245201841,0.033843280291329124,-0.24860906307858954,-0.7685142272522327,-6.217789126857237,23.11161330285479,3.5323433330894725,9.7982357902755
0.007506542398483029,-0.0020491328345925916,-0.030039398976576228,-1.0806225997356727,0.5077319710178649,-7.310169148169625,17.648629586497158,2.3733498152932544,7.484259246742679
-0.011190340401200323,-0.00796905460133955,-0.019692370418831144,-2.128344590639819,8.601985664734102,7.483222260039028,19.42661381599922,2.867038583484858,8.096134452044188
0.018208393352997888,0.01778932968690253,0.03148431749516004,9.575419983907032,-5.346829450546931,5.077147578135694,23.880210381525032,3.859549202641713,10.028153226749039
-0.01912378538083737,-0.016562195430949084,0.036663464879243816,8.626508113372022,-2.0548290597692436,0.634791288785685,23.637537741007502,3.374476473075971,10.074715670583538
0.016714770587794147,-0.01779589081791349,-0.009071807640691255,-8.864724410721365,-3.218864424566414,-4.753707498452734,20.27521828887123,3.583043712278747,8.548897727979632
0.007147593232493869,0.009526671673107633,0.01978174866587911,9.08436194535544,4.62992428053359,14.623836251143242,22.28922981738915,3.2636012159455214,9.53797658646847
0.01579786996924321,0.017331602522171318,-0.006173133918348117,-0.30596369810720603,9.68698234445965,11.828050296379033,20.136458727945364,3.956396456564518,8.604397314905064
-0.00012028214442104043,-0.00837316386380365,-0.03827884832707077,-0.25557475261562423,3.290116699444688,5.306495420880779,17.307691597602762,2.6037783001336714,7.238776068207005
0.017640036091523165,-0.005005400334686034,0.012504951184728962,-6.443642412834523,5.470595019261834,9.987744898580424,21.609301404437407,3.389017788287772,9.223953389625306
0.0059303483216898364,-0.019087949100536145,-0.007553478167039593,7.278631993009405,9.109359116852104,-11.329307002535105,20.185107150364512,3.8696935124226957,8.57580659302282
0.007986788058172545,0.014269777075470991,-0.018477737727814764,-1.9159453101017618,1.929250114556119,6.6408521109618945,18.777360201277283,2.978852745883442,7.936004142685447
0.01205204622233479,-0.0009234857488723269,0.03002289347872545,-8.064969374399357,3.1106002705286944,-0.593240047793337,22.99847914874459,2.5467535014888556,9.821904714320265
-0.011710345257161836,0.007621116163859042,0.0397111574646614,0.6944245222185152,5.865409877820955,-10.980752553331104,23.69322850055302,3.300625984270698,10.136245380864532
0.011189145513186966,-0.009264800777799965,-0.029775715794610882,-1.638940234664748,-3.7323203479447535,-6.3079936823807135,18.172636306622596,2.918958942499117,7.612963035502915
0.005109568241532567,0.007068156426098784,0.011211056424929991,-4.7493900434586305,8.868050610738592,-2.652321145671877,21.507722449078944,2.4870335564401,9.156245489884228
0.014133593009918646,0.015302578987861918,-0.013543656819030227,6.780182389591225,-5.626842812384092,-11.741318607323576,19.591287414886033,3.939547008430888,8.352645688725284
0.004679689767149945,-0.015409125402276302,-0.027186664276763653,-8.606402794998761,-6.506807647675926,4.137943798583613,18.89560211104819,3.1642951352337967,7.8790621986127025
0.014945352934356778,-0.013729854017005652,-0.0038022565969656544,-3.825872406093625,-1.4595949413498381,-6.721905787741225,20.185745259402495,3.3537982896566216,8.567036071275444
0.010625235689484907,0.0019587617461261017,-0.038815499412306914,5.2803143032432605,-9.433470656303571,5.970847690449954,17.586632314946765,2.8595098454779198,7.441979286877358
0.014239412145788343,-0.0018166342391992517,0.018002565558934577,3.9826074755087504,-6.198593176524989,1.5266116416325524,22.060667961890548,2.8145281147129273,9.381377899902658
0.012680728026801157,-0.014860917091558946,-0.021729665929637224,2.6790608507365548,6.116737976811077,-0.1434848116505254,18.803544971334812,3.1069378438256074,7.901289304272569
0.01534270091119785,0.01993799519673579,-0.004361797427460387,-1.7667062789777255,-5.2653856926414555,-5.230416068268932,20.19332472111745,3.9787479224048248,8.556917437246389
0.0060985881408551,0.01962910955403242,-0.012664560147129748,-1.9650815822635934,1.9028772151921274,8.939793271235178,19.288731076285234,3.076980221271185,8.16271861350788
-0.0003302191202152818,-0.018825378771355143,-0.0268451642779799,-7.341964230906197,-4.817821690245328,-5.820801665960239,18.50173905904418,3.439264538356246,7.836947861858339
-0.01890448982222927,0.019139288779539385,0.03560950006093628,5.066532998386437,-4.400766934484846,-2.4205446203104373,23.78676666372038,3.823761036649102,10.051153758782116
-0.00551793625629308,0.016588792911749518,-0.019553267872016385,-3.403095610905316,4.732237595126492,0.8069408462146974,18.90391462510629,2.9769551676935757,7.969572477599313
-0.008384624308405053,0.010304131408910556,0.0068376384566353615,-0.7433111616632182,-2.0075246759963594,-4.173961423840003,20.70326111297554,2.7893269713956426,8.826593962872392
-0.013453000485899733,-0.014908980092477795,-0.022971949613361284,3.939733124960336,-5.839556239837478,4.2161461514795455,18.605543657305738,3.3113869150423527,7.86807959739378
0.01122823688573615,0.005991358219914766,0.011805503196527525,2.6672961450282617,7.958043850190389,-1.4847550306356858,21.597485148059057,2.7303090771557157,9.155039452325765
-0.013076003471588219,0.006730334878988015,-0.008924870353767371,8.232790226491325,-3.730478888969242,-1.2893382496216965,20.105341008422073,2.996609300558959,8.439340350906539
0.0076664504709327945,0.008501863222184922,-0.012330628706136989,-4.00246562822141,-0.8782198294203347,-0.8958863719367454,19.36855943024993,2.669246474529094,8.175173746659175
-0.01553546297262769,4.287088635947234e-05,-0.028695713287723468,-7.818790390433699,7.492323366981925,12.7914044473563,18.59171428534158,3.3517470210066906,7.844303991366217
-0.004961065240587202,-0.01779055255195735,0.008725126458621918,-1.8072164395633283,-0.38069429468516347,-2.43992664056967,21.0291013700511,3.1514736486356436,8.926781726559106
0.010968540352553166,-0.009112371141602824,-0.032024315191770285,-9.800515432339648,-3.728420831509755,-12.15750143243039,18.162230029648097,3.1662081472105417,7.71164369542031
-0.008849349066029202,0.00695769164374568,-0.010009265046931021,7.326010487292699,7.082000681495369,-13.71788591511516,20.32695995448133,3.2381795672380616,8.486809747747913
8.997011217291156e-05,-0.012021447995984596,0.03568591164294107,-7.987108249531714,2.205461778676135,2.552563679469351,23.55643807776249,2.7606938016961204,10.03157900313704
0.005018828031442726,0.00023578050853561433,-0.002455349092583263,1.0661474899676353,4.119697519943063,5.767533839550278,20.093198619287964,2.3398131301278577,8.530861884432406
0.01350700203039108,0.013252817749922301,-0.03261156957362523,-2.0124808450466407,3.3183056835192186,0.8690276812025708,17.648074742607466,3.218268749580719,7.464732283373365
-0.005581340932142416,-0.016207242956851355,-0.0054306202097214665,0.6576734000394211,-9.60406295417091,11.839068233474805,20.246423550480213,3.6916473935746934,8.592866103720349
0.019429535846681636,0.002956169922587147,0.015931934889466128,-3.7770172254684953,8.51981658561116,-3.931818988715035,21.779414613136062,3.212605281120334,9.330147997374624
0.0003185239203030883,0.009666071647641453,-0.03381828019984881,7.760393156526074,-4.2864905085665805,6.3880003996806956,18.203460967621446,2.483524023190708,7.565655661823331
0.014712095404474688,-0.008158747620331069,0.018070441492369083,-9.132230890768046,-0.12034633154625318,-3.033733343911818,22.309616745614477,2.730657486415729,9.444277034241313
-0.010106680346915389,-0.012195189936513206,0.019861302811821246,-3.95550487913078,-7.961054082774037,3.3095847088770114,22.22123304349084,3.0191662350640183,9.45430071949546
-0.0072239779330790285,-0.015382555602135129,0.004352347194755843,-9.146442358488498,8.797694488845067,13.204037770675487,21.410499496283446,3.598447920047685,9.083884672893307
-0.012330090285048147,0.01661461497327395,-0.016752566609760395,5.175683866611973,8.265948940565814,-3.0013206200166618,19.593075820810515,3.2521848550453214,8.246788032111462
0.0026336549988820804,-0.013921237377588717,-0.0023346283030254086,-0.12471629087482938,6.967604004869472,-6.6343611737397605,20.374178601059665,3.1907697168633913,8.620243825391988
-0.01263726815817463,0.0029198206671982203,0.0034288654688207285,-4.8711166989576,1.1467440903155754,-7.259100613348709,20.94315133941268,3.0726376545179406,8.799155264118896
-0.0024636420729099266,-0.010938831987521018,0.015230881530830777,-5.569811279701495,-1.3987499284453158,-2.155042520919345,21.583900749712875,2.623995962267419,9.227234029782492
0.001248631214506614,0.013055850022779075,-0.023673142396226438,-0.7656670970457959,6.181946434933334,0.4304199743542032,18.359510625603964,2.452668177252177,7.831953430472343
-0.008444743322490891,-0.016502871254151313,-0.004215329428702494,-7.549464053886529,6.8094769782981714,-0.040190039503139374,20.643577271806635,3.116711501354553,8.69030641924917
0.014380495131550552,0.004255526350004667,-0.0024023922382103644,3.574753696930898,-4.705773208166981,11.745412014229714,20.325079577447443,3.4768474987633855,8.633791029507305
-0.004981985088572803,0.0032028030366111244,-0.029873588630433164,8.51077460140775,5.577651543344791,9.719144304646576,18.170318417526506,2.6619011076866954,7.730685666485683
-0.0187833301843778,0.01896999649260837,0.015533621857623636,5.72238378915522,8.710229996192535,0.2551579513856659,22.306596532225118,3.8841331930410434,9.444583890313574
0.001339997793829064,0.014352574533791466,-0.03049085427047097,9.879982924406654,-9.098883209527116,14.123954806898045,19.296454206410008,3.036516301614904,7.908241090725096
0.00412068667626948,-0.019491457236278893,0.0326814183126719,-2.2873368563909953,-5.002251175372123,-9.008594194030449,23.46252439252813,3.720666013290447,9.895661555251719
0.00021662525085795747,-0.006280286128644459,0.013361265177887757,9.08910725211252,-8.629461560862143,12.479433620705986,22.263498506533125,2.726563145638002,9.343470097936843
0.010350781917389858,0.0002134528815380017,0.01030645583678752,3.3564673915047436,-7.958012263138688,-10.847336237119354,21.769012432770626,2.888766321530899,9.154672090480926
0.004612723877617603,0.01731784531978092,-0.03022882854076631,3.3489313266557623,-9.441255869776743,14.569234656614253,18.711008054492602,3.2368712661186447,7.808867411777587
-0.015333876380069831,-0.003987809852920639,0.008330937056554563,7.572179159971714,-7.333169751714738,-0.1299027530977952,21.525634099264515,2.813202964157371,9.072905757557562
-0.004903133908725703,-0.009774956966892843,-0.008292618802917075,0.36291983750806445,-7.00907978786894,-12.40096330132834,20.16315942501583,2.931559727392551,8.425768653048314
-0.003623937526249052,0.004976361006041884,0.03446729228895768,-9.57145703234437,8.930495913806617,-1.4273448937053939,23.917063434092427,2.150137879193696,10.080510923320299
-0.008565597255869025,0.014905601427052242,-0.026409857695168473,7.02070853629753,-0.698625040512173,11.088960576052738,18.85643213801225,3.537308309580118,7.839216931379746
0.00847901877284267,-0.01014273373190139,0.016138267627707127,-6.005127875309261,4.665728445119864,-4.404407037722292,21.880709792348224,2.873091699356705,9.299373070956834
0.00868856519420732,-0.01568043247416112,0.008736568623717675,5.035215057483359,3.41014380608258,5.149526576662154,21.16432918193663,3.0146811919197383,8.989008162857807
0.0017148432927370921,0.009367523408356084,0.007824447852655958,1.7153694565241473,3.308556928916449,2.261219548769464,20.925729568026444,2.204607746958948,8.9044962650188
0.014819672571667202,-0.008404786674852916,0.016809493727542098,7.540915296160719,-3.600026850876043,7.656959184653488,21.98479317168491,2.9749610285801653,9.356907747643845
-0.007430105896427359,0.012428242843320277,-0.009039956598864977,8.898839478977052,-4.290204177191718,8.874924016706466,20.477402063810374,3.2075431142968065,8.505911911173396
-0.014386653715397966,0.0009101895914182638,-0.007836881316955854,6.827774671431534,-7.948664246575101,-8.619767952114902,20.07261763481835,3.2873906657914675,8.509879351985965
0.0026624141802556074,0.00599615853002855,0.032668907314686906,-9.399821406360623,6.980778052434395,-9.729759483664314,23.781606065453175,2.618916490557138,9.99593587515293
0.019551710897894658,0.015831956221577525,0.022866440959274086,-5.702219801577484,-3.0121527840207296,-13.01239028123446,22.467309295135546,4.415114855986469,9.566680690930818
-0.0055196502953897535,0.016957507817788712,0.03791593244808538,-9.7457857259461,2.8907082189320636,10.274585421294152,23.80110381004455,3.4386794476645,10.14530829598599
0.011939796077192148,0.01219379634372807,-0.030740636837917102,-0.14386838494363907,-4.507627230249898,0.1417299123471114,17.921351933330435,3.1032878914131223,7.566155115703458
0.015164203287386397,-0.004743449317796586,-0.0017430436733061674,3.4028317047511454,7.372432312599514,9.398372308029465,20.4905066217553,3.2018101985748717,8.665334280285606
0.009408550633705132,0.0027700432074002634,-0.0056209250028546875,8.469754743169851,3.1405648805955,-8.24804104954922,20.472267622748078,2.7494155026867326,8.557335772524477
0.00875703800108886,0.012336809586547582,-0.009554827135308246,4.107684087285023,-0.5169635806386879,-6.89128700260898,19.80066172741457,3.2167672160681615,8.33042063155658
0.010499514240305558,-0.003019885263391347,0.01317349442446817,-1.5654689028716255,3.631695017672321,-5.257996645452614,21.26463479021015,2.376952376156134,9.08754092547187
0.01929496091758937,-0.004210510158023043,-0.026941755291565686,-2.111027139527777,0.4684416264487705,9.261389015731101,18.425123715825933,3.527682316037792,7.700380515013722
-0.01791473205988118,-0.012679641202715836,0.0018844630080231267,-6.386741302644607,6.312092256595093,0.0020611745793193137,21.142843662121173,3.0022848105941455,8.913020575924392
-0.00864636823216757,0.012128268702484613,-0.023470675905368516,1.7246085726787879,-6.343153223475646,-10.885336550668502,18.464123178183804,3.214516627986099,7.8767140235359605
0.0031149822025311052,-0.006420627584825488,0.03700209801449884,-9.66075904269266,-8.074539271643111,-6.667836289931433,23.983176970517732,2.524876734894291,10.180111003921558
0.011254334100072105,0.014385162469658836,0.027920891838703034,-0.8260027348541872,-6.995773637415708,-11.708858869771817,22.977941923536235,3.7310848903675877,9.744502633830255
-0.0137497413942815,0.015405524463920173,-0.01331420212726335,-0.4194586332347754,-9.250100393978457,12.32220968515017,19.816607387216497,3.958817617211296,8.348053165120898
0.016163086071037242,-0.0050672124755635865,0.0025447097316713546,-3.397239484218211,-3.7499157047406246,-10.180298478050762,20.81992271425889,2.9156658443886516,8.809685913095167
0.0020883999547495653,-0.0018559734901172527,-0.02932498477434793,7.702717428394099,-6.559634858840965,-2.2762237153683724,18.269423740408598,1.9349391798981481,7.717401692943033
